game_id,days_to_game,baseline_demand_dynamic
401620178,30,3953.404015568659
401620178,14,3953.404015568659
401620178,7,3953.404015568659
401620178,3,3953.404015568659
401620178,1,3953.404015568659
401620178,0,3953.404015568659
401620219,30,5482.87456246818
401620219,14,5482.87456246818
401620219,7,5482.87456246818
401620219,3,5482.87456246818
401620219,1,5482.87456246818
401620219,0,5482.87456246818
401620220,30,8917.416158161823
401620220,14,8917.416158161823
401620220,7,8917.416158161823
401620220,3,8917.416158161823
401620220,1,8917.416158161823
401620220,0,8917.416158161823
401620221,30,7865.383540472535
401620221,14,7865.383540472535
401620221,7,7865.383540472535
401620221,3,7865.383540472535
401620221,1,7865.383540472535
401620221,0,7865.383540472535
401620222,30,4063.910604089154
401620222,14,4063.910604089154
401620222,7,4063.910604089154
401620222,3,4063.910604089154
401620222,1,4063.910604089154
401620222,0,4063.910604089154
401620223,30,5825.680441257812
401620223,14,5825.680441257812
401620223,7,5825.680441257812
401620223,3,5825.680441257812
401620223,1,5825.680441257812
401620223,0,5825.680441257812
401620224,30,4216.22753086131
401620224,14,4216.22753086131
401620224,7,4216.22753086131
401620224,3,4216.22753086131
401620224,1,4340.474078999402
401620224,0,4340.474078999402
401620225,30,5998.365562562043
401620225,14,5998.365562562043
401620225,7,5998.365562562043
401620225,3,5998.365562562043
401620225,1,7793.040852142883
401620225,0,7793.040852142883
401620226,30,7630.687814766742
401620226,14,7630.687814766742
401620226,7,7630.687814766742
401620226,3,7630.687814766742
401620226,1,7630.687814766742
401620226,0,7630.687814766742
401620227,30,7845.405404427345
401620227,14,7845.405404427345
401620227,7,7845.405404427345
401620227,3,7746.091583730868
401620227,1,7746.091583730868
401620227,0,7746.091583730868
401620228,30,9802.7256218874
401620228,14,9802.7256218874
401620228,7,9802.7256218874
401620228,3,10555.802819648841
401620228,1,10555.802819648841
401620228,0,10555.802819648841
401620229,30,4262.567184682897
401620229,14,4262.567184682897
401620229,7,4262.567184682897
401620229,3,4262.567184682897
401620229,1,5025.780622836172
401620229,0,5025.780622836172
401620230,30,8777.887370181534
401620230,14,8777.887370181534
401620230,7,8777.887370181534
401620230,3,8777.887370181534
401620230,1,8965.547202832944
401620230,0,8965.547202832944
401620231,30,4625.344493181238
401620231,14,4625.344493181238
401620231,7,4625.344493181238
401620231,3,4533.740152269152
401620231,1,4477.458519537415
401620231,0,4477.458519537415
401620232,30,3928.0541069327633
401620232,14,3928.0541069327633
401620232,7,3928.0541069327633
401620232,3,15703.541188504489
401620232,1,15703.541188504489
401620232,0,15703.541188504489
401620233,30,7942.406012736529
401620233,14,7942.406012736529
401620233,7,7942.406012736529
401620233,3,7942.406012736529
401620233,1,20173.637698076047
401620233,0,20459.688418483016
401620234,30,3282.42873614522
401620234,14,3282.42873614522
401620234,7,3282.42873614522
401620234,3,3282.42873614522
401620234,1,3282.42873614522
401620234,0,3282.42873614522
401620235,30,9254.513283617765
401620235,14,9254.513283617765
401620235,7,9254.513283617765
401620235,3,9659.982324681614
401620235,1,9592.815412206342
401620235,0,9592.815412206342
401620236,30,5638.546310371442
401620236,14,5638.546310371442
401620236,7,5638.546310371442
401620236,3,4236.579692455652
401620236,1,4236.579692455652
401620236,0,4236.579692455652
401620237,30,8226.19653446381
401620237,14,8226.19653446381
401620237,7,7771.0569007274225
401620237,3,7456.5894060320725
401620237,1,7456.5894060320725
401620237,0,7456.5894060320725
401620238,30,6055.4822292050385
401620238,14,6055.4822292050385
401620238,7,7657.834768314373
401620238,3,6882.055892900409
401620238,1,6882.055892900409
401620238,0,6882.055892900409
401620239,30,8106.725095194036
401620239,14,8106.725095194036
401620239,7,8152.919146157783
401620239,3,20968.64283298388
401620239,1,13528.02952606584
401620239,0,13528.02952606584
401620240,30,8473.684738434615
401620240,14,8473.684738434615
401620240,7,8473.684738434615
401620240,3,9446.888845106814
401620240,1,9591.564550535748
401620240,0,9591.564550535748
401620241,30,5928.209439596912
401620241,14,5928.209439596912
401620241,7,4406.178851718447
401620241,3,4227.8762035227
401620241,1,4114.394165013722
401620241,0,4114.394165013722
401620242,30,7516.024183187145
401620242,14,7516.024183187145
401620242,7,6824.065918736167
401620242,3,6824.065918736167
401620242,1,6824.065918736167
401620242,0,6824.065918736167
401620243,30,6742.567409071073
401620243,14,6742.567409071073
401620243,7,6742.567409071073
401620243,3,6105.144136278695
401620243,1,6105.144136278695
401620243,0,6105.144136278695
401620244,30,9470.601385811915
401620244,14,9470.601385811915
401620244,7,10069.0666833544
401620244,3,9601.6458041758
401620244,1,9452.392525949823
401620244,0,9361.971191176286
401620245,30,8801.572865897055
401620245,14,8801.572865897055
401620245,7,8405.255932200102
401620245,3,8533.97940415369
401620245,1,14197.661206133278
401620245,0,14197.661206133278
401620246,30,8687.863191284801
401620246,14,8687.863191284801
401620246,7,8687.863191284801
401620246,3,10063.411104150306
401620246,1,8699.106151225616
401620246,0,8699.106151225616
401620247,30,3634.4769981917616
401620247,14,3634.4769981917616
401620247,7,3537.7338656175766
401620247,3,3639.1070342410544
401620247,1,3679.46107406551
401620247,0,3679.46107406551
401620248,30,6228.918445583591
401620248,14,6228.918445583591
401620248,7,4689.040574212369
401620248,3,4806.889927442785
401620248,1,8227.37551378007
401620248,0,8034.274447468795
401620249,30,6190.631761000109
401620249,14,6190.631761000109
401620249,7,7006.474167734364
401620249,3,6594.195323680105
401620249,1,6594.195323680105
401620249,0,6594.195323680105
401620250,30,4538.321416983763
401620250,14,4538.321416983763
401620250,7,17543.716113440085
401620250,3,17543.716113440085
401620250,1,17543.716113440085
401620250,0,17543.716113440085
401620251,30,7107.153786113498
401620251,14,7107.153786113498
401620251,7,7037.2385962236785
401620251,3,7037.2385962236785
401620251,1,8485.21674920494
401620251,0,8485.21674920494
401620252,30,8425.735101633101
401620252,14,8167.443288638443
401620252,7,13554.984107586395
401620252,3,12858.150959026289
401620252,1,12858.150959026289
401620252,0,13015.89636845885
401620253,30,4553.96782858905
401620253,14,4463.7770931556715
401620253,7,4424.568829609293
401620253,3,4424.568829609293
401620253,1,4424.568829609293
401620253,0,4424.568829609293
401620254,30,7689.618339356599
401620254,14,7689.618339356599
401620254,7,7209.81500115595
401620254,3,7135.311390195557
401620254,1,7135.311390195557
401620254,0,7135.311390195557
401620255,30,4786.017014000083
401620255,14,4786.017014000083
401620255,7,18945.276055097995
401620255,3,18945.276055097995
401620255,1,18090.71049902623
401620255,0,18090.71049902623
401620256,30,7444.287791760704
401620256,14,7444.287791760704
401620256,7,7198.290314590835
401620256,3,8679.406376214396
401620256,1,7926.788343629169
401620256,0,7926.788343629169
401620257,30,3788.1387791521756
401620257,14,3788.1387791521756
401620257,7,3896.6872584372595
401620257,3,3896.6872584372595
401620257,1,3932.5005469778994
401620257,0,3932.5005469778994
401620258,30,6444.109258916755
401620258,14,8372.148410534779
401620258,7,7341.969003255614
401620258,3,7068.835174717714
401620258,1,6917.8688727709905
401620258,0,6917.8688727709905
401620259,30,8576.957316575083
401620259,14,8576.957316575083
401620259,7,13586.210532006446
401620259,3,13495.753309790894
401620259,1,12192.038411038213
401620259,0,12192.038411038213
401620260,30,8030.5456538702
401620260,14,7784.368415771121
401620260,7,7300.190548977101
401620260,3,7224.753029913097
401620260,1,7389.003639625506
401620260,0,7389.003639625506
401620261,30,4388.808525209755
401620261,14,17645.51994428857
401620261,7,17329.13301495484
401620261,3,16581.47890288546
401620261,1,15803.639289239323
401620261,0,15803.639289239323
401620262,30,3382.8389088373206
401620262,14,3382.8389088373206
401620262,7,3274.8435163270487
401620262,3,3274.8435163270487
401620262,1,3361.881858146715
401620262,0,3361.881858146715
401620263,30,8064.0711519905835
401620263,14,19648.93046057268
401620263,7,11848.875819403527
401620263,3,10704.252352700125
401620263,1,10219.434413244111
401620263,0,10219.434413244111
401620264,30,7458.140064938114
401620264,14,6992.780102713407
401620264,7,7008.36391237475
401620264,3,6982.699749097171
401620264,1,6945.644245600305
401620264,0,6945.644245600305
401620265,30,9084.190609958068
401620265,14,9811.424423774684
401620265,7,8327.409777090668
401620265,3,8107.142957675964
401620265,1,8240.758830492692
401620265,0,8240.758830492692
401620266,30,5819.615988917345
401620266,14,6781.994574638675
401620266,7,6391.669746381244
401620266,3,6287.89130676899
401620266,1,6287.89130676899
401620266,0,6287.89130676899
401620267,30,6514.744926684102
401620267,14,6308.60193225764
401620267,7,7695.639801192559
401620267,3,7092.89504579569
401620267,1,7092.89504579569
401620267,0,7092.89504579569
401620268,30,8453.55828444906
401620268,14,7840.281362752149
401620268,7,11192.904252763161
401620268,3,11372.109841105837
401620268,1,11372.109841105837
401620268,0,11372.109841105837
401620269,30,4338.972803538054
401620269,14,5086.880425218578
401620269,7,5086.880425218578
401620269,3,5215.839825545157
401620269,1,5215.839825545157
401620269,0,5215.839825545157
401620270,30,5779.7489611566025
401620270,14,4186.500256166191
401620270,7,7628.129459488509
401620270,3,7628.129459488509
401620270,1,7628.129459488509
401620270,0,7628.129459488509
401620271,30,4346.6776588889525
401620271,14,4284.870147930315
401620271,7,4208.041756759205
401620271,3,4119.461232904828
401620271,1,4119.461232904828
401620271,0,4119.461232904828
401620272,30,3452.374657830786
401620272,14,3438.9297061344223
401620272,7,3479.158717681749
401620272,3,3548.2822824171753
401620272,1,3558.408693970626
401620272,0,3558.408693970626
401620273,30,4334.0050572203445
401620273,14,3962.0996969343178
401620273,7,3965.736340315919
401620273,3,3956.6371748906995
401620273,1,3956.6371748906995
401620273,0,4606.7985075916
401620274,30,10184.25271005585
401620274,14,10791.367336599724
401620274,7,10622.60370262667
401620274,3,10622.60370262667
401620274,1,10622.60370262667
401620274,0,10622.60370262667
401620275,30,6047.778506263203
401620275,14,4667.103260241494
401620275,7,7995.603643273733
401620275,3,7995.114627578034
401620275,1,7808.53769070818
401620275,0,7808.53769070818
401620276,30,8685.886018893001
401620276,14,8253.834953053494
401620276,7,8207.544542463938
401620276,3,8541.173356910265
401620276,1,8498.721012378877
401620276,0,8498.721012378877
401620277,30,6288.319199770275
401620277,14,6690.018488793585
401620277,7,6698.057068146342
401620277,3,6455.833904272643
401620277,1,6527.975657130023
401620277,0,6527.975657130023
401620278,30,7376.371940480512
401620278,14,7311.580458060406
401620278,7,8198.072983101662
401620278,3,8204.383311299825
401620278,1,8204.383311299825
401620278,0,8204.383311299825
401620279,30,8556.776234133065
401620279,14,13463.998586045742
401620279,7,11543.669554220545
401620279,3,12578.01659806153
401620279,1,12578.01659806153
401620279,0,12578.01659806153
401620280,30,4668.465570969307
401620280,14,5306.504853906996
401620280,7,5391.465405959687
401620280,3,5393.778666816511
401620280,1,5393.778666816511
401620280,0,5393.778666816511
401620281,30,8199.166563730136
401620281,14,7533.285346885601
401620281,7,7451.872378330082
401620281,3,7429.778148291291
401620281,1,7413.935770453682
401620281,0,7413.935770453682
401620282,30,6475.533012338704
401620282,14,8247.675706224709
401620282,7,8791.757281762439
401620282,3,8572.15937589112
401620282,1,8906.830483307614
401620282,0,8906.830483307614
401620283,30,5829.103817162085
401620283,14,5978.341279670242
401620283,7,5902.740300813154
401620283,3,5673.087958898899
401620283,1,5818.188753817161
401620283,0,5818.188753817161
401620284,30,3440.0175455739154
401620284,14,3537.4743197011935
401620284,7,3586.38849803592
401620284,3,3582.8035865920338
401620284,1,3561.109139168722
401620284,0,3561.109139168722
401620285,30,9365.954833348445
401620285,14,10000.51842902511
401620285,7,10000.51842902511
401620285,3,9905.696315677496
401620285,1,9905.696315677496
401620285,0,9905.696315677496
401620286,30,8989.600098282666
401620286,14,11870.800583056302
401620286,7,11780.216119755765
401620286,3,10672.136759742314
401620286,1,10672.136759742314
401620286,0,10672.136759742314
401620287,30,6719.9250032380405
401620287,14,7153.4245371254
401620287,7,7253.9305354244625
401620287,3,7337.983191829873
401620287,1,7337.983191829873
401620287,0,7337.983191829873
401620288,30,4760.86322133489
401620288,14,18213.01207546728
401620288,7,17681.51878436218
401620288,3,17569.94825003813
401620288,1,17569.94825003813
401620288,0,17569.94825003813
401620289,30,4705.383511828901
401620289,14,5450.978247283126
401620289,7,5371.215938603866
401620289,3,5283.490491820786
401620289,1,5283.490491820786
401620289,0,5283.490491820786
401620290,30,9161.464747173235
401620290,14,8765.07525007167
401620290,7,9251.857713745407
401620290,3,9077.067310317638
401620290,1,9077.067310317638
401620290,0,9077.067310317638
401620291,30,4543.528857923315
401620291,14,4487.488571853806
401620291,7,5119.266275169278
401620291,3,6966.609597968743
401620291,1,6966.609597968743
401620291,0,6966.609597968743
401620292,30,8250.279883414645
401620292,14,7402.817757104814
401620292,7,7367.85866062669
401620292,3,7363.87392780935
401620292,1,7403.997691645066
401620292,0,7403.997691645066
401620293,30,5191.763057682915
401620293,14,4886.01087259246
401620293,7,5039.067799266277
401620293,3,4949.593554928345
401620293,1,4920.104220398518
401620293,0,4920.104220398518
401620294,30,11197.799244563643
401620294,14,10601.09205830473
401620294,7,10752.517045196248
401620294,3,10745.495839365374
401620294,1,10745.495839365374
401620294,0,10745.495839365374
401620295,30,9840.071798705381
401620295,14,9082.988127170487
401620295,7,9428.931273370197
401620295,3,9462.774235323795
401620295,1,9498.679332208161
401620295,0,9498.679332208161
401620296,30,19438.28764769682
401620296,14,17359.81041866084
401620296,7,17374.646300562996
401620296,3,17374.646300562996
401620296,1,17538.1997334252
401620296,0,17538.1997334252
401620297,30,3984.1302252799437
401620297,14,4025.8590245076457
401620297,7,3994.1709628224285
401620297,3,4006.924154148719
401620297,1,4021.834497279339
401620297,0,4021.834497279339
401620298,30,6948.257775855226
401620298,14,6885.747672908395
401620298,7,6859.790553897941
401620298,3,6859.790553897941
401620298,1,6971.457094741805
401620298,0,6971.457094741805
401620299,30,7451.875275248635
401620299,14,6886.209204447625
401620299,7,7032.3953206605875
401620299,3,7097.024090378856
401620299,1,7148.354320308152
401620299,0,7148.354320308152
401620300,30,9462.860083167272
401620300,14,8455.815980215966
401620300,7,8568.25872213016
401620300,3,8572.942390709717
401620300,1,8624.008840629855
401620300,0,8624.008840629855
401620301,30,18429.36519868293
401620301,14,17098.82953915371
401620301,7,17079.667862879884
401620301,3,17062.174979868953
401620301,1,17209.64960036045
401620301,0,17209.64960036045
401620302,30,7519.873498606797
401620302,14,7530.87433880482
401620302,7,7479.307261502082
401620302,3,7461.80564210131
401620302,1,7570.976659349885
401620302,0,7570.976659349885
401620303,30,11229.832810973869
401620303,14,10936.319269239722
401620303,7,10952.050307176101
401620303,3,11000.193646791
401620303,1,10990.339787786219
401620303,0,10990.339787786219
401620304,30,7371.239502509002
401620304,14,8184.940321056374
401620304,7,8152.546816169018
401620304,3,8152.546816169018
401620304,1,8145.996274745231
401620304,0,8145.996274745231
401620305,30,14742.394714672013
401620305,14,13000.893314598596
401620305,7,13193.395812048733
401620305,3,13338.268525463222
401620305,1,13360.915928761031
401620305,0,13360.915928761031
401620306,30,3649.4001174024293
401620306,14,3643.865835228979
401620306,7,3636.1450406176727
401620306,3,3630.297923789913
401620306,1,3630.297923789913
401620306,0,3630.297923789913
401620307,30,9731.6183447858
401620307,14,10442.340798086894
401620307,7,10492.19356606458
401620307,3,10570.662972348377
401620307,1,10571.050300917395
401620307,0,10571.050300917395
401620308,30,4863.077276595818
401620308,14,7394.373006719407
401620308,7,6936.695932144598
401620308,3,6931.1223224404985
401620308,1,6918.159897688098
401620308,0,6918.159897688098
401620309,30,15153.321495397846
401620309,14,13363.277807737382
401620309,7,13611.609066132976
401620309,3,13733.33562558888
401620309,1,13410.40659477928
401620309,0,13410.40659477928
401620310,30,7651.359571244671
401620310,14,7719.638842367585
401620310,7,7867.764795543288
401620310,3,7982.875256388809
401620310,1,8078.324579576217
401620310,0,8078.324579576217
401620311,30,3912.01908106303
401620311,14,4074.520391017416
401620311,7,4044.4459170529694
401620311,3,4033.5876595328104
401620311,1,4940.083752492402
401620311,0,4940.083752492402
401620312,30,4985.546577582651
401620312,14,7580.589190806617
401620312,7,7111.386206152054
401620312,3,7105.672233454398
401620312,1,7092.383369493195
401620312,0,6800.611916856028
401620313,30,7119.842581878789
401620313,14,7943.761699146577
401620313,7,7902.822307084865
401620313,3,7902.822307084865
401620313,1,7985.460943764029
401620313,0,7985.460943764029
401620314,30,13681.453608210708
401620314,14,11319.732630656616
401620314,7,10802.778841977195
401620314,3,10802.778841977195
401620314,1,10751.454737939772
401620314,0,10751.454737939772
401677672,30,13371.888621087506
401677672,14,12680.735235391196
401677672,7,12611.636539575116
401677672,3,12341.474669526928
401677672,1,12689.751368200703
401677672,0,12689.751368200703
401620315,30,5550.425062237309
401620315,14,5369.568580201642
401620315,7,5306.995871643519
401620315,3,5306.995871643519
401620315,1,5312.655083877102
401620315,0,5312.655083877102
401620316,30,4262.162122690091
401620316,14,6998.188652172668
401620316,7,6606.560169247636
401620316,3,6062.841016743406
401620316,1,6062.841016743406
401620316,0,6062.841016743406
401620317,30,9475.728781857646
401620317,14,8774.271592873174
401620317,7,8750.790148764387
401620317,3,9079.039105556067
401620317,1,9079.039105556067
401620317,0,9079.039105556067
401620318,30,11937.362028586473
401620318,14,10184.76152092728
401620318,7,10184.76152092728
401620318,3,10191.201672062412
401620318,1,10191.201672062412
401620318,0,10191.201672062412
401620319,30,7740.278082131651
401620319,14,7866.971204996076
401620319,7,7955.606613517642
401620319,3,7955.606613517642
401620319,1,7955.606613517642
401620319,0,7955.606613517642
401620320,30,9106.928011714395
401620320,14,9715.055170578098
401620320,7,10051.867222245764
401620320,3,10018.277220846034
401620320,1,10018.277220846034
401620320,0,10018.277220846034
401620321,30,5068.9445905995435
401620321,14,7480.333214033799
401620321,7,7480.333214033799
401620321,3,6906.1351492360645
401620321,1,6582.169291748637
401620321,0,6582.169291748637
401620322,30,13415.396652963238
401620322,14,11432.92829104078
401620322,7,11402.37755697164
401620322,3,11455.536728095825
401620322,1,12661.189293905221
401620322,0,12661.189293905221
401620323,30,14093.772065982324
401620323,14,14389.466528304984
401620323,7,14508.423085936984
401620323,3,13688.625619158465
401620323,1,13711.79387928935
401620323,0,13711.79387928935
401620324,30,8865.395020804555
401620324,14,8731.90815368904
401620324,7,8851.974802021272
401620324,3,9069.109541299118
401620324,1,9155.404430623383
401620324,0,9155.404430623383
401620325,30,8661.494043445835
401620325,14,8995.96099224618
401620325,7,9180.912688655686
401620325,3,9233.851634044808
401620325,1,9816.562112048097
401620325,0,9816.562112048097
401620326,30,7349.6942299524035
401620326,14,8066.702307545234
401620326,7,8119.194114167718
401620326,3,8174.046372207145
401620326,1,8717.093099183341
401620326,0,9553.109334872506
401620327,30,11748.092953289906
401620327,14,10019.590653723459
401620327,7,10039.404237684266
401620327,3,11096.014134335852
401620327,1,10796.639190227643
401620327,0,10796.639190227643
401620328,30,11232.074119126331
401620328,14,12127.741534505829
401620328,7,12202.859180705873
401620328,3,11553.315509200498
401620328,1,11035.106663865723
401620328,0,11035.106663865723
401620329,30,3649.6519016104617
401620329,14,3604.030398980471
401620329,7,4333.853627585425
401620329,3,4333.853627585425
401620329,1,4333.853627585425
401620329,0,4333.853627585425
401620330,30,9513.848096778958
401620330,14,9503.982670140202
401620330,7,9528.189545215771
401620330,3,9498.440958419797
401620330,1,9474.756495943213
401620330,0,9474.756495943213
401620331,30,8014.461204782356
401620331,14,8959.974853848675
401620331,7,8873.11949272604
401620331,3,8873.11949272604
401620331,1,8873.11949272604
401620331,0,8873.11949272604
401620332,30,5389.273896781854
401620332,14,5251.965572715408
401620332,7,5250.807259585261
401620332,3,5268.7563879594545
401620332,1,5268.7563879594545
401620332,0,5268.7563879594545
401620333,30,6901.082117192529
401620333,14,7277.404187764375
401620333,7,7359.6999825338125
401620333,3,7409.42119339023
401620333,1,7410.9386716355275
401620333,0,7410.9386716355275
401620334,30,10832.97113791856
401620334,14,10762.283240704151
401620334,7,10762.40817379327
401620334,3,10762.40817379327
401620334,1,12149.531979308282
401620334,0,12149.531979308282
401620335,30,5784.7969453708
401620335,14,5489.4828550372995
401620335,7,5508.247861559512
401620335,3,5509.184750752175
401620335,1,5513.587924323881
401620335,0,5513.587924323881
401620336,30,9172.355099015045
401620336,14,10000.013134965011
401620336,7,9989.124312916125
401620336,3,10052.220299132092
401620336,1,9634.092935906234
401620336,0,9634.092935906234
401620337,30,11406.412984534316
401620337,14,10786.885837852278
401620337,7,11899.970258308791
401620337,3,11127.112674602879
401620337,1,11209.34953495869
401620337,0,11209.34953495869
401620338,30,17725.712678594693
401620338,14,18136.43059710966
401620338,7,18229.069370082165
401620338,3,18229.069370082165
401620338,1,18229.069370082165
401620338,0,18229.069370082165
401620339,30,7583.171532432052
401620339,14,7823.140848226349
401620339,7,7959.359250137127
401620339,3,7950.969786266923
401620339,1,7956.173489878837
401620339,0,7956.173489878837
401620340,30,7554.388828061781
401620340,14,7918.502662148039
401620340,7,7883.647247407941
401620340,3,7871.6652209059475
401620340,1,7892.378654922221
401620340,0,7892.378654922221
401620341,30,11439.52909706061
401620341,14,11426.961766727918
401620341,7,11436.723235916928
401620341,3,12923.188988337011
401620341,1,12843.749894053253
401620341,0,12843.749894053253
401620342,30,11761.617397488408
401620342,14,11113.300155628809
401620342,7,11953.541432635271
401620342,3,11548.547727669005
401620342,1,11615.412089048063
401620342,0,11615.412089048063
401620343,30,8834.840143656324
401620343,14,10124.844108852205
401620343,7,10124.844108852205
401620343,3,9720.506959510745
401620343,1,10236.61999210831
401620343,0,10236.61999210831
401620344,30,8360.553997007157
401620344,14,9141.930941239714
401620344,7,9157.568598627087
401620344,3,9214.288175572972
401620344,1,9442.554506462384
401620344,0,9442.554506462384
401620345,30,7100.623287334782
401620345,14,7364.40062355658
401620345,7,7319.595682257565
401620345,3,7273.808776622779
401620345,1,7314.283614896129
401620345,0,7314.283614896129
401620346,30,17561.39819752491
401620346,14,17803.081555666213
401620346,7,17784.31643842553
401620346,3,17998.04215961681
401620346,1,17998.04215961681
401620346,0,17998.04215961681
401620347,30,8689.826992434068
401620347,14,8760.869767239188
401620347,7,8862.844121060903
401620347,3,8886.165734943892
401620347,1,8874.117588521425
401620347,0,8874.117588521425
401620348,30,12036.228322343366
401620348,14,11308.501351597632
401620348,7,11747.95167090144
401620348,3,11778.298066070973
401620348,1,11941.20353124511
401620348,0,11941.20353124511
401620349,30,9071.039553334424
401620349,14,9328.528738951158
401620349,7,10669.166678680062
401620349,3,10669.166678680062
401620349,1,10646.88386055236
401620349,0,10646.88386055236
401620350,30,13148.892693013073
401620350,14,12496.79862491586
401620350,7,11944.435694575237
401620350,3,11892.382527038311
401620350,1,11892.382527038311
401620350,0,11892.382527038311
401620351,30,4285.121458561199
401620351,14,5125.226258338838
401620351,7,5082.7144428548545
401620351,3,5051.297032246736
401620351,1,5025.724776916299
401620351,0,5025.724776916299
401620352,30,18973.73988430268
401620352,14,19322.92845541423
401620352,7,19356.404206444397
401620352,3,19555.564209604712
401620352,1,19634.261952342094
401620352,0,19634.261952342094
401620353,30,11249.438757174596
401620353,14,12453.345846119917
401620353,7,11588.430320875425
401620353,3,11852.319958902614
401620353,1,11564.179033656112
401620353,0,11564.179033656112
401620354,30,8684.36822482025
401620354,14,9063.653138487716
401620354,7,9103.008413891615
401620354,3,9046.065570962486
401620354,1,9105.361406312844
401620354,0,9105.361406312844
401620355,30,5769.546344378549
401620355,14,5745.5611472830815
401620355,7,5747.418235013395
401620355,3,5747.418235013395
401620355,1,5747.418235013395
401620355,0,5747.418235013395
401620356,30,8131.261004242166
401620356,14,8154.243615948427
401620356,7,8168.370327112144
401620356,3,8294.643927601042
401620356,1,8242.574463340507
401620356,0,8242.574463340507
401620357,30,8196.125537330005
401620357,14,6298.387481583053
401620357,7,6259.4557202372835
401620357,3,6227.767146216468
401620357,1,6255.480690323235
401620357,0,6255.480690323235
401620358,30,12051.332737716302
401620358,14,13011.186631358407
401620358,7,12602.122169989252
401620358,3,12465.729692388604
401620358,1,12253.55153173146
401620358,0,12253.55153173146
401620359,30,7369.206028443474
401620359,14,7818.546570249669
401620359,7,7795.012015062087
401620359,3,7795.012015062087
401620359,1,7795.012015062087
401620359,0,7795.012015062087
401620360,30,7098.614546157394
401620360,14,5783.434803711981
401620360,7,5777.954661605014
401620360,3,5741.683664757238
401620360,1,5671.570440621486
401620360,0,5671.570440621486
401620361,30,9994.058679402726
401620361,14,9953.154197147622
401620361,7,10294.49250602191
401620361,3,10340.20407069709
401620361,1,10340.20407069709
401620361,0,10340.20407069709
401620362,30,12609.686240612375
401620362,14,11464.586721242802
401620362,7,11384.382226388361
401620362,3,12164.634696726389
401620362,1,12164.634696726389
401620362,0,12164.634696726389
401620363,30,11022.34900724204
401620363,14,10921.174173087156
401620363,7,12239.492337615173
401620363,3,12187.92661731237
401620363,1,12187.92661731237
401620363,0,12187.92661731237
401620364,30,8057.68680937908
401620364,14,8436.16343912013
401620364,7,8452.944448846849
401620364,3,8448.922853162469
401620364,1,9515.219975350854
401620364,0,9515.219975350854
401620365,30,5071.002330360511
401620365,14,5066.189013379065
401620365,7,5067.826513566604
401620365,3,5090.548228557064
401620365,1,5079.775817566634
401620365,0,5079.775817566634
401620366,30,8843.68973373903
401620366,14,8827.423881057804
401620366,7,8827.423881057804
401620366,3,8827.423881057804
401620366,1,8827.423881057804
401620366,0,8827.423881057804
401620367,30,8706.673267874086
401620367,14,9350.726018568208
401620367,7,9350.726018568208
401620367,3,9350.726018568208
401620367,1,9350.726018568208
401620367,0,9350.726018568208
401620368,30,9685.859819809013
401620368,14,10648.603707076527
401620368,7,10648.603707076527
401620368,3,10648.603707076527
401620368,1,10648.603707076527
401620368,0,10648.603707076527
401620369,30,4787.51083481837
401620369,14,4787.51083481837
401620369,7,4787.51083481837
401620369,3,4787.51083481837
401620369,1,4787.51083481837
401620369,0,4787.51083481837
401620370,30,19012.051514857587
401620370,14,19012.051514857587
401620370,7,19012.051514857587
401620370,3,19012.051514857587
401620370,1,19012.051514857587
401620370,0,19031.610176744605
401620371,30,5155.157723134798
401620371,14,5166.84872898003
401620371,7,5166.84872898003
401620371,3,5166.84872898003
401620371,1,5166.84872898003
401620371,0,5166.84872898003
401620372,30,5998.584049153574
401620372,14,5998.584049153574
401620372,7,5998.584049153574
401620372,3,5998.584049153574
401620372,1,5998.584049153574
401620372,0,5998.584049153574
401620373,30,12392.924750979299
401620373,14,12392.924750979299
401620373,7,12392.924750979299
401620373,3,12392.924750979299
401620373,1,12375.212065566706
401620373,0,12375.212065566706
401620374,30,10864.432815603072
401620374,14,10864.432815603072
401620374,7,10864.432815603072
401620374,3,10864.432815603072
401620374,1,10769.81676120891
401620374,0,10769.81676120891
401620375,30,4575.228827897052
401620375,14,4575.228827897052
401620375,7,4575.228827897052
401620375,3,4575.228827897052
401620375,1,4546.567507263413
401620375,0,4546.567507263413
401620376,30,13205.882888982385
401620376,14,13205.882888982385
401620376,7,13205.882888982385
401620376,3,13205.882888982385
401620376,1,13205.882888982385
401620376,0,13158.99339295404
401620377,30,19807.470022115194
401620377,14,19807.470022115194
401620377,7,19807.470022115194
401620377,3,19807.470022115194
401620377,1,19940.841268975615
401620377,0,19940.841268975615
401620378,30,11235.912769745957
401620378,14,11235.912769745957
401620378,7,11235.912769745957
401620378,3,11235.912769745957
401620378,1,11235.912769745957
401620378,0,11218.448504662905
401620379,30,7710.799146556794
401620379,14,7710.799146556794
401620379,7,7710.799146556794
401620379,3,7710.799146556794
401620379,1,7712.055254727138
401620379,0,7712.055254727138
401620380,30,12585.794522734019
401620380,14,12585.794522734019
401620380,7,12585.794522734019
401620380,3,12585.794522734019
401620380,1,12585.794522734019
401620380,0,12585.794522734019
401620381,30,6032.333244619192
401620381,14,6032.333244619192
401620381,7,6032.333244619192
401620381,3,6060.209686419992
401620381,1,5959.177428464137
401620381,0,5959.177428464137
401620382,30,4718.420886548661
401620382,14,4718.420886548661
401620382,7,4718.420886548661
401620382,3,4667.549810801824
401620382,1,4406.777748972011
401620382,0,4406.777748972011
401620383,30,12141.887478188564
401620383,14,12141.887478188564
401620383,7,12141.887478188564
401620383,3,12130.496047448813
401620383,1,11667.77574655278
401620383,0,11667.77574655278
401620384,30,13197.04484106287
401620384,14,13197.04484106287
401620384,7,13197.04484106287
401620384,3,13197.04484106287
401620384,1,13384.584221331044
401620384,0,13384.584221331044
401620385,30,4924.684519276744
401620385,14,4924.684519276744
401620385,7,4929.750792074158
401620385,3,4599.41804304147
401620385,1,4577.7556928742915
401620385,0,4577.7556928742915
401620386,30,7842.436043426038
401620386,14,7842.436043426038
401620386,7,7842.436043426038
401620386,3,7817.944217197501
401620386,1,8816.42757333065
401620386,0,8816.42757333065
401620387,30,6472.479912093922
401620387,14,6472.479912093922
401620387,7,6472.479912093922
401620387,3,6389.747027684721
401620387,1,6213.318853018456
401620387,0,6213.318853018456
401620388,30,10526.188227642768
401620388,14,10526.188227642768
401620388,7,10393.046821678967
401620388,3,10393.046821678967
401620388,1,10393.046821678967
401620388,0,10393.046821678967
401620389,30,12939.435138563316
401620389,14,12939.435138563316
401620389,7,12957.905094257474
401620389,3,13205.399011201313
401620389,1,12970.640069998222
401620389,0,12970.640069998222
401620390,30,9348.976846898287
401620390,14,9348.976846898287
401620390,7,9230.725501320952
401620390,3,9230.725501320952
401620390,1,9230.725501320952
401620390,0,9332.349354373126
401620391,30,9960.018255572866
401620391,14,9960.018255572866
401620391,7,9968.721111904324
401620391,3,9968.721111904324
401620391,1,9971.140034817474
401620391,0,9971.140034817474
401620392,30,5999.9485897214145
401620392,14,5999.9485897214145
401620392,7,6002.466270861396
401620392,3,5973.369293200183
401620392,1,5985.708058429114
401620392,0,5985.708058429114
401620393,30,4218.949496547613
401620393,14,4218.949496547613
401620393,7,3952.645451206569
401620393,3,3930.4905421861754
401620393,1,3902.495062920514
401620393,0,3902.495062920514
401620394,30,10837.903254016806
401620394,14,10837.903254016806
401620394,7,11356.446885835583
401620394,3,11356.446885835583
401620394,1,11356.446885835583
401620394,0,11356.446885835583
401620395,30,11025.423814422333
401620395,14,11025.423814422333
401620395,7,11014.052301951195
401620395,3,11014.052301951195
401620395,1,11014.052301951195
401620395,0,11014.052301951195
401620396,30,5733.762531989744
401620396,14,5733.762531989744
401620396,7,5736.168516903123
401620396,3,5737.560405521881
401620396,1,5714.180411956939
401620396,0,5714.180411956939
401620397,30,18275.27900901849
401620397,14,18275.27900901849
401620397,7,18495.75942380161
401620397,3,18449.204522530883
401620397,1,18449.204522530883
401620397,0,18449.204522530883
401620398,30,9043.197624534248
401620398,14,9043.197624534248
401620398,7,9041.764168222884
401620398,3,9041.764168222884
401620398,1,9065.50923457713
401620398,0,9065.50923457713
401620399,30,11239.176019474222
401620399,14,11239.176019474222
401620399,7,11690.51281116964
401620399,3,11690.51281116964
401620399,1,11661.194541958814
401620399,0,11661.194541958814
401620400,30,11252.946630786624
401620400,14,11252.946630786624
401620400,7,11829.296847239357
401620400,3,11809.374256967383
401620400,1,11619.7462736854
401620400,0,11619.7462736854
401620401,30,11951.095056190466
401620401,14,11951.095056190466
401620401,7,11951.095056190466
401620401,3,11951.095056190466
401620401,1,11873.026865520696
401620401,0,11873.026865520696
401620402,30,8825.940603214489
401620402,14,8833.652526133585
401620402,7,8833.652526133585
401620402,3,8828.52305606493
401620402,1,8819.669839796528
401620402,0,8819.669839796528
401620403,30,5771.054655597147
401620403,14,5771.054655597147
401620403,7,5778.863976774694
401620403,3,5766.659029594899
401620403,1,5779.427091368724
401620403,0,5779.427091368724
401620404,30,13723.705035072655
401620404,14,13723.705035072655
401620404,7,13123.674343346012
401620404,3,13123.674343346012
401620404,1,13132.66832008373
401620404,0,13132.66832008373
401620405,30,12128.020869931779
401620405,14,12110.686800479813
401620405,7,12120.808736855955
401620405,3,12011.433094978293
401620405,1,11835.58334562687
401620405,0,11835.58334562687
401620406,30,6273.342211518038
401620406,14,6282.296880053429
401620406,7,5831.774048645086
401620406,3,5817.095134476334
401620406,1,5795.609374966702
401620406,0,5795.609374966702
401620407,30,8208.383122857516
401620407,14,8246.315462654413
401620407,7,9395.60950669987
401620407,3,9395.60950669987
401620407,1,9395.60950669987
401620407,0,9395.60950669987
401620408,30,9833.505804303046
401620408,14,9694.034710795815
401620408,7,10851.086499443107
401620408,3,10851.086499443107
401620408,1,10851.086499443107
401620408,0,10851.086499443107
401620409,30,5176.205910082314
401620409,14,5178.3779346924675
401620409,7,5166.503406270301
401620409,3,5168.45803738494
401620409,1,5149.956361443271
401620409,0,5149.956361443271
401620410,30,11678.836190023929
401620410,14,12155.05682908247
401620410,7,12155.05682908247
401620410,3,12114.450111488046
401620410,1,12111.502391923623
401620410,0,12111.502391923623
401620411,30,12030.547492230473
401620411,14,12030.547492230473
401620411,7,12616.715287154508
401620411,3,12007.412603378854
401620411,1,12007.412603378854
401620411,0,12007.412603378854
401620412,30,7727.55066900971
401620412,14,7733.937193319848
401620412,7,8845.231447235014
401620412,3,8845.231447235014
401620412,1,8967.486155097118
401620412,0,8967.486155097118
401620413,30,5235.436102640854
401620413,14,5232.230938686667
401620413,7,5219.875721956616
401620413,3,5214.384345260838
401620413,1,5221.95518863216
401620413,0,5221.95518863216
401620414,30,11848.334014035487
401620414,14,11320.447906172645
401620414,7,11306.920365490485
401620414,3,11280.391954124512
401620414,1,11273.975455690914
401620414,0,11273.975455690914
401620415,30,11091.32682203296
401620415,14,11628.910930412665
401620415,7,11442.180721045374
401620415,3,11095.320879599498
401620415,1,11572.570922728388
401620415,0,11572.570922728388
401620416,30,19264.662811832965
401620416,14,19295.24087633216
401620416,7,19347.011735889213
401620416,3,19465.567336533495
401620416,1,19465.567336533495
401620416,0,19465.567336533495
401620417,30,13638.416209443008
401620417,14,13892.523570295174
401620417,7,13819.708250549022
401620417,3,13818.260904253875
401620417,1,13795.723751254875
401620417,0,13795.723751254875
401620418,30,11224.216775587889
401620418,14,11756.10426254875
401620418,7,11206.760125850027
401620418,3,11698.342816688213
401620418,1,11371.353880607721
401620418,0,11371.353880607721
401620419,30,4866.685206338973
401620419,14,4524.449843337904
401620419,7,5153.743946849423
401620419,3,5153.743946849423
401620419,1,5153.743946849423
401620419,0,5153.743946849423
401620420,30,8436.112004978972
401620420,14,9513.545815381103
401620420,7,9603.271595654922
401620420,3,9722.02179202426
401620420,1,9603.289244905514
401620420,0,9603.289244905514
401620421,30,19199.203872341222
401620421,14,19341.380184146416
401620421,7,19431.92700624743
401620421,3,19444.31282256484
401620421,1,19347.785180255065
401620421,0,19347.785180255065
401620422,30,9570.833363696061
401620422,14,9532.760969235222
401620422,7,9576.222714776693
401620422,3,9649.740208633442
401620422,1,9633.61731453259
401620422,0,9633.61731453259
401620423,30,12182.141758488182
401620423,14,12185.196786890972
401620423,7,12262.0993602586
401620423,3,12262.0993602586
401620423,1,12262.0993602586
401620423,0,12262.0993602586
401620424,30,6413.7114413071195
401620424,14,5934.81541839385
401620424,7,5880.058144134899
401620424,3,5880.058144134899
401620424,1,5858.830656225609
401620424,0,5858.830656225609
401620425,30,20592.634398863556
401620425,14,20725.78863983383
401620425,7,20862.006678243146
401620425,3,20749.943607068475
401620425,1,20803.952868730034
401620425,0,20803.952868730034
401620426,30,14629.022983102099
401620426,14,14772.895927442187
401620426,7,14742.114892439195
401620426,3,14719.40213229416
401620426,1,14304.420881190354
401620426,0,14304.420881190354
401620427,30,9562.070467528058
401620427,14,9550.395245205376
401620427,7,9641.72127804978
401620427,3,9641.72127804978
401620427,1,9671.037469938814
401620427,0,9671.037469938814
401620428,30,11278.370648489905
401620428,14,11773.843617904482
401620428,7,11693.776548927164
401620428,3,11777.557703541454
401620428,1,11777.557703541454
401620428,0,11777.557703541454
401620429,30,4647.820084748608
401620429,14,4936.894908193293
401620429,7,4932.9401834110795
401620429,3,4879.430581442941
401620429,1,4891.636108011218
401620429,0,4891.636108011218
401620430,30,5461.151981491737
401620430,14,5434.9981969756855
401620430,7,5423.680730426412
401620430,3,5371.625322597721
401620430,1,5371.625322597721
401620430,0,5371.625322597721
401620431,30,10617.703796912592
401620431,14,11084.15284284148
401620431,7,11087.64936396133
401620431,3,11087.64936396133
401620431,1,10676.465118102491
401620431,0,10676.465118102491
401620432,30,20294.758647553528
401620432,14,20388.372952923237
401620432,7,20481.705582425577
401620432,3,20450.68432939611
401620432,1,20418.318511471924
401620432,0,20418.318511471924
401620433,30,9130.2118165201
401620433,14,9152.738110218059
401620433,7,9228.88594462101
401620433,3,9220.807502352896
401620433,1,9184.629711058195
401620433,0,9184.629711058195
401620434,30,11762.057111121889
401620434,14,12286.571111019233
401620434,7,12303.422685833584
401620434,3,12313.6739189242
401620434,1,11856.967423497617
401620434,0,11585.225611153408
401620435,30,5739.6773203773555
401620435,14,5731.021667106511
401620435,7,5645.584693883048
401620435,3,5645.584693883048
401620435,1,5608.4976923698
401620435,0,5608.4976923698
401620436,30,5008.3886933757
401620436,14,5307.097002008413
401620436,7,5307.595859855703
401620436,3,5269.043892671096
401620436,1,5086.6200252808785
401620436,0,5086.6200252808785
401620437,30,21231.114224344758
401620437,14,21459.748909263282
401620437,7,21320.317715729972
401620437,3,21360.374868925628
401620437,1,21320.994435506855
401620437,0,21320.994435506855
401620438,30,6071.063085912011
401620438,14,6105.257875168234
401620438,7,6022.744161198921
401620438,3,6022.744161198921
401620438,1,5963.28609014859
401620438,0,5927.429185307025
401620439,30,10327.728962414387
401620439,14,11396.452348146544
401620439,7,10907.435771156397
401620439,3,10907.435771156397
401620439,1,10907.435771156397
401620439,0,10907.435771156397
401620440,30,11487.375084242572
401620440,14,11478.700776177106
401620440,7,11199.783944282291
401620440,3,11199.836146209622
401620440,1,11218.336200805363
401620440,0,11218.336200805363
401620441,30,20896.1867698982
401620441,14,21115.893442568886
401620441,7,21111.559764204645
401620441,3,21141.12303640036
401620441,1,21160.87634223929
401620441,0,21160.87634223929
401620442,30,14314.268885367432
401620442,14,14453.438207423394
401620442,7,13983.196997241479
401620442,3,14327.455350406502
401620442,1,14327.455350406502
401620442,0,14327.455350406502
401620443,30,6945.649303844575
401620443,14,6369.712739776624
401620443,7,6367.1052715213
401620443,3,6110.777450128987
401620443,1,6110.777450128987
401620443,0,6110.777450128987
401620444,30,10157.722433756915
401620444,14,10246.886270297364
401620444,7,10229.762485908072
401620444,3,10098.144597195604
401620444,1,10098.144597195604
401620444,0,10098.144597195604
401620445,30,13221.937422907702
401620445,14,12617.137725891476
401620445,7,13559.249517584089
401620445,3,13581.710189732945
401620445,1,13545.459765736276
401620445,0,13545.459765736276
401620446,30,13082.194180021517
401620446,14,13136.092623246606
401620446,7,13686.708653858674
401620446,3,13686.708653858674
401620446,1,13686.708653858674
401620446,0,13686.708653858674
401620447,30,8045.845320628103
401620447,14,9280.59784045663
401620447,7,9172.335843628458
401620447,3,9181.15038979238
401620447,1,9161.420880499058
401620447,0,9161.420880499058
401620448,30,6257.117450759511
401620448,14,5780.8895455158045
401620448,7,5571.619860678907
401620448,3,5584.139292955613
401620448,1,5547.175168140904
401620448,0,5547.175168140904
401620449,30,4779.496430430759
401620449,14,5105.775473855834
401620449,7,5055.256545817197
401620449,3,4846.807379084597
401620449,1,4846.807379084597
401620449,0,4846.807379084597
401620450,30,12301.639699383819
401620450,14,12381.709088936537
401620450,7,11892.275909616925
401620450,3,11178.672569249624
401620450,1,11182.616053214906
401620450,0,11182.616053214906
401620451,30,12530.83246463633
401620451,14,12567.303648732095
401620451,7,13086.356524639015
401620451,3,13026.82424857848
401620451,1,13208.199227322391
401620451,0,13208.199227322391
401620452,30,8350.267069825972
401620452,14,9517.216364720223
401620452,7,9533.144904702916
401620452,3,9529.002694150602
401620452,1,9181.213617544265
401620452,0,9181.213617544265
401620453,30,14744.781970002672
401620453,14,14886.662052442089
401620453,7,14697.09079612009
401620453,3,15184.512941880064
401620453,1,15184.512941880064
401620453,0,15184.512941880064
401620454,30,6093.4314718309015
401620454,14,5655.200090926083
401620454,7,5450.480396595355
401620454,3,5414.401024804954
401620454,1,5382.321969218214
401620454,0,5382.321969218214
401620455,30,10937.384849766488
401620455,14,11714.19748186018
401620455,7,11718.478671884932
401620455,3,11426.840764252713
401620455,1,11426.840764252713
401620455,0,11426.840764252713
401620456,30,13175.151892627759
401620456,14,14064.351760934795
401620456,7,14083.397087872345
401620456,3,13987.1160748378
401620456,1,13987.1160748378
401620456,0,13987.1160748378
401620457,30,13277.631542790943
401620457,14,12839.323378008185
401620457,7,12341.53607639937
401620457,3,12701.01602710627
401620457,1,12701.01602710627
401620457,0,12701.01602710627
401721253,30,8285.954352409439
401721253,14,8400.972960370256
401721253,7,8400.972960370256
401721253,3,8080.9408490233345
401721253,1,8069.533915516669
401721253,0,8069.533915516669
401721255,30,13724.172421555248
401721255,14,13496.278365091774
401721255,7,13722.77977097825
401721255,3,14177.889347053535
401721255,1,14314.81967535102
401721255,0,14314.81967535102
401721256,30,12668.301764656318
401721256,14,13570.016773097894
401721256,7,13573.252301779481
401721256,3,13530.738598286322
401721256,1,13211.14951424316
401721256,0,13211.14951424316
401721261,30,10070.18132435375
401721261,14,10828.181248497509
401721261,7,10586.405303857264
401721261,3,10563.431780935289
401721261,1,10518.774194487314
401721261,0,10518.774194487314
401721258,30,13054.826417917036
401721258,14,12888.998614641614
401721258,7,13316.456228437206
401721258,3,13445.066819088883
401721258,1,13404.903378278566
401721258,0,13404.903378278566
401721262,30,11898.589543777061
401721262,14,12745.517330170966
401721262,7,12708.625654491452
401721262,3,12408.454455198571
401721262,1,12371.223181055191
401721262,0,12371.223181055191
401721254,30,8031.456645783799
401721254,14,8070.512568857267
401721254,7,7763.069229943187
401721254,3,7752.110999191604
401721254,1,7790.102005963343
401721254,0,7790.102005963343
401721260,30,10861.156520292256
401721260,14,10402.244272907692
401721260,7,10147.908981550523
401721260,3,10105.008044430137
401721260,1,10098.05123276747
401721260,0,10098.05123276747
401724938,30,14738.9410808635
401724938,14,14496.366661548323
401724938,7,15078.359113559844
401724938,3,14788.68258940313
401724938,1,14788.68258940313
401724938,0,14788.68258940313
401725075,30,10971.967154738039
401725075,14,10298.704011244608
401725075,7,10230.839849390955
401725075,3,9853.751110090969
401725075,1,9853.751110090969
401725075,0,9853.751110090969
401724939,30,12827.360619692095
401724939,14,13011.736218341319
401724939,7,13097.778546464124
401724939,3,12870.650857729192
401724939,1,12865.907581159305
401724939,0,12865.907581159305
401725076,30,9557.623685122437
401725076,14,8941.743500950264
401725076,7,8881.845558225508
401725076,3,8575.759835958514
401725076,1,8391.796238205468
401725076,0,8391.796238205468
401724940,30,12459.32525353045
401724940,14,12175.481885132334
401724940,7,12104.065174069685
401724940,3,12104.065174069685
401724940,1,12104.065174069685
401724940,0,12104.065174069685
401725077,30,8615.063507898934
401725077,14,8271.394209069458
401725077,7,8360.542446680449
401725077,3,8360.542446680449
401725077,1,8360.542446680449
401725077,0,8360.542446680449
401724941,30,12747.352848614511
401724941,14,12456.947750659085
401724941,7,12383.88006868769
401724941,3,12383.88006868769
401724941,1,12002.253333488832
401724941,0,12002.253333488832
401725078,30,8814.221646336126
401725078,14,8462.607596115058
401725078,7,8553.816711980897
401725078,3,8553.816711980897
401725078,1,8498.557322235893
401725078,0,8498.557322235893
401725079,30,9305.623032004793
401725079,14,9006.295097423319
401725079,7,8509.379365275203
401725079,3,8390.270470608488
401725079,1,8390.270470608488
401725079,0,8390.270470608488
401726988,30,18370.347631694378
401726988,14,18775.23204224025
401726988,7,18992.654295568536
401726988,3,18970.50759970866
401726988,1,18970.50759970866
401726988,0,18970.50759970866
401726989,30,19108.78096069389
401726989,14,19511.190412044325
401726989,7,19692.398779765594
401726989,3,19714.120451790965
401726989,1,20604.378376434193
401726989,0,20604.378376434193
401726990,30,14107.90323670079
401726990,14,13054.32806242519
401726990,7,13085.375744156814
401726990,3,13085.375744156814
401726990,1,13085.375744156814
401726990,0,13085.375744156814
401726991,30,14673.528868538517
401726991,14,13561.943810716735
401726991,7,13594.198777275265
401726991,3,13594.198777275265
401726991,1,14803.689009473515
401726991,0,14803.689009473515
401726992,30,20032.254995700583
401726992,14,19829.880619580876
401726992,7,20748.22717205949
401726992,3,21617.45432385358
401726992,1,21617.45432385362
401726992,0,21617.45432385362
