budget,crn,baseline,contrast,metric,effect,ci_low,ci_high,interval
256,False,Uniform,CPC-v2 minus baseline,PGS,0.0,-0.06031148182727785,0.06031148182727785,"independent Newcombe-Wilson, descriptive 95%"
256,False,Uniform,CPC-v2 minus baseline,exact_PCS,-0.03666666666666668,-0.11373379066649586,0.041019625875558366,"independent Newcombe-Wilson, descriptive 95%"
256,False,Uniform,CPC-v2 minus baseline,top3_PCS,-0.0033333333333332993,-0.07529722932248596,0.06867678520430567,"independent Newcombe-Wilson, descriptive 95%"
256,False,Uniform,CPC-v2 minus baseline,EOC,19307.098027180415,-105705.86104723395,144320.05710159478,"independent Welch mean difference, descriptive 95%"
256,False,Uniform,CPC-v2 minus baseline,nEOC,7.367248311694521e-05,-0.0004033549346670908,0.0005506999009009812,"independent Welch mean difference, descriptive 95%"
256,False,Uniform,CPC-v2 minus baseline,runtime,0.16151510866676588,-0.26123124644959095,0.5842614637831227,"independent Welch mean difference, descriptive 95%"
256,False,SH,CPC-v2 minus baseline,PGS,-0.14,-0.1887111553187773,-0.09372086961927519,"independent Newcombe-Wilson, descriptive 95%"
256,False,SH,CPC-v2 minus baseline,exact_PCS,-0.15666666666666668,-0.23334646328950182,-0.07722108655171551,"independent Newcombe-Wilson, descriptive 95%"
256,False,SH,CPC-v2 minus baseline,top3_PCS,-0.17999999999999994,-0.2414818792608533,-0.11732496493607679,"independent Newcombe-Wilson, descriptive 95%"
256,False,SH,CPC-v2 minus baseline,EOC,344344.7533029006,243255.2012313597,445434.30537444144,"independent Welch mean difference, descriptive 95%"
256,False,SH,CPC-v2 minus baseline,nEOC,0.001313958886436615,0.000928218973177483,0.0016996987996957468,"independent Welch mean difference, descriptive 95%"
256,False,SH,CPC-v2 minus baseline,runtime,0.30919851166712675,-0.10450794302604022,0.7229049663602938,"independent Welch mean difference, descriptive 95%"
256,False,SR,CPC-v2 minus baseline,PGS,-0.10666666666666669,-0.15839080752905169,-0.05583339277676116,"independent Newcombe-Wilson, descriptive 95%"
256,False,SR,CPC-v2 minus baseline,exact_PCS,-0.1766666666666667,-0.25305463416385643,-0.09714680910380784,"independent Newcombe-Wilson, descriptive 95%"
256,False,SR,CPC-v2 minus baseline,top3_PCS,-0.1433333333333333,-0.20744251849672773,-0.07794239838518115,"independent Newcombe-Wilson, descriptive 95%"
256,False,SR,CPC-v2 minus baseline,EOC,297906.3709115992,191123.37697440226,404689.36484879616,"independent Welch mean difference, descriptive 95%"
256,False,SR,CPC-v2 minus baseline,nEOC,0.0011367582041857142,0.0007292931202595895,0.001544223288111839,"independent Welch mean difference, descriptive 95%"
256,False,SR,CPC-v2 minus baseline,runtime,0.30627617266698337,-0.11118950754402668,0.7237418528779934,"independent Welch mean difference, descriptive 95%"
256,False,OCBA,CPC-v2 minus baseline,PGS,-0.12,-0.17051639824224465,-0.07084590719495998,"independent Newcombe-Wilson, descriptive 95%"
256,False,OCBA,CPC-v2 minus baseline,exact_PCS,-0.14333333333333337,-0.2201720596107766,-0.06397241359174324,"independent Newcombe-Wilson, descriptive 95%"
256,False,OCBA,CPC-v2 minus baseline,top3_PCS,-0.15999999999999992,-0.22294343832439156,-0.09577991712668997,"independent Newcombe-Wilson, descriptive 95%"
256,False,OCBA,CPC-v2 minus baseline,EOC,289429.54926383536,181646.9827465654,397212.11578110536,"independent Welch mean difference, descriptive 95%"
256,False,OCBA,CPC-v2 minus baseline,nEOC,0.0011044121468522373,0.0006931328701392982,0.0015156914235651764,"independent Welch mean difference, descriptive 95%"
256,False,OCBA,CPC-v2 minus baseline,runtime,0.2722851823334089,-0.14415508767033064,0.6887254523371484,"independent Welch mean difference, descriptive 95%"
256,False,CPC-v1,CPC-v2 minus baseline,PGS,-0.0033333333333334103,-0.06341162146358871,0.05675870178943546,"independent Newcombe-Wilson, descriptive 95%"
256,False,CPC-v1,CPC-v2 minus baseline,exact_PCS,0.033333333333333326,-0.042830170435933415,0.10895941363941519,"independent Newcombe-Wilson, descriptive 95%"
256,False,CPC-v1,CPC-v2 minus baseline,top3_PCS,0.0033333333333334103,-0.06892009126753278,0.07554003601384873,"independent Newcombe-Wilson, descriptive 95%"
256,False,CPC-v1,CPC-v2 minus baseline,EOC,-59598.794670379255,-187722.13561005925,68524.54626930076,"independent Welch mean difference, descriptive 95%"
256,False,CPC-v1,CPC-v2 minus baseline,nEOC,-0.00022741849593151987,-0.0007163145826959195,0.0002614775908328798,"independent Welch mean difference, descriptive 95%"
256,False,CPC-v1,CPC-v2 minus baseline,runtime,0.022760127000168495,-0.3915793114444319,0.4370995654447689,"independent Welch mean difference, descriptive 95%"
256,True,Uniform,CPC-v2 minus baseline,PGS,0.0,-0.012642971224546162,0.012642971224546162,"independent Newcombe-Wilson, descriptive 95%"
256,True,Uniform,CPC-v2 minus baseline,exact_PCS,0.0,-0.012642971224546162,0.012642971224546162,"independent Newcombe-Wilson, descriptive 95%"
256,True,Uniform,CPC-v2 minus baseline,top3_PCS,0.0,-0.012642971224546162,0.012642971224546162,"independent Newcombe-Wilson, descriptive 95%"
256,True,Uniform,CPC-v2 minus baseline,EOC,0.0,0.0,0.0,"independent Welch mean difference, descriptive 95%"
256,True,Uniform,CPC-v2 minus baseline,nEOC,0.0,0.0,0.0,"independent Welch mean difference, descriptive 95%"
256,True,Uniform,CPC-v2 minus baseline,runtime,0.19249432766647523,0.018977508739487503,0.36601114659346295,"independent Welch mean difference, descriptive 95%"
256,True,SH,CPC-v2 minus baseline,PGS,0.0,-0.012642971224546162,0.012642971224546162,"independent Newcombe-Wilson, descriptive 95%"
256,True,SH,CPC-v2 minus baseline,exact_PCS,0.0,-0.012642971224546162,0.012642971224546162,"independent Newcombe-Wilson, descriptive 95%"
256,True,SH,CPC-v2 minus baseline,top3_PCS,0.0,-0.012642971224546162,0.012642971224546162,"independent Newcombe-Wilson, descriptive 95%"
256,True,SH,CPC-v2 minus baseline,EOC,0.0,0.0,0.0,"independent Welch mean difference, descriptive 95%"
256,True,SH,CPC-v2 minus baseline,nEOC,0.0,0.0,0.0,"independent Welch mean difference, descriptive 95%"
256,True,SH,CPC-v2 minus baseline,runtime,-2.381179237333102,-2.5812411080193725,-2.1811173666468315,"independent Welch mean difference, descriptive 95%"
256,True,SR,CPC-v2 minus baseline,PGS,0.0,-0.012642971224546162,0.012642971224546162,"independent Newcombe-Wilson, descriptive 95%"
256,True,SR,CPC-v2 minus baseline,exact_PCS,0.0,-0.012642971224546162,0.012642971224546162,"independent Newcombe-Wilson, descriptive 95%"
256,True,SR,CPC-v2 minus baseline,top3_PCS,0.0,-0.012642971224546162,0.012642971224546162,"independent Newcombe-Wilson, descriptive 95%"
256,True,SR,CPC-v2 minus baseline,EOC,0.0,0.0,0.0,"independent Welch mean difference, descriptive 95%"
256,True,SR,CPC-v2 minus baseline,nEOC,0.0,0.0,0.0,"independent Welch mean difference, descriptive 95%"
256,True,SR,CPC-v2 minus baseline,runtime,-2.1311513756667413,-2.3269073128611866,-1.935395438472296,"independent Welch mean difference, descriptive 95%"
256,True,OCBA,CPC-v2 minus baseline,PGS,0.07333333333333336,0.045844052223723425,0.10853134160571742,"independent Newcombe-Wilson, descriptive 95%"
256,True,OCBA,CPC-v2 minus baseline,exact_PCS,0.15000000000000002,0.11187509962834633,0.19481761114532903,"independent Newcombe-Wilson, descriptive 95%"
256,True,OCBA,CPC-v2 minus baseline,top3_PCS,0.08333333333333337,0.05419510518761306,0.12012160196406085,"independent Newcombe-Wilson, descriptive 95%"
256,True,OCBA,CPC-v2 minus baseline,EOC,-243650.09358700702,-323736.35784514714,-163563.82932886694,"independent Welch mean difference, descriptive 95%"
256,True,OCBA,CPC-v2 minus baseline,nEOC,-0.0009297258128052447,-0.0012353208816835827,-0.0006241307439269067,"independent Welch mean difference, descriptive 95%"
256,True,OCBA,CPC-v2 minus baseline,runtime,-1.7249413696669222,-1.921592921267862,-1.5282898180659825,"independent Welch mean difference, descriptive 95%"
256,True,CPC-v1,CPC-v2 minus baseline,PGS,0.0,-0.012642971224546162,0.012642971224546162,"independent Newcombe-Wilson, descriptive 95%"
256,True,CPC-v1,CPC-v2 minus baseline,exact_PCS,0.0033333333333332993,-0.009604130312875207,0.018636693694531248,"independent Newcombe-Wilson, descriptive 95%"
256,True,CPC-v1,CPC-v2 minus baseline,top3_PCS,0.0,-0.012642971224546162,0.012642971224546162,"independent Newcombe-Wilson, descriptive 95%"
256,True,CPC-v1,CPC-v2 minus baseline,EOC,-1783.963702536424,-5294.678801294095,1726.751396221247,"independent Welch mean difference, descriptive 95%"
256,True,CPC-v1,CPC-v2 minus baseline,nEOC,-6.807291058000143e-06,-2.020356109700406e-05,6.588978981003773e-06,"independent Welch mean difference, descriptive 95%"
256,True,CPC-v1,CPC-v2 minus baseline,runtime,-0.1348884310005083,-0.3058738932887213,0.03609703128770472,"independent Welch mean difference, descriptive 95%"
512,False,Uniform,CPC-v2 minus baseline,PGS,0.00666666666666671,-0.039946235239642476,0.05339445528264664,"independent Newcombe-Wilson, descriptive 95%"
512,False,Uniform,CPC-v2 minus baseline,exact_PCS,0.026666666666666672,-0.05212926515325664,0.10499721679463887,"independent Newcombe-Wilson, descriptive 95%"
512,False,Uniform,CPC-v2 minus baseline,top3_PCS,0.023333333333333317,-0.03767487872143813,0.08422400085572161,"independent Newcombe-Wilson, descriptive 95%"
512,False,Uniform,CPC-v2 minus baseline,EOC,-36999.711078804685,-131235.81455365254,57236.39239604317,"independent Welch mean difference, descriptive 95%"
512,False,Uniform,CPC-v2 minus baseline,nEOC,-0.00014118437612672952,-0.0005007727374891494,0.00021840398523569033,"independent Welch mean difference, descriptive 95%"
512,False,Uniform,CPC-v2 minus baseline,runtime,-0.16180605300035467,-0.9910327573891681,0.6674206513884587,"independent Welch mean difference, descriptive 95%"
512,False,SH,CPC-v2 minus baseline,PGS,-0.07999999999999996,-0.11760163838543719,-0.04806359935996906,"independent Newcombe-Wilson, descriptive 95%"
512,False,SH,CPC-v2 minus baseline,exact_PCS,-0.2733333333333333,-0.34659988800526886,-0.19529994539626416,"independent Newcombe-Wilson, descriptive 95%"
512,False,SH,CPC-v2 minus baseline,top3_PCS,-0.1433333333333333,-0.19062347488126308,-0.09935044532783169,"independent Newcombe-Wilson, descriptive 95%"
512,False,SH,CPC-v2 minus baseline,EOC,320228.9650402678,243399.4219348596,397058.508145676,"independent Welch mean difference, descriptive 95%"
512,False,SH,CPC-v2 minus baseline,nEOC,0.001221937288932451,0.0009287692939625515,0.0015151052839023505,"independent Welch mean difference, descriptive 95%"
512,False,SH,CPC-v2 minus baseline,runtime,-0.13153298500066768,-0.963731127487723,0.7006651574863877,"independent Welch mean difference, descriptive 95%"
512,False,SR,CPC-v2 minus baseline,PGS,-0.07666666666666666,-0.11453438352871345,-0.04379359450854898,"independent Newcombe-Wilson, descriptive 95%"
512,False,SR,CPC-v2 minus baseline,exact_PCS,-0.2333333333333334,-0.3081606981386741,-0.15438594003319134,"independent Newcombe-Wilson, descriptive 95%"
512,False,SR,CPC-v2 minus baseline,top3_PCS,-0.13666666666666671,-0.18453219290779824,-0.09154033370498041,"independent Newcombe-Wilson, descriptive 95%"
512,False,SR,CPC-v2 minus baseline,EOC,293678.24389778473,215878.71904998616,371477.7687455833,"independent Welch mean difference, descriptive 95%"
512,False,SR,CPC-v2 minus baseline,nEOC,0.0011206244167256299,0.0008237551423900069,0.0014174936910612528,"independent Welch mean difference, descriptive 95%"
512,False,SR,CPC-v2 minus baseline,runtime,-0.013623367667051411,-0.8488865325358214,0.8216397972017185,"independent Welch mean difference, descriptive 95%"
512,False,OCBA,CPC-v2 minus baseline,PGS,-0.08666666666666667,-0.12395595869424836,-0.05700000904806202,"independent Newcombe-Wilson, descriptive 95%"
512,False,OCBA,CPC-v2 minus baseline,exact_PCS,-0.2466666666666667,-0.32100257928978954,-0.16799084555476884,"independent Newcombe-Wilson, descriptive 95%"
512,False,OCBA,CPC-v2 minus baseline,top3_PCS,-0.1266666666666667,-0.17543094646496143,-0.07997195936442884,"independent Newcombe-Wilson, descriptive 95%"
512,False,OCBA,CPC-v2 minus baseline,EOC,308062.05196710594,231452.01064737386,384672.09328683803,"independent Welch mean difference, descriptive 95%"
512,False,OCBA,CPC-v2 minus baseline,nEOC,0.00117551049311332,0.0008831800782694753,0.0014678409079571645,"independent Welch mean difference, descriptive 95%"
512,False,OCBA,CPC-v2 minus baseline,runtime,-0.045553401000603344,-0.8773148156485782,0.7862080136473715,"independent Welch mean difference, descriptive 95%"
512,False,CPC-v1,CPC-v2 minus baseline,PGS,0.026666666666666616,-0.021882347137372922,0.07555737048921135,"independent Newcombe-Wilson, descriptive 95%"
512,False,CPC-v1,CPC-v2 minus baseline,exact_PCS,0.019999999999999962,-0.05882885963327816,0.09847907566408337,"independent Newcombe-Wilson, descriptive 95%"
512,False,CPC-v1,CPC-v2 minus baseline,top3_PCS,0.043333333333333335,-0.018966288993759572,0.10536137020845421,"independent Newcombe-Wilson, descriptive 95%"
512,False,CPC-v1,CPC-v2 minus baseline,EOC,-64806.92814466276,-166381.06393898404,36767.20764965852,"independent Welch mean difference, descriptive 95%"
512,False,CPC-v1,CPC-v2 minus baseline,nEOC,-0.0002472918153146185,-0.0006348808146500228,0.0001402971840207858,"independent Welch mean difference, descriptive 95%"
512,False,CPC-v1,CPC-v2 minus baseline,runtime,-0.3208925966667948,-1.152796491694514,0.5110112983609243,"independent Welch mean difference, descriptive 95%"
512,True,Uniform,CPC-v2 minus baseline,PGS,0.0,-0.012642971224546162,0.012642971224546162,"independent Newcombe-Wilson, descriptive 95%"
512,True,Uniform,CPC-v2 minus baseline,exact_PCS,0.0,-0.012642971224546162,0.012642971224546162,"independent Newcombe-Wilson, descriptive 95%"
512,True,Uniform,CPC-v2 minus baseline,top3_PCS,0.0,-0.012642971224546162,0.012642971224546162,"independent Newcombe-Wilson, descriptive 95%"
512,True,Uniform,CPC-v2 minus baseline,EOC,0.0,0.0,0.0,"independent Welch mean difference, descriptive 95%"
512,True,Uniform,CPC-v2 minus baseline,nEOC,0.0,0.0,0.0,"independent Welch mean difference, descriptive 95%"
512,True,Uniform,CPC-v2 minus baseline,runtime,1.1576074913333265,0.8288044852156242,1.4864104974510288,"independent Welch mean difference, descriptive 95%"
512,True,SH,CPC-v2 minus baseline,PGS,0.0,-0.012642971224546162,0.012642971224546162,"independent Newcombe-Wilson, descriptive 95%"
512,True,SH,CPC-v2 minus baseline,exact_PCS,0.0,-0.012642971224546162,0.012642971224546162,"independent Newcombe-Wilson, descriptive 95%"
512,True,SH,CPC-v2 minus baseline,top3_PCS,0.0,-0.012642971224546162,0.012642971224546162,"independent Newcombe-Wilson, descriptive 95%"
512,True,SH,CPC-v2 minus baseline,EOC,0.0,0.0,0.0,"independent Welch mean difference, descriptive 95%"
512,True,SH,CPC-v2 minus baseline,nEOC,0.0,0.0,0.0,"independent Welch mean difference, descriptive 95%"
512,True,SH,CPC-v2 minus baseline,runtime,-3.251884749333236,-3.6285560468382614,-2.8752134518282104,"independent Welch mean difference, descriptive 95%"
512,True,SR,CPC-v2 minus baseline,PGS,0.0,-0.012642971224546162,0.012642971224546162,"independent Newcombe-Wilson, descriptive 95%"
512,True,SR,CPC-v2 minus baseline,exact_PCS,0.0,-0.012642971224546162,0.012642971224546162,"independent Newcombe-Wilson, descriptive 95%"
512,True,SR,CPC-v2 minus baseline,top3_PCS,0.0,-0.012642971224546162,0.012642971224546162,"independent Newcombe-Wilson, descriptive 95%"
512,True,SR,CPC-v2 minus baseline,EOC,0.0,0.0,0.0,"independent Welch mean difference, descriptive 95%"
512,True,SR,CPC-v2 minus baseline,nEOC,0.0,0.0,0.0,"independent Welch mean difference, descriptive 95%"
512,True,SR,CPC-v2 minus baseline,runtime,-2.4328655860001405,-2.796631583884058,-2.069099588116223,"independent Welch mean difference, descriptive 95%"
512,True,OCBA,CPC-v2 minus baseline,PGS,0.00666666666666671,-0.006869825889960442,0.023977583250307077,"independent Newcombe-Wilson, descriptive 95%"
512,True,OCBA,CPC-v2 minus baseline,exact_PCS,0.01666666666666672,0.0008359352354206408,0.03841539483309464,"independent Newcombe-Wilson, descriptive 95%"
512,True,OCBA,CPC-v2 minus baseline,top3_PCS,0.010000000000000009,-0.004258941118139813,0.02898349336233985,"independent Newcombe-Wilson, descriptive 95%"
512,True,OCBA,CPC-v2 minus baseline,EOC,-21649.578486899336,-41434.76959690238,-1864.3873768962912,"independent Welch mean difference, descriptive 95%"
512,True,OCBA,CPC-v2 minus baseline,nEOC,-8.261097567949708e-05,-0.00015810777773463738,-7.114173624356781e-06,"independent Welch mean difference, descriptive 95%"
512,True,OCBA,CPC-v2 minus baseline,runtime,-4.981801757999953,-5.420276509780116,-4.543327006219791,"independent Welch mean difference, descriptive 95%"
512,True,CPC-v1,CPC-v2 minus baseline,PGS,0.0,-0.012642971224546162,0.012642971224546162,"independent Newcombe-Wilson, descriptive 95%"
512,True,CPC-v1,CPC-v2 minus baseline,exact_PCS,0.0033333333333332993,-0.009604130312875207,0.018636693694531248,"independent Newcombe-Wilson, descriptive 95%"
512,True,CPC-v1,CPC-v2 minus baseline,top3_PCS,0.0,-0.012642971224546162,0.012642971224546162,"independent Newcombe-Wilson, descriptive 95%"
512,True,CPC-v1,CPC-v2 minus baseline,EOC,-1783.963702536424,-5294.678801294096,1726.751396221248,"independent Welch mean difference, descriptive 95%"
512,True,CPC-v1,CPC-v2 minus baseline,nEOC,-6.807291058000143e-06,-2.0203561097004057e-05,6.588978981003772e-06,"independent Welch mean difference, descriptive 95%"
512,True,CPC-v1,CPC-v2 minus baseline,runtime,0.9824272619998595,0.6520783763644649,1.3127761476352542,"independent Welch mean difference, descriptive 95%"
1024,False,Uniform,CPC-v2 minus baseline,PGS,-0.00666666666666671,-0.03531677838479418,0.021221383454314766,"independent Newcombe-Wilson, descriptive 95%"
1024,False,Uniform,CPC-v2 minus baseline,exact_PCS,0.033333333333333326,-0.045864232168034216,0.11194356835544701,"independent Newcombe-Wilson, descriptive 95%"
1024,False,Uniform,CPC-v2 minus baseline,top3_PCS,0.0,-0.04876510475846943,0.04876510475846943,"independent Newcombe-Wilson, descriptive 95%"
1024,False,Uniform,CPC-v2 minus baseline,EOC,-32629.555099822173,-108936.02919472578,43676.91899508143,"independent Welch mean difference, descriptive 95%"
1024,False,Uniform,CPC-v2 minus baseline,nEOC,-0.0001245086311687485,-0.00041568068698760914,0.0001666634246501121,"independent Welch mean difference, descriptive 95%"
1024,False,Uniform,CPC-v2 minus baseline,runtime,0.08060680300054912,-1.6580371300214465,1.8192507360225447,"independent Welch mean difference, descriptive 95%"
1024,False,SH,CPC-v2 minus baseline,PGS,-0.030000000000000027,-0.056022539141641126,-0.011033400434169456,"independent Newcombe-Wilson, descriptive 95%"
1024,False,SH,CPC-v2 minus baseline,exact_PCS,-0.2733333333333333,-0.340338471640967,-0.20269898188325494,"independent Newcombe-Wilson, descriptive 95%"
1024,False,SH,CPC-v2 minus baseline,top3_PCS,-0.09666666666666668,-0.13592918084925865,-0.06383045944471105,"independent Newcombe-Wilson, descriptive 95%"
1024,False,SH,CPC-v2 minus baseline,EOC,256592.99969169206,197122.4738284824,316063.52555490175,"independent Welch mean difference, descriptive 95%"
1024,False,SH,CPC-v2 minus baseline,nEOC,0.0009791136612607317,0.0007521846164894703,0.0012060427060319931,"independent Welch mean difference, descriptive 95%"
1024,False,SH,CPC-v2 minus baseline,runtime,0.1681513256664715,-1.571595344996019,1.907897996328962,"independent Welch mean difference, descriptive 95%"
1024,False,SR,CPC-v2 minus baseline,PGS,-0.030000000000000027,-0.056022539141641126,-0.011033400434169456,"independent Newcombe-Wilson, descriptive 95%"
1024,False,SR,CPC-v2 minus baseline,exact_PCS,-0.21666666666666667,-0.28707690648375295,-0.1430473590052702,"independent Newcombe-Wilson, descriptive 95%"
1024,False,SR,CPC-v2 minus baseline,top3_PCS,-0.09333333333333327,-0.13279728758372347,-0.05951482509680277,"independent Newcombe-Wilson, descriptive 95%"
1024,False,SR,CPC-v2 minus baseline,EOC,225242.22725093394,164539.96742123386,285944.48708063405,"independent Welch mean difference, descriptive 95%"
1024,False,SR,CPC-v2 minus baseline,nEOC,0.0008594846393283121,0.0006278555148390587,0.0010911137638175655,"independent Welch mean difference, descriptive 95%"
1024,False,SR,CPC-v2 minus baseline,runtime,0.06120913733332145,-1.683242666673639,1.805660941340282,"independent Welch mean difference, descriptive 95%"
1024,False,OCBA,CPC-v2 minus baseline,PGS,-0.030000000000000027,-0.056022539141641126,-0.011033400434169456,"independent Newcombe-Wilson, descriptive 95%"
1024,False,OCBA,CPC-v2 minus baseline,exact_PCS,-0.2633333333333333,-0.3309786164529557,-0.192107796307257,"independent Newcombe-Wilson, descriptive 95%"
1024,False,OCBA,CPC-v2 minus baseline,top3_PCS,-0.09666666666666668,-0.13592918084925865,-0.06383045944471105,"independent Newcombe-Wilson, descriptive 95%"
1024,False,OCBA,CPC-v2 minus baseline,EOC,248879.23518658668,188900.77642233402,308857.69395083934,"independent Welch mean difference, descriptive 95%"
1024,False,OCBA,CPC-v2 minus baseline,nEOC,0.0009496792954917056,0.0007208120682953097,0.0011785465226881015,"independent Welch mean difference, descriptive 95%"
1024,False,OCBA,CPC-v2 minus baseline,runtime,-0.16688001500020277,-1.9091653828810142,1.5754053528806087,"independent Welch mean difference, descriptive 95%"
1024,False,CPC-v1,CPC-v2 minus baseline,PGS,-0.010000000000000009,-0.03817558708068677,0.016946491069767977,"independent Newcombe-Wilson, descriptive 95%"
1024,False,CPC-v1,CPC-v2 minus baseline,exact_PCS,0.0,-0.07859146638573788,0.07859146638573788,"independent Newcombe-Wilson, descriptive 95%"
1024,False,CPC-v1,CPC-v2 minus baseline,top3_PCS,0.013333333333333308,-0.03667193856026333,0.06347372357680374,"independent Newcombe-Wilson, descriptive 95%"
1024,False,CPC-v1,CPC-v2 minus baseline,EOC,-16980.683908118925,-93740.46733254733,59779.09951630948,"independent Welch mean difference, descriptive 95%"
1024,False,CPC-v1,CPC-v2 minus baseline,nEOC,-6.479529687858365e-05,-0.0003576971012012926,0.0002281065074441253,"independent Welch mean difference, descriptive 95%"
1024,False,CPC-v1,CPC-v2 minus baseline,runtime,-0.3167846656665603,-2.0560068720221807,1.42243754068906,"independent Welch mean difference, descriptive 95%"
1024,True,Uniform,CPC-v2 minus baseline,PGS,0.0,-0.012642971224546162,0.012642971224546162,"independent Newcombe-Wilson, descriptive 95%"
1024,True,Uniform,CPC-v2 minus baseline,exact_PCS,0.0,-0.012642971224546162,0.012642971224546162,"independent Newcombe-Wilson, descriptive 95%"
1024,True,Uniform,CPC-v2 minus baseline,top3_PCS,0.0,-0.012642971224546162,0.012642971224546162,"independent Newcombe-Wilson, descriptive 95%"
1024,True,Uniform,CPC-v2 minus baseline,EOC,0.0,0.0,0.0,"independent Welch mean difference, descriptive 95%"
1024,True,Uniform,CPC-v2 minus baseline,nEOC,0.0,0.0,0.0,"independent Welch mean difference, descriptive 95%"
1024,True,Uniform,CPC-v2 minus baseline,runtime,5.368132558334381,4.523199361137911,6.213065755530851,"independent Welch mean difference, descriptive 95%"
1024,True,SH,CPC-v2 minus baseline,PGS,0.0,-0.012642971224546162,0.012642971224546162,"independent Newcombe-Wilson, descriptive 95%"
1024,True,SH,CPC-v2 minus baseline,exact_PCS,0.0,-0.012642971224546162,0.012642971224546162,"independent Newcombe-Wilson, descriptive 95%"
1024,True,SH,CPC-v2 minus baseline,top3_PCS,0.0,-0.012642971224546162,0.012642971224546162,"independent Newcombe-Wilson, descriptive 95%"
1024,True,SH,CPC-v2 minus baseline,EOC,0.0,0.0,0.0,"independent Welch mean difference, descriptive 95%"
1024,True,SH,CPC-v2 minus baseline,nEOC,0.0,0.0,0.0,"independent Welch mean difference, descriptive 95%"
1024,True,SH,CPC-v2 minus baseline,runtime,-3.229603562666064,-4.158872424993911,-2.3003347003382175,"independent Welch mean difference, descriptive 95%"
1024,True,SR,CPC-v2 minus baseline,PGS,0.0,-0.012642971224546162,0.012642971224546162,"independent Newcombe-Wilson, descriptive 95%"
1024,True,SR,CPC-v2 minus baseline,exact_PCS,0.0,-0.012642971224546162,0.012642971224546162,"independent Newcombe-Wilson, descriptive 95%"
1024,True,SR,CPC-v2 minus baseline,top3_PCS,0.0,-0.012642971224546162,0.012642971224546162,"independent Newcombe-Wilson, descriptive 95%"
1024,True,SR,CPC-v2 minus baseline,EOC,0.0,0.0,0.0,"independent Welch mean difference, descriptive 95%"
1024,True,SR,CPC-v2 minus baseline,nEOC,0.0,0.0,0.0,"independent Welch mean difference, descriptive 95%"
1024,True,SR,CPC-v2 minus baseline,runtime,-1.223615945666097,-2.1319195606667893,-0.31531233066540465,"independent Welch mean difference, descriptive 95%"
1024,True,OCBA,CPC-v2 minus baseline,PGS,0.0,-0.012642971224546162,0.012642971224546162,"independent Newcombe-Wilson, descriptive 95%"
1024,True,OCBA,CPC-v2 minus baseline,exact_PCS,0.0,-0.012642971224546162,0.012642971224546162,"independent Newcombe-Wilson, descriptive 95%"
1024,True,OCBA,CPC-v2 minus baseline,top3_PCS,0.0,-0.012642971224546162,0.012642971224546162,"independent Newcombe-Wilson, descriptive 95%"
1024,True,OCBA,CPC-v2 minus baseline,EOC,0.0,0.0,0.0,"independent Welch mean difference, descriptive 95%"
1024,True,OCBA,CPC-v2 minus baseline,nEOC,0.0,0.0,0.0,"independent Welch mean difference, descriptive 95%"
1024,True,OCBA,CPC-v2 minus baseline,runtime,-10.875445941665966,-11.978074339330016,-9.772817544001915,"independent Welch mean difference, descriptive 95%"
1024,True,CPC-v1,CPC-v2 minus baseline,PGS,0.0,-0.012642971224546162,0.012642971224546162,"independent Newcombe-Wilson, descriptive 95%"
1024,True,CPC-v1,CPC-v2 minus baseline,exact_PCS,0.0,-0.012642971224546162,0.012642971224546162,"independent Newcombe-Wilson, descriptive 95%"
1024,True,CPC-v1,CPC-v2 minus baseline,top3_PCS,0.0,-0.012642971224546162,0.012642971224546162,"independent Newcombe-Wilson, descriptive 95%"
1024,True,CPC-v1,CPC-v2 minus baseline,EOC,0.0,0.0,0.0,"independent Welch mean difference, descriptive 95%"
1024,True,CPC-v1,CPC-v2 minus baseline,nEOC,0.0,0.0,0.0,"independent Welch mean difference, descriptive 95%"
1024,True,CPC-v1,CPC-v2 minus baseline,runtime,5.067581427000505,4.21421361789024,5.920949236110769,"independent Welch mean difference, descriptive 95%"
