method,budget,crn,M,PGS_successes,PGS,PGS_ci_low,PGS_ci_high,exact_PCS_successes,exact_PCS,exact_PCS_ci_low,exact_PCS_ci_high,top3_PCS_successes,top3_PCS,top3_PCS_ci_low,top3_PCS_ci_high,EOC_mean,EOC_sd,EOC_mcse,EOC_ci_low,EOC_ci_high,EOC_median,EOC_p90,EOC_p95,nEOC,runtime_mean,runtime_sd,runtime_mcse,runtime_ci_low,runtime_ci_high,runtime_median,runtime_p90,runtime_p95,simulator_calls_per_second,selection_entropy_nats
CPC-v1,256,False,300,250,0.8333333333333334,0.7870033503873166,0.8712346687963193,100,0.3333333333333333,0.2823934472922627,0.38848754311591926,213,0.71,0.6562544981888744,0.7584354538968162,784237.8690000913,837261.422381544,48339.31075940734,689109.5051744683,879366.2328257144,535189.1107609272,1771119.2750830352,2660537.324938953,0.0029925134829812544,21.51661208066677,2.5347362565954707,0.14634306600700991,21.22861921920954,21.804604942124,20.189320550001867,25.013373220000357,25.84666071500542,11.897783863009854,1.8062465196925075
CPC-v1,256,True,300,300,1.0,0.9873570287754538,1.0,299,0.9966666666666667,0.9813633063054688,0.9994113422781488,300,1.0,0.9873570287754538,1.0,1783.963702536424,30899.157716517773,1783.9637025364236,-1726.751396221247,5294.678801294095,0.0,0.0,0.0,6.807291058000143e-06,9.143741366667115,1.0705569369818946,0.0618086335749318,9.022106322850599,9.265376410483631,8.849712150000414,10.758457250006904,11.080511269994895,27.997292326446427,0.022340379843483554
CPC-v1,512,False,300,266,0.8866666666666667,0.8458006041283088,0.9177554981247089,125,0.4166666666666667,0.3622760916643604,0.4731644035397305,238,0.7933333333333333,0.743944983244025,0.8353044736375745,586669.0438917034,679940.6744321681,39256.39314163879,509415.2231277663,663922.8646556404,535189.1107609272,1748327.060539037,1771119.2750830352,0.0022386256686788984,43.4734329236666,5.216502818646187,0.3011749306573817,42.880741842047144,44.066124005286056,40.523707750006,50.42582905999734,53.29337872499745,11.777307784710768,1.5793267040472703
CPC-v1,512,True,300,300,1.0,0.9873570287754538,1.0,299,0.9966666666666667,0.9813633063054688,0.9994113422781488,300,1.0,0.9873570287754538,1.0,1783.963702536424,30899.157716517777,1783.9637025364239,-1726.7513962212474,5294.678801294096,0.0,0.0,0.0,6.807291058000143e-06,18.354106980666863,1.9976388962513945,0.11533373544944094,18.12713830083174,18.581075660501988,17.522541650003404,21.211366969990195,21.640148554997722,27.895663926297843,0.022340379843483554
CPC-v1,1024,False,300,294,0.98,0.9570603791821394,0.9908023684422963,173,0.5766666666666667,0.5201332672229635,0.6312614771892728,266,0.8866666666666667,0.8458006041283088,0.9177554981247089,366684.80669906974,486869.0031771486,28109.395004441147,311367.49429034366,422002.1191077958,0.0,1196486.969677031,1196486.969677031,0.0013992045926708666,87.0643994846665,10.82495107723546,0.6249788418406421,85.83448507927,88.294313890063,80.48149594999995,100.6666148799981,105.33369420999225,11.761408865863062,1.2143289459682804
CPC-v1,1024,True,300,300,1.0,0.9873570287754538,1.0,300,1.0,0.9873570287754538,1.0,300,1.0,0.9873570287754538,1.0,0.0,0.0,0.0,0.0,0.0,0.0,0.0,0.0,0.0,36.920933410333575,4.948613979458153,0.2857083613155709,36.358679449400526,37.483187371266624,34.57940860000235,42.16055857000465,43.84367518999206,27.734943443044127,-0.0
CPC-v2,256,False,300,249,0.83,0.7833857374317239,0.8682699015600757,110,0.36666666666666664,0.3141415065082282,0.4225632858183173,214,0.7133333333333334,0.6597183711272249,0.7615539611503023,724639.0743297121,758775.5680323452,43807.927845798564,638428.153381677,810849.9952777472,535189.1107609272,1748327.060539037,1771119.2750830352,0.0027650949870497345,21.53937220766694,2.6321103176430487,0.15196496004280055,21.240315854140334,21.838428561193545,20.082494150003185,25.129005119996147,25.586515029996374,11.885211766240651,1.756750028990057
CPC-v2,256,True,300,300,1.0,0.9873570287754538,1.0,300,1.0,0.9873570287754538,1.0,300,1.0,0.9873570287754538,1.0,0.0,0.0,0.0,0.0,0.0,0.0,0.0,0.0,0.0,9.008852935666606,1.0620130766280607,0.06131535356741134,8.888188632212046,9.129517239121167,8.761550299990631,10.553609029996734,10.890428299998895,28.41649229131937,-0.0
CPC-v2,512,False,300,274,0.9133333333333333,0.8760440413057516,0.9401711024819569,131,0.43666666666666665,0.3816939930978369,0.49324078325727216,251,0.8366666666666667,0.7906268325698749,0.8741935668055973,521862.1157470406,583164.0209293142,33668.99044652441,455603.9105198366,588120.3209742446,535189.1107609272,1196486.969677031,1748327.060539037,0.0019913338533642795,43.152540326999805,5.159117257449413,0.29786177373692624,42.566369305182384,43.738711348817226,40.12390394999966,50.088828720002496,52.22436506999802,11.86488665835625,1.493309060058239
CPC-v2,512,True,300,300,1.0,0.9873570287754538,1.0,300,1.0,0.9873570287754538,1.0,300,1.0,0.9873570287754538,1.0,0.0,0.0,0.0,0.0,0.0,0.0,0.0,0.0,0.0,19.336534242666723,2.120713595455937,0.12243945652105842,19.095582003514657,19.577486481818788,18.35965209999995,22.431361969996942,22.85950401000373,26.47837474774846,-0.0
CPC-v2,1024,False,300,291,0.97,0.9439774608583589,0.9841381461905676,173,0.5766666666666667,0.5201332672229635,0.6312614771892728,270,0.9,0.8608335376153785,0.9290520854049847,349704.1227909508,470359.81506382383,27156.236584308124,296262.5591165243,403145.68646537734,0.0,920171.805314524,1196486.969677031,0.001334409295792283,86.74761481899993,10.86716348860111,0.6274159765471523,85.51290430390698,87.98232533409289,80.19887300000119,100.45957761000028,105.37086399999752,11.80435914159242,1.2039140425009551
CPC-v2,1024,True,300,300,1.0,0.9873570287754538,1.0,300,1.0,0.9873570287754538,1.0,300,1.0,0.9873570287754538,1.0,0.0,0.0,0.0,0.0,0.0,0.0,0.0,0.0,0.0,41.98851483733408,5.670001655653114,0.3273576982196949,41.34429791061049,42.63273176405767,39.34481724999205,48.328617319997285,50.042213799993625,24.387621328523643,-0.0
OCBA,256,False,300,285,0.95,0.9191529665272558,0.9694683593706526,153,0.51,0.45366418945602693,0.5660829511194823,262,0.8733333333333333,0.8309188299507383,0.9063077515349339,435209.5250658767,572323.4557736497,33043.11012544535,370183.00829180854,500236.0418399449,0.0,1196486.969677031,1224078.9742201376,0.001660682840197497,21.26708702533353,2.5613814658658907,0.147881427881499,20.976066775901735,21.558107274765327,19.93685539999933,24.7594045299993,25.760817610001688,12.037379623032091,1.3534431578275277
OCBA,256,True,300,278,0.9266666666666666,0.8914686583942826,0.9510760061607713,255,0.85,0.805182388854671,0.8859675312881468,275,0.9166666666666666,0.8798783980359391,0.9429191259436057,243650.09358700702,704870.1021380718,40695.69432131347,163563.82932886694,323736.35784514714,0.0,889470.1203853488,1815590.1775758413,0.0009297258128052448,10.733794305333529,1.3708550474900927,0.07914635306883622,10.57803984893102,10.889548761736037,10.436059550007485,12.816267740001786,13.031096919989796,23.84990737830665,0.7098031941928574
OCBA,512,False,300,300,1.0,0.9873570287754538,1.0,205,0.6833333333333333,0.628659261236736,0.7333716493142638,289,0.9633333333333334,0.9355461518281071,0.979404694837147,213800.06377993466,340541.35996177676,19661.164584413305,175108.2746658845,252491.85289398482,0.0,535189.1107609272,889470.1203853488,0.00081582336025096,43.19809372800041,5.2147355103891275,0.3010728950675863,42.60560344524541,43.79058401075541,40.343917999998666,50.24675972999976,52.278583235001136,11.852374857646291,0.8788727210818471
OCBA,512,True,300,298,0.9933333333333333,0.9760224167496929,0.998169851642088,295,0.9833333333333333,0.9615846051669054,0.9928605226493666,297,0.99,0.9710165066376601,0.9965933815622847,21649.578486899336,174137.09838652666,10053.81006293615,1864.3873768962949,41434.76959690238,0.0,0.0,0.0,8.261097567949708e-05,24.318336000666676,3.2321607889242716,0.18660889015495813,23.951102829219316,24.685569172114036,23.713077699998394,29.284277419999125,30.261563430004028,21.05407212014686,0.10696905971831198
OCBA,1024,False,300,300,1.0,0.9873570287754538,1.0,252,0.84,0.7942563251514081,0.8771464544159004,299,0.9966666666666667,0.9813633063054688,0.9994113422781488,100824.88760436415,241206.53773574615,13926.065949203065,73419.36924956227,128230.40595916603,0.0,535189.1107609272,535189.1107609272,0.00038473000030057734,86.91449483400014,10.863197214623298,0.6271869836122753,85.68023496089774,88.14875470710254,80.35246695000023,100.72459452999901,105.50594254500247,11.781694203662571,0.5411169418625987
OCBA,1024,True,300,300,1.0,0.9873570287754538,1.0,300,1.0,0.9873570287754538,1.0,300,1.0,0.9873570287754538,1.0,0.0,0.0,0.0,0.0,0.0,0.0,0.0,0.0,0.0,52.863960779000045,7.897809295455971,0.4559802322739833,51.96662375140062,53.76129780659947,50.79587534999882,64.03368844000506,66.40508552999745,19.370474419820226,-0.0
SH,256,False,300,291,0.97,0.9439774608583589,0.9841381461905676,157,0.5233333333333333,0.466878323217167,0.5791983381256874,268,0.8933333333333333,0.8532967116826325,0.9234241509540578,380294.3210268115,467379.78546842694,26984.184495398582,327191.3437627748,433397.2982908482,0.0,1196486.969677031,1196486.969677031,0.0014511361006131196,21.230173695999813,2.5266791079387736,0.14587788631242543,20.943096275465003,21.517251116534624,19.92576579999877,24.75256390999857,25.7466496249981,12.058309256708318,1.251684959165565
SH,256,True,300,300,1.0,0.9873570287754538,1.0,300,1.0,0.9873570287754538,1.0,300,1.0,0.9873570287754538,1.0,0.0,0.0,0.0,0.0,0.0,0.0,0.0,0.0,0.0,11.390032172999708,1.4086442171170614,0.08132811179449449,11.229984168870233,11.550080177129184,10.915289149997989,13.392447260004701,13.63427681498797,22.47579252733394,-0.0
SH,512,False,300,298,0.9933333333333333,0.9760224167496929,0.998169851642088,213,0.71,0.6562544981888744,0.7584354538968162,294,0.98,0.9570603791821394,0.9908023684422963,201633.1507067728,344384.9733574352,19883.07570727773,162504.6561101421,240761.64530340352,0.0,889470.1203853488,889470.1203853488,0.0007693965644318288,43.28407331200047,5.220151674519809,0.30138559744946875,42.69096765295058,43.87717897105036,40.2578660500003,50.54620200000208,52.64398774000074,11.828831272634602,0.8545214966409331
SH,512,True,300,300,1.0,0.9873570287754538,1.0,300,1.0,0.9873570287754538,1.0,300,1.0,0.9873570287754538,1.0,0.0,0.0,0.0,0.0,0.0,0.0,0.0,0.0,0.0,22.58841899199996,2.5566586460065674,0.14760875574978757,22.297935342146083,22.878902641853834,21.244984749999276,26.16508428999805,27.05928954499177,22.66648233244358,-0.0
SH,1024,False,300,300,1.0,0.9873570287754538,1.0,255,0.85,0.805182388854671,0.8859675312881468,299,0.9966666666666667,0.9813633063054688,0.9994113422781488,93111.12309925874,231152.76768402738,13345.611264630023,66847.8987397763,119374.34745874118,0.0,535189.1107609272,535189.1107609272,0.00035529563453155137,86.57946349333346,10.831504332480417,0.6253571942086166,85.34880451708666,87.81012246958026,80.1665628999981,100.59617774999207,105.06553721000601,11.827285116855073,0.5130011167776873
SH,1024,True,300,300,1.0,0.9873570287754538,1.0,300,1.0,0.9873570287754538,1.0,300,1.0,0.9873570287754538,1.0,0.0,0.0,0.0,0.0,0.0,0.0,0.0,0.0,0.0,45.218118400000144,5.9174629344950205,0.3416448818150333,44.545785300791906,45.89045149920838,41.99749945000076,52.12021756999602,54.08374703999798,22.645789701855367,-0.0
SR,256,False,300,281,0.9366666666666666,0.9032086875144784,0.9590831176160847,163,0.5433333333333333,0.48677384505565635,0.5987970974382163,257,0.8566666666666667,0.8124994228503402,0.8918152576761502,426732.7034181129,557519.4694624413,32188.401577259778,363388.19295442314,490077.2138818026,0.0,1196486.969677031,1748327.060539037,0.0016283367828640203,21.233096034999956,2.5743343704611816,0.14862926417698688,20.940604096334663,21.52558797366525,19.873779000001377,24.680896949999443,25.51208380500539,12.056649655708135,1.3426141305763164
SR,256,True,300,300,1.0,0.9873570287754538,1.0,300,1.0,0.9873570287754538,1.0,300,1.0,0.9873570287754538,1.0,0.0,0.0,0.0,0.0,0.0,0.0,0.0,0.0,0.0,11.140004311333348,1.3608659437519273,0.07856963189561693,10.985384801638395,11.294623821028301,10.743505450001976,13.148083690002387,13.465984400005983,22.98024245282894,-0.0
SR,512,False,300,297,0.99,0.9710165066376601,0.9965933815622847,201,0.67,0.6149358533991501,0.7207655363845044,292,0.9733333333333334,0.9482710570494102,0.9864269301913529,228183.87184925587,361000.58397362323,20842.378433478345,187167.53695611938,269200.2067423924,0.0,889470.1203853488,889470.1203853488,0.0008707094366386499,43.16616369466686,5.258084288081471,0.3035756379145579,42.56874819000926,43.763579199324454,40.17190154999844,50.15992087000923,52.85851755000185,11.861142065382502,0.9258309150871676
SR,512,True,300,300,1.0,0.9873570287754538,1.0,300,1.0,0.9873570287754538,1.0,300,1.0,0.9873570287754538,1.0,0.0,0.0,0.0,0.0,0.0,0.0,0.0,0.0,0.0,21.769399828666863,2.4071023865573884,0.13897412108458987,21.495908532552175,22.04289112478155,20.478359500004444,25.12372103000671,25.730312019991107,23.51925197890742,-0.0
SR,1024,False,300,300,1.0,0.9873570287754538,1.0,238,0.7933333333333333,0.743944983244025,0.8353044736375745,298,0.9933333333333333,0.9760224167496929,0.998169851642088,124461.89554001689,254979.92476334487,14721.272820006767,95491.46599111553,153432.32508891824,0.0,535189.1107609272,535189.1107609272,0.00047492465646397096,86.68640568166661,10.89020569308546,0.6287463188433284,85.44907714649901,87.92373421683422,80.15337279999949,100.60149673998967,105.23192920499497,11.812694181373432,0.6174927400075219
SR,1024,True,300,300,1.0,0.9873570287754538,1.0,300,1.0,0.9873570287754538,1.0,300,1.0,0.9873570287754538,1.0,0.0,0.0,0.0,0.0,0.0,0.0,0.0,0.0,0.0,43.21213078300018,5.658656566407037,0.3267026891866746,42.56920286798618,43.855058698014176,40.25882785000067,49.55358285999682,51.62513353000177,23.69704944989303,-0.0
Uniform,256,False,300,249,0.83,0.7833857374317239,0.8682699015600757,121,0.4033333333333333,0.3493821700801514,0.459728804356594,215,0.7166666666666667,0.6631855651003921,0.7646691473689714,705331.9763025317,799876.9217773916,46180.91561067462,614451.1823276671,796212.7702773962,535189.1107609272,1771119.2750830352,1771119.2750830352,0.0026914225039327893,21.377857099000174,2.6405156513363828,0.15245024220984804,21.077845744299168,21.67786845370118,20.00638254999285,24.86107328999788,26.03760781000383,11.975007542359,1.7310914135803648
Uniform,256,True,300,300,1.0,0.9873570287754538,1.0,300,1.0,0.9873570287754538,1.0,300,1.0,0.9873570287754538,1.0,0.0,0.0,0.0,0.0,0.0,0.0,0.0,0.0,0.0,8.816358608000131,1.1017750215554827,0.06361101052814636,8.691176613102543,8.94154060289772,8.499001399999543,10.245973210000376,10.434445054996468,29.036931388850352,-0.0
Uniform,512,False,300,272,0.9066666666666666,0.8684146029829267,0.934635780421109,123,0.41,0.35582394979935006,0.4664517850210681,244,0.8133333333333334,0.7653812201652491,0.8533625178673686,558861.8268258453,592145.0521816044,34187.51052763543,491583.2105470166,626140.443104674,535189.1107609272,1196486.969677031,1748327.060539037,0.0021325182294910094,43.31434638000016,5.18324467680575,0.29925477094294944,42.72543403765208,43.90325872234824,40.36927084999479,50.50502523000032,52.17756915999853,11.820563919127022,1.5420174674935165
Uniform,512,True,300,300,1.0,0.9873570287754538,1.0,300,1.0,0.9873570287754538,1.0,300,1.0,0.9873570287754538,1.0,0.0,0.0,0.0,0.0,0.0,0.0,0.0,0.0,0.0,18.178926751333396,1.9776913894841348,0.11418206560926701,17.95422447674572,18.403629025921074,17.33667950000381,21.03054886999744,21.343215810003315,28.164478959817888,-0.0
Uniform,1024,False,300,293,0.9766666666666667,0.9526280277317246,0.9886523397008747,163,0.5433333333333333,0.48677384505565635,0.5987970974382163,270,0.9,0.8608335376153785,0.9290520854049847,382333.677890773,481295.98778088373,27787.636810518004,327649.56297813327,437017.7928034127,0.0,920171.805314524,1196486.969677031,0.0014589179269610313,86.66700801599939,10.817723123960793,0.6245615357637603,85.43791483961266,87.89610119238611,80.16966224999851,100.42709700999839,105.34880238499173,11.815338078948818,1.2469076404103943
Uniform,1024,True,300,300,1.0,0.9873570287754538,1.0,300,1.0,0.9873570287754538,1.0,300,1.0,0.9873570287754538,1.0,0.0,0.0,0.0,0.0,0.0,0.0,0.0,0.0,0.0,36.6203822789997,4.834584018170895,0.2791248384310828,36.07108422807801,37.16968032992139,34.30460224999479,41.89341610000847,43.8136693349923,27.96256992071932,-0.0
