method,budget,contrast,metric,effect,ci_low,ci_high,interval
CPC-v1,256,ON minus OFF,PGS,0.16666666666666663,0.12671224324118724,0.2129966496126834,"independent Newcombe-Wilson, descriptive 95%"
CPC-v1,256,ON minus OFF,exact_PCS,0.6633333333333333,0.6060954115062248,0.7143471082778473,"independent Newcombe-Wilson, descriptive 95%"
CPC-v1,256,ON minus OFF,top3_PCS,0.29000000000000004,0.23994165488577043,0.3437455018111256,"independent Newcombe-Wilson, descriptive 95%"
CPC-v1,256,ON minus OFF,EOC,-782453.9052975549,-877645.9777024352,-687261.8328926746,"independent Welch mean difference, descriptive 95%"
CPC-v1,256,ON minus OFF,nEOC,-0.002985706191923254,-0.0033489423622292546,-0.0026224700216172536,"independent Welch mean difference, descriptive 95%"
CPC-v1,256,ON minus OFF,runtime,-12.372870713999657,-12.685170557164323,-12.06057087083499,"independent Welch mean difference, descriptive 95%"
CPC-v1,512,ON minus OFF,PGS,0.11333333333333329,0.07977204368571611,0.15419939587169118,"independent Newcombe-Wilson, descriptive 95%"
CPC-v1,512,ON minus OFF,exact_PCS,0.5800000000000001,0.5214663591588339,0.6344597823471024,"independent Newcombe-Wilson, descriptive 95%"
CPC-v1,512,ON minus OFF,top3_PCS,0.20666666666666667,0.16283264631918995,0.256055016755975,"independent Newcombe-Wilson, descriptive 95%"
CPC-v1,512,ON minus OFF,EOC,-584885.0801891669,-662217.3374257116,-507552.8229526224,"independent Welch mean difference, descriptive 95%"
CPC-v1,512,ON minus OFF,nEOC,-0.002231818377620898,-0.002526904641109798,-0.0019367321141319982,"independent Welch mean difference, descriptive 95%"
CPC-v1,512,ON minus OFF,runtime,-25.119325942999737,-25.753414402760992,-24.485237483238482,"independent Welch mean difference, descriptive 95%"
CPC-v1,1024,ON minus OFF,PGS,0.020000000000000018,0.003370631841593589,0.042939620817860624,"independent Newcombe-Wilson, descriptive 95%"
CPC-v1,1024,ON minus OFF,exact_PCS,0.42333333333333334,0.3672937218305403,0.4798667327770365,"independent Newcombe-Wilson, descriptive 95%"
CPC-v1,1024,ON minus OFF,top3_PCS,0.11333333333333329,0.07977204368571611,0.15419939587169118,"independent Newcombe-Wilson, descriptive 95%"
CPC-v1,1024,ON minus OFF,EOC,-366684.80669906974,-422002.1191077958,-311367.49429034366,"independent Welch mean difference, descriptive 95%"
CPC-v1,1024,ON minus OFF,nEOC,-0.0013992045926708666,-0.0016102857069206296,-0.0011881234784211036,"independent Welch mean difference, descriptive 95%"
CPC-v1,1024,ON minus OFF,runtime,-50.14346607433292,-51.494234635360854,-48.79269751330499,"independent Welch mean difference, descriptive 95%"
CPC-v2,256,ON minus OFF,PGS,0.17000000000000004,0.12969578078162802,0.2166142625682761,"independent Newcombe-Wilson, descriptive 95%"
CPC-v2,256,ON minus OFF,exact_PCS,0.6333333333333333,0.576024723561595,0.6858584934917717,"independent Newcombe-Wilson, descriptive 95%"
CPC-v2,256,ON minus OFF,top3_PCS,0.2866666666666666,0.2368161534451627,0.34028162887277513,"independent Newcombe-Wilson, descriptive 95%"
CPC-v2,256,ON minus OFF,EOC,-724639.0743297121,-810849.9952777472,-638428.153381677,"independent Welch mean difference, descriptive 95%"
CPC-v2,256,ON minus OFF,nEOC,-0.0027650949870497345,-0.00309406066636099,-0.002436129307738479,"independent Welch mean difference, descriptive 95%"
CPC-v2,256,ON minus OFF,runtime,-12.530519272000333,-12.852685888628317,-12.20835265537235,"independent Welch mean difference, descriptive 95%"
CPC-v2,512,ON minus OFF,PGS,0.08666666666666667,0.05700000904806202,0.12395595869424836,"independent Newcombe-Wilson, descriptive 95%"
CPC-v2,512,ON minus OFF,exact_PCS,0.5633333333333334,0.5053637258705246,0.6183060069021631,"independent Newcombe-Wilson, descriptive 95%"
CPC-v2,512,ON minus OFF,top3_PCS,0.16333333333333333,0.12373392733498562,0.20937316743012513,"independent Newcombe-Wilson, descriptive 95%"
CPC-v2,512,ON minus OFF,EOC,-521862.1157470406,-588120.3209742446,-455603.9105198366,"independent Welch mean difference, descriptive 95%"
CPC-v2,512,ON minus OFF,nEOC,-0.00199133385336428,-0.0022441634862323707,-0.001738504220496189,"independent Welch mean difference, descriptive 95%"
CPC-v2,512,ON minus OFF,runtime,-23.816006084333083,-24.449131902607387,-23.182880266058778,"independent Welch mean difference, descriptive 95%"
CPC-v2,1024,ON minus OFF,PGS,0.030000000000000027,0.011033400434169456,0.056022539141641126,"independent Newcombe-Wilson, descriptive 95%"
CPC-v2,1024,ON minus OFF,exact_PCS,0.42333333333333334,0.3672937218305403,0.4798667327770365,"independent Newcombe-Wilson, descriptive 95%"
CPC-v2,1024,ON minus OFF,top3_PCS,0.09999999999999998,0.06831611785523703,0.1391664623846215,"independent Newcombe-Wilson, descriptive 95%"
CPC-v2,1024,ON minus OFF,EOC,-349704.1227909508,-403145.68646537734,-296262.5591165243,"independent Welch mean difference, descriptive 95%"
CPC-v2,1024,ON minus OFF,nEOC,-0.001334409295792283,-0.0015383328834803242,-0.0011304857081042418,"independent Welch mean difference, descriptive 95%"
CPC-v2,1024,ON minus OFF,runtime,-44.759099981665855,-46.14986720572643,-43.36833275760528,"independent Welch mean difference, descriptive 95%"
OCBA,256,ON minus OFF,PGS,-0.023333333333333317,-0.06355666987976732,0.016003104337191154,"independent Newcombe-Wilson, descriptive 95%"
OCBA,256,ON minus OFF,exact_PCS,0.33999999999999997,0.26820922291098837,0.4068385132734881,"independent Newcombe-Wilson, descriptive 95%"
OCBA,256,ON minus OFF,top3_PCS,0.043333333333333335,-0.0060699961554836965,0.0932150104831597,"independent Newcombe-Wilson, descriptive 95%"
OCBA,256,ON minus OFF,EOC,-191559.4314788697,-294520.3533716608,-88598.50958607858,"independent Welch mean difference, descriptive 95%"
OCBA,256,ON minus OFF,nEOC,-0.0007309570273922525,-0.0011238377580527117,-0.00033807629673179336,"independent Welch mean difference, descriptive 95%"
OCBA,256,ON minus OFF,runtime,-10.533292720000002,-10.862908146549122,-10.203677293450882,"independent Welch mean difference, descriptive 95%"
OCBA,512,ON minus OFF,PGS,-0.00666666666666671,-0.023977583250307077,0.006869825889960442,"independent Newcombe-Wilson, descriptive 95%"
OCBA,512,ON minus OFF,exact_PCS,0.29999999999999993,0.24543957255423468,0.3554979413662116,"independent Newcombe-Wilson, descriptive 95%"
OCBA,512,ON minus OFF,top3_PCS,0.026666666666666616,0.001793756084584295,0.05522538051078549,"independent Newcombe-Wilson, descriptive 95%"
OCBA,512,ON minus OFF,EOC,-192150.48529303534,-235549.49435370453,-148751.47623236614,"independent Welch mean difference, descriptive 95%"
OCBA,512,ON minus OFF,nEOC,-0.0007332123845714628,-0.0008988153538946172,-0.0005676094152483083,"independent Welch mean difference, descriptive 95%"
OCBA,512,ON minus OFF,runtime,-18.879757727333732,-19.575692324794108,-18.183823129873357,"independent Welch mean difference, descriptive 95%"
OCBA,1024,ON minus OFF,PGS,0.0,-0.012642971224546162,0.012642971224546162,"independent Newcombe-Wilson, descriptive 95%"
OCBA,1024,ON minus OFF,exact_PCS,0.16000000000000003,0.1207609404157379,0.2057436748485919,"independent Newcombe-Wilson, descriptive 95%"
OCBA,1024,ON minus OFF,top3_PCS,0.0033333333333332993,-0.009604130312875207,0.018636693694531248,"independent Newcombe-Wilson, descriptive 95%"
OCBA,1024,ON minus OFF,EOC,-100824.88760436415,-128230.40595916603,-73419.36924956227,"independent Welch mean difference, descriptive 95%"
OCBA,1024,ON minus OFF,nEOC,-0.0003847300003005774,-0.0004893046280081121,-0.0002801553725930427,"independent Welch mean difference, descriptive 95%"
OCBA,1024,ON minus OFF,runtime,-34.05053405500009,-35.573712103417606,-32.52735600658258,"independent Welch mean difference, descriptive 95%"
SH,256,ON minus OFF,PGS,0.030000000000000027,0.011033400434169456,0.056022539141641126,"independent Newcombe-Wilson, descriptive 95%"
SH,256,ON minus OFF,exact_PCS,0.4766666666666667,0.4193888919033743,0.5331216767828331,"independent Newcombe-Wilson, descriptive 95%"
SH,256,ON minus OFF,top3_PCS,0.10666666666666669,0.07402770181683715,0.14670328831736745,"independent Newcombe-Wilson, descriptive 95%"
SH,256,ON minus OFF,EOC,-380294.3210268115,-433397.2982908482,-327191.3437627748,"independent Welch mean difference, descriptive 95%"
SH,256,ON minus OFF,nEOC,-0.0014511361006131196,-0.001653767702236349,-0.0012485044989898903,"independent Welch mean difference, descriptive 95%"
SH,256,ON minus OFF,runtime,-9.840141523000105,-10.168336343829179,-9.51194670217103,"independent Welch mean difference, descriptive 95%"
SH,512,ON minus OFF,PGS,0.00666666666666671,-0.006869825889960442,0.023977583250307077,"independent Newcombe-Wilson, descriptive 95%"
SH,512,ON minus OFF,exact_PCS,0.29000000000000004,0.23994165488577043,0.3437455018111256,"independent Newcombe-Wilson, descriptive 95%"
SH,512,ON minus OFF,top3_PCS,0.020000000000000018,0.003370631841593589,0.042939620817860624,"independent Newcombe-Wilson, descriptive 95%"
SH,512,ON minus OFF,EOC,-201633.1507067728,-240761.64530340352,-162504.6561101421,"independent Welch mean difference, descriptive 95%"
SH,512,ON minus OFF,nEOC,-0.0007693965644318288,-0.000918704003255805,-0.0006200891256078527,"independent Welch mean difference, descriptive 95%"
SH,512,ON minus OFF,runtime,-20.695654320000514,-21.35523817282117,-20.036070467179858,"independent Welch mean difference, descriptive 95%"
SH,1024,ON minus OFF,PGS,0.0,-0.012642971224546162,0.012642971224546162,"independent Newcombe-Wilson, descriptive 95%"
SH,1024,ON minus OFF,exact_PCS,0.15000000000000002,0.11187509962834633,0.19481761114532903,"independent Newcombe-Wilson, descriptive 95%"
SH,1024,ON minus OFF,top3_PCS,0.0033333333333332993,-0.009604130312875207,0.018636693694531248,"independent Newcombe-Wilson, descriptive 95%"
SH,1024,ON minus OFF,EOC,-93111.12309925874,-119374.34745874118,-66847.8987397763,"independent Welch mean difference, descriptive 95%"
SH,1024,ON minus OFF,nEOC,-0.00035529563453155137,-0.0004555114696869228,-0.00025507979937617996,"independent Welch mean difference, descriptive 95%"
SH,1024,ON minus OFF,runtime,-41.36134509333332,-42.76166874661254,-39.9610214400541,"independent Welch mean difference, descriptive 95%"
SR,256,ON minus OFF,PGS,0.06333333333333335,0.03759732753304712,0.09679131248552164,"independent Newcombe-Wilson, descriptive 95%"
SR,256,ON minus OFF,exact_PCS,0.45666666666666667,0.39978016694953866,0.5132261549443436,"independent Newcombe-Wilson, descriptive 95%"
SR,256,ON minus OFF,top3_PCS,0.1433333333333333,0.10598004470519978,0.18750057714965984,"independent Newcombe-Wilson, descriptive 95%"
SR,256,ON minus OFF,EOC,-426732.7034181129,-490077.2138818026,-363388.19295442314,"independent Welch mean difference, descriptive 95%"
SR,256,ON minus OFF,nEOC,-0.0016283367828640203,-0.001870048270065127,-0.0013866252956629137,"independent Welch mean difference, descriptive 95%"
SR,256,ON minus OFF,runtime,-10.093091723666609,-10.423478778091743,-9.762704669241474,"independent Welch mean difference, descriptive 95%"
SR,512,ON minus OFF,PGS,0.010000000000000009,-0.004258941118139813,0.02898349336233985,"independent Newcombe-Wilson, descriptive 95%"
SR,512,ON minus OFF,exact_PCS,0.32999999999999996,0.27768380359973466,0.38506414660084987,"independent Newcombe-Wilson, descriptive 95%"
SR,512,ON minus OFF,top3_PCS,0.026666666666666616,0.00846537550188823,0.05172894295058983,"independent Newcombe-Wilson, descriptive 95%"
SR,512,ON minus OFF,EOC,-228183.87184925587,-269200.2067423924,-187167.53695611938,"independent Welch mean difference, descriptive 95%"
SR,512,ON minus OFF,nEOC,-0.0008707094366386499,-0.00102722054129454,-0.00071419833198276,"independent Welch mean difference, descriptive 95%"
SR,512,ON minus OFF,runtime,-21.396763865999993,-22.0530407084038,-20.740487023596188,"independent Welch mean difference, descriptive 95%"
SR,1024,ON minus OFF,PGS,0.0,-0.012642971224546162,0.012642971224546162,"independent Newcombe-Wilson, descriptive 95%"
SR,1024,ON minus OFF,exact_PCS,0.20666666666666667,0.16283264631918995,0.256055016755975,"independent Newcombe-Wilson, descriptive 95%"
SR,1024,ON minus OFF,top3_PCS,0.00666666666666671,-0.006869825889960442,0.023977583250307077,"independent Newcombe-Wilson, descriptive 95%"
SR,1024,ON minus OFF,EOC,-124461.89554001689,-153432.32508891827,-95491.46599111553,"independent Welch mean difference, descriptive 95%"
SR,1024,ON minus OFF,nEOC,-0.00047492465646397096,-0.0005854707094662085,-0.0003643786034617335,"independent Welch mean difference, descriptive 95%"
SR,1024,ON minus OFF,runtime,-43.47427489866644,-44.86677552950131,-42.08177426783156,"independent Welch mean difference, descriptive 95%"
Uniform,256,ON minus OFF,PGS,0.17000000000000004,0.12969578078162802,0.2166142625682761,"independent Newcombe-Wilson, descriptive 95%"
Uniform,256,ON minus OFF,exact_PCS,0.5966666666666667,0.5388713911389893,0.6506178299198486,"independent Newcombe-Wilson, descriptive 95%"
Uniform,256,ON minus OFF,top3_PCS,0.2833333333333333,0.23369380397456685,0.33681443489960794,"independent Newcombe-Wilson, descriptive 95%"
Uniform,256,ON minus OFF,EOC,-705331.9763025317,-796212.7702773962,-614451.1823276671,"independent Welch mean difference, descriptive 95%"
Uniform,256,ON minus OFF,nEOC,-0.0026914225039327893,-0.0030382075956302576,-0.002344637412235321,"independent Welch mean difference, descriptive 95%"
Uniform,256,ON minus OFF,runtime,-12.561498491000043,-12.886245645555501,-12.236751336444584,"independent Welch mean difference, descriptive 95%"
Uniform,512,ON minus OFF,PGS,0.09333333333333338,0.0626394244002301,0.13158539701707328,"independent Newcombe-Wilson, descriptive 95%"
Uniform,512,ON minus OFF,exact_PCS,0.5900000000000001,0.5321497730907684,0.6441760502006499,"independent Newcombe-Wilson, descriptive 95%"
Uniform,512,ON minus OFF,top3_PCS,0.18666666666666665,0.14468833492462918,0.23461877983475088,"independent Newcombe-Wilson, descriptive 95%"
Uniform,512,ON minus OFF,EOC,-558861.8268258453,-626140.443104674,-491583.2105470166,"independent Welch mean difference, descriptive 95%"
Uniform,512,ON minus OFF,nEOC,-0.0021325182294910094,-0.0023892415710804905,-0.0018757948879015286,"independent Welch mean difference, descriptive 95%"
Uniform,512,ON minus OFF,runtime,-25.135419628666764,-25.765176214909015,-24.505663042424512,"independent Welch mean difference, descriptive 95%"
Uniform,1024,ON minus OFF,PGS,0.023333333333333317,0.005912050961830225,0.047371972268275386,"independent Newcombe-Wilson, descriptive 95%"
Uniform,1024,ON minus OFF,exact_PCS,0.45666666666666667,0.39978016694953866,0.5132261549443436,"independent Newcombe-Wilson, descriptive 95%"
Uniform,1024,ON minus OFF,top3_PCS,0.09999999999999998,0.06831611785523703,0.1391664623846215,"independent Newcombe-Wilson, descriptive 95%"
Uniform,1024,ON minus OFF,EOC,-382333.677890773,-437017.7928034127,-327649.56297813327,"independent Welch mean difference, descriptive 95%"
Uniform,1024,ON minus OFF,nEOC,-0.0014589179269610315,-0.0016675828711693705,-0.0012502529827526925,"independent Welch mean difference, descriptive 95%"
Uniform,1024,ON minus OFF,runtime,-50.04662573699969,-51.39136250861781,-48.70188896538156,"independent Welch mean difference, descriptive 95%"
