method,budget,crn,family,selection_count,selection_frequency,mean_reference_regret
CPC-v1,256,False,Hybrid,216,0.72,542172.2465688705
CPC-v1,256,False,Inventory,0,0.0,
CPC-v1,256,False,Static,3,0.01,4339058.377197087
CPC-v1,256,False,Time,0,0.0,
CPC-v1,256,False,Velocity,81,0.27,1298086.1766612383
CPC-v1,256,True,Hybrid,300,1.0,1783.9637025363247
CPC-v1,256,True,Inventory,0,0.0,
CPC-v1,256,True,Static,0,0.0,
CPC-v1,256,True,Time,0,0.0,
CPC-v1,256,True,Velocity,0,0.0,
CPC-v1,512,False,Hybrid,240,0.7999999999999999,418478.6847309664
CPC-v1,512,False,Inventory,0,0.0,
CPC-v1,512,False,Static,1,0.0033333333333333335,5430801.949914277
CPC-v1,512,False,Time,0,0.0,
CPC-v1,512,False,Velocity,59,0.19666666666666668,1188729.269189226
CPC-v1,512,True,Hybrid,300,1.0,1783.9637025363247
CPC-v1,512,True,Inventory,0,0.0,
CPC-v1,512,True,Static,0,0.0,
CPC-v1,512,True,Time,0,0.0,
CPC-v1,512,True,Velocity,0,0.0,
CPC-v1,1024,False,Hybrid,255,0.85,267513.67954111483
CPC-v1,1024,False,Inventory,0,0.0,
CPC-v1,1024,False,Static,0,0.0,
CPC-v1,1024,False,Time,0,0.0,
CPC-v1,1024,False,Velocity,45,0.15,928654.5272608028
CPC-v1,1024,True,Hybrid,300,1.0,0.0
CPC-v1,1024,True,Inventory,0,0.0,
CPC-v1,1024,True,Static,0,0.0,
CPC-v1,1024,True,Time,0,0.0,
CPC-v1,1024,True,Velocity,0,0.0,
CPC-v2,256,False,Hybrid,236,0.7866666666666666,578874.9747731537
CPC-v2,256,False,Inventory,0,0.0,
CPC-v2,256,False,Static,0,0.0,
CPC-v2,256,False,Time,0,0.0,
CPC-v2,256,False,Velocity,64,0.21333333333333335,1262144.1914445236
CPC-v2,256,True,Hybrid,300,1.0,0.0
CPC-v2,256,True,Inventory,0,0.0,
CPC-v2,256,True,Static,0,0.0,
CPC-v2,256,True,Time,0,0.0,
CPC-v2,256,True,Velocity,0,0.0,
CPC-v2,512,False,Hybrid,243,0.81,392062.87699841853
CPC-v2,512,False,Inventory,0,0.0,
CPC-v2,512,False,Static,0,0.0,
CPC-v2,512,False,Time,0,0.0,
CPC-v2,512,False,Velocity,57,0.18999999999999997,1075216.765149046
CPC-v2,512,True,Hybrid,300,1.0,0.0
CPC-v2,512,True,Inventory,0,0.0,
CPC-v2,512,True,Static,0,0.0,
CPC-v2,512,True,Time,0,0.0,
CPC-v2,512,True,Velocity,0,0.0,
CPC-v2,1024,False,Hybrid,262,0.8733333333333333,257957.15894599294
CPC-v2,1024,False,Inventory,0,0.0,
CPC-v2,1024,False,Static,0,0.0,
CPC-v2,1024,False,Time,0,0.0,
CPC-v2,1024,False,Velocity,38,0.12666666666666665,982275.2945640557
CPC-v2,1024,True,Hybrid,300,1.0,0.0
CPC-v2,1024,True,Inventory,0,0.0,
CPC-v2,1024,True,Static,0,0.0,
CPC-v2,1024,True,Time,0,0.0,
CPC-v2,1024,True,Velocity,0,0.0,
OCBA,256,False,Hybrid,255,0.8500000000000001,324080.6286444616
OCBA,256,False,Inventory,0,0.0,
OCBA,256,False,Static,0,0.0,
OCBA,256,False,Time,1,0.0033333333333333335,4377366.144980341
OCBA,256,False,Velocity,44,0.14666666666666667,989657.524328271
OCBA,256,True,Hybrid,281,0.9366666666666666,137010.53926534054
OCBA,256,True,Inventory,0,0.0,
OCBA,256,True,Static,0,0.0,
OCBA,256,True,Time,0,0.0,
OCBA,256,True,Velocity,19,0.06333333333333334,1820792.975923215
OCBA,512,False,Hybrid,283,0.9433333333333334,173212.1098495682
OCBA,512,False,Inventory,0,0.0,
OCBA,512,False,Static,0,0.0,
OCBA,512,False,Time,0,0.0,
OCBA,512,False,Velocity,17,0.056666666666666664,889470.1203853488
OCBA,512,True,Hybrid,297,0.99,9915.198754936457
OCBA,512,True,Inventory,0,0.0,
OCBA,512,True,Static,0,0.0,
OCBA,512,True,Time,0,0.0,
OCBA,512,True,Velocity,3,0.01,1183353.1719512541
OCBA,1024,False,Hybrid,289,0.9633333333333333,70807.2489863992
OCBA,1024,False,Inventory,0,0.0,
OCBA,1024,False,Static,0,0.0,
OCBA,1024,False,Time,0,0.0,
OCBA,1024,False,Velocity,11,0.03666666666666667,889470.1203853488
OCBA,1024,True,Hybrid,300,1.0,0.0
OCBA,1024,True,Inventory,0,0.0,
OCBA,1024,True,Static,0,0.0,
OCBA,1024,True,Time,0,0.0,
OCBA,1024,True,Velocity,0,0.0,
SH,256,False,Hybrid,264,0.8799999999999999,297502.93695219175
SH,256,False,Inventory,0,0.0,
SH,256,False,Static,0,0.0,
SH,256,False,Time,0,0.0,
SH,256,False,Velocity,36,0.12000000000000001,987431.137573984
SH,256,True,Hybrid,300,1.0,0.0
SH,256,True,Inventory,0,0.0,
SH,256,True,Static,0,0.0,
SH,256,True,Time,0,0.0,
SH,256,True,Velocity,0,0.0,
SH,512,False,Hybrid,275,0.9166666666666666,139102.51709962412
SH,512,False,Inventory,0,0.0,
SH,512,False,Static,0,0.0,
SH,512,False,Time,0,0.0,
SH,512,False,Velocity,25,0.08333333333333333,889470.1203853488
SH,512,True,Hybrid,300,1.0,0.0
SH,512,True,Inventory,0,0.0,
SH,512,True,Static,0,0.0,
SH,512,True,Time,0,0.0,
SH,512,True,Velocity,0,0.0,
SH,1024,False,Hybrid,291,0.97,68481.46338937618
SH,1024,False,Inventory,0,0.0,
SH,1024,False,Static,0,0.0,
SH,1024,False,Time,0,0.0,
SH,1024,False,Velocity,9,0.03,889470.1203853488
SH,1024,True,Hybrid,300,1.0,0.0
SH,1024,True,Inventory,0,0.0,
SH,1024,True,Static,0,0.0,
SH,1024,True,Time,0,0.0,
SH,1024,True,Velocity,0,0.0,
SR,256,False,Hybrid,253,0.8433333333333334,305860.41909102193
SR,256,False,Inventory,0,0.0,
SR,256,False,Static,0,0.0,
SR,256,False,Time,0,0.0,
SR,256,False,Velocity,47,0.15666666666666665,1077385.638200103
SR,256,True,Hybrid,300,1.0,0.0
SR,256,True,Inventory,0,0.0,
SR,256,True,Static,0,0.0,
SR,256,True,Time,0,0.0,
SR,256,True,Velocity,0,0.0,
SR,512,False,Hybrid,275,0.9166666666666666,164860.9432379766
SR,512,False,Inventory,0,0.0,
SR,512,False,Static,0,0.0,
SR,512,False,Time,0,0.0,
SR,512,False,Velocity,25,0.08333333333333333,924736.0865732575
SR,512,True,Hybrid,300,1.0,0.0
SR,512,True,Inventory,0,0.0,
SR,512,True,Static,0,0.0,
SR,512,True,Time,0,0.0,
SR,512,True,Velocity,0,0.0,
SR,1024,False,Hybrid,292,0.9733333333333334,103502.76609219448
SR,1024,False,Inventory,0,0.0,
SR,1024,False,Static,0,0.0,
SR,1024,False,Time,0,0.0,
SR,1024,False,Velocity,8,0.02666666666666667,889470.1203853488
SR,1024,True,Hybrid,300,1.0,0.0
SR,1024,True,Inventory,0,0.0,
SR,1024,True,Static,0,0.0,
SR,1024,True,Time,0,0.0,
SR,1024,True,Velocity,0,0.0,
Uniform,256,False,Hybrid,232,0.7733333333333332,505479.07770939224
Uniform,256,False,Inventory,0,0.0,
Uniform,256,False,Static,0,0.0,
Uniform,256,False,Time,0,0.0,
Uniform,256,False,Velocity,68,0.22666666666666666,1387183.0420908958
Uniform,256,True,Hybrid,300,1.0,0.0
Uniform,256,True,Inventory,0,0.0,
Uniform,256,True,Static,0,0.0,
Uniform,256,True,Time,0,0.0,
Uniform,256,True,Velocity,0,0.0,
Uniform,512,False,Hybrid,239,0.7966666666666666,426492.3129624196
Uniform,512,False,Inventory,0,0.0,
Uniform,512,False,Static,0,0.0,
Uniform,512,False,Time,0,0.0,
Uniform,512,False,Velocity,61,0.20333333333333334,1077489.922126799
Uniform,512,True,Hybrid,300,1.0,0.0
Uniform,512,True,Inventory,0,0.0,
Uniform,512,True,Static,0,0.0,
Uniform,512,True,Time,0,0.0,
Uniform,512,True,Velocity,0,0.0,
Uniform,1024,False,Hybrid,247,0.8233333333333334,248497.46562253163
Uniform,1024,False,Inventory,0,0.0,
Uniform,1024,False,Static,0,0.0,
Uniform,1024,False,Time,0,0.0,
Uniform,1024,False,Velocity,53,0.17666666666666667,1006060.9312918045
Uniform,1024,True,Hybrid,300,1.0,0.0
Uniform,1024,True,Inventory,0,0.0,
Uniform,1024,True,Static,0,0.0,
Uniform,1024,True,Time,0,0.0,
Uniform,1024,True,Velocity,0,0.0,
