method,budget,crn,metric,bootstrap_mean,reference_sensitivity_low,reference_sensitivity_high,bootstrap_replicates,selection_results_held_fixed,interpretation
CPC-v1,256,False,PGS,0.8333333333333335,0.8333333333333333,0.8333333333333333,2000,True,Reference uncertainty sensitivity only; not selection MC CI or a population theorem
CPC-v1,256,False,EOC,784229.5052990575,781135.7305232233,787158.9236975631,2000,True,Reference uncertainty sensitivity only; not selection MC CI or a population theorem
CPC-v1,256,False,nEOC,0.0029924815685722457,0.002980676269318085,0.0030036597128590024,2000,True,Reference uncertainty sensitivity only; not selection MC CI or a population theorem
CPC-v1,256,False,exact_PCS,0.33333333333333326,0.3333333333333333,0.3333333333333333,2000,True,Reference uncertainty sensitivity only; not selection MC CI or a population theorem
CPC-v1,256,False,top3_PCS,0.7100000000000002,0.71,0.71,2000,True,Reference uncertainty sensitivity only; not selection MC CI or a population theorem
CPC-v1,256,True,PGS,1.0,1.0,1.0,2000,True,Reference uncertainty sensitivity only; not selection MC CI or a population theorem
CPC-v1,256,True,EOC,1783.7613490383803,1757.6241005983627,1808.2854501885326,2000,True,Reference uncertainty sensitivity only; not selection MC CI or a population theorem
CPC-v1,256,True,nEOC,6.806518912717238e-06,6.706783779466774e-06,6.900098560233364e-06,2000,True,Reference uncertainty sensitivity only; not selection MC CI or a population theorem
CPC-v1,256,True,exact_PCS,0.9966666666666665,0.9966666666666667,0.9966666666666667,2000,True,Reference uncertainty sensitivity only; not selection MC CI or a population theorem
CPC-v1,256,True,top3_PCS,1.0,1.0,1.0,2000,True,Reference uncertainty sensitivity only; not selection MC CI or a population theorem
CPC-v1,512,False,PGS,0.8866666666666667,0.8866666666666667,0.8866666666666667,2000,True,Reference uncertainty sensitivity only; not selection MC CI or a population theorem
CPC-v1,512,False,EOC,586659.0338483944,583633.803897257,589472.8680884878,2000,True,Reference uncertainty sensitivity only; not selection MC CI or a population theorem
CPC-v1,512,False,nEOC,0.0022385874721179417,0.0022270437278335197,0.002249324567628377,2000,True,Reference uncertainty sensitivity only; not selection MC CI or a population theorem
CPC-v1,512,False,exact_PCS,0.41666666666666674,0.4166666666666667,0.4166666666666667,2000,True,Reference uncertainty sensitivity only; not selection MC CI or a population theorem
CPC-v1,512,False,top3_PCS,0.7933333333333331,0.7933333333333333,0.7933333333333333,2000,True,Reference uncertainty sensitivity only; not selection MC CI or a population theorem
CPC-v1,512,True,PGS,1.0,1.0,1.0,2000,True,Reference uncertainty sensitivity only; not selection MC CI or a population theorem
CPC-v1,512,True,EOC,1783.7613490383803,1757.6241005983627,1808.2854501885326,2000,True,Reference uncertainty sensitivity only; not selection MC CI or a population theorem
CPC-v1,512,True,nEOC,6.806518912717238e-06,6.706783779466774e-06,6.900098560233364e-06,2000,True,Reference uncertainty sensitivity only; not selection MC CI or a population theorem
CPC-v1,512,True,exact_PCS,0.9966666666666665,0.9966666666666667,0.9966666666666667,2000,True,Reference uncertainty sensitivity only; not selection MC CI or a population theorem
CPC-v1,512,True,top3_PCS,1.0,1.0,1.0,2000,True,Reference uncertainty sensitivity only; not selection MC CI or a population theorem
CPC-v1,1024,False,PGS,0.9800000000000003,0.98,0.98,2000,True,Reference uncertainty sensitivity only; not selection MC CI or a population theorem
CPC-v1,1024,False,EOC,366676.7131675708,364162.29978172935,368973.4674927786,2000,True,Reference uncertainty sensitivity only; not selection MC CI or a population theorem
CPC-v1,1024,False,nEOC,0.0013991737091811846,0.0013895791508764285,0.00140793771887386,2000,True,Reference uncertainty sensitivity only; not selection MC CI or a population theorem
CPC-v1,1024,False,exact_PCS,0.5766666666666664,0.5766666666666667,0.5766666666666667,2000,True,Reference uncertainty sensitivity only; not selection MC CI or a population theorem
CPC-v1,1024,False,top3_PCS,0.8866666666666666,0.8866666666666666,0.8866666666666666,2000,True,Reference uncertainty sensitivity only; not selection MC CI or a population theorem
CPC-v1,1024,True,PGS,1.0,1.0,1.0,2000,True,Reference uncertainty sensitivity only; not selection MC CI or a population theorem
CPC-v1,1024,True,EOC,0.0,0.0,0.0,2000,True,Reference uncertainty sensitivity only; not selection MC CI or a population theorem
CPC-v1,1024,True,nEOC,0.0,0.0,0.0,2000,True,Reference uncertainty sensitivity only; not selection MC CI or a population theorem
CPC-v1,1024,True,exact_PCS,1.0,1.0,1.0,2000,True,Reference uncertainty sensitivity only; not selection MC CI or a population theorem
CPC-v1,1024,True,top3_PCS,1.0,1.0,1.0,2000,True,Reference uncertainty sensitivity only; not selection MC CI or a population theorem
CPC-v2,256,False,PGS,0.8300000000000001,0.8300000000000001,0.8300000000000001,2000,True,Reference uncertainty sensitivity only; not selection MC CI or a population theorem
CPC-v2,256,False,EOC,724634.5428892749,721984.2000296775,727089.3124060789,2000,True,Reference uncertainty sensitivity only; not selection MC CI or a population theorem
CPC-v2,256,False,nEOC,0.0027650776958717113,0.002754964454653226,0.0027744446636846954,2000,True,Reference uncertainty sensitivity only; not selection MC CI or a population theorem
CPC-v2,256,False,exact_PCS,0.3666666666666666,0.36666666666666664,0.36666666666666664,2000,True,Reference uncertainty sensitivity only; not selection MC CI or a population theorem
CPC-v2,256,False,top3_PCS,0.7133333333333333,0.7133333333333334,0.7133333333333334,2000,True,Reference uncertainty sensitivity only; not selection MC CI or a population theorem
CPC-v2,256,True,PGS,1.0,1.0,1.0,2000,True,Reference uncertainty sensitivity only; not selection MC CI or a population theorem
CPC-v2,256,True,EOC,0.0,0.0,0.0,2000,True,Reference uncertainty sensitivity only; not selection MC CI or a population theorem
CPC-v2,256,True,nEOC,0.0,0.0,0.0,2000,True,Reference uncertainty sensitivity only; not selection MC CI or a population theorem
CPC-v2,256,True,exact_PCS,1.0,1.0,1.0,2000,True,Reference uncertainty sensitivity only; not selection MC CI or a population theorem
CPC-v2,256,True,top3_PCS,1.0,1.0,1.0,2000,True,Reference uncertainty sensitivity only; not selection MC CI or a population theorem
CPC-v2,512,False,PGS,0.9133333333333334,0.9133333333333333,0.9133333333333333,2000,True,Reference uncertainty sensitivity only; not selection MC CI or a population theorem
CPC-v2,512,False,EOC,521850.6721064215,518768.2279576818,524770.6959241615,2000,True,Reference uncertainty sensitivity only; not selection MC CI or a population theorem
CPC-v2,512,False,nEOC,0.0019912901864486657,0.0019795281228704286,0.0020024324826710535,2000,True,Reference uncertainty sensitivity only; not selection MC CI or a population theorem
CPC-v2,512,False,exact_PCS,0.43666666666666665,0.43666666666666665,0.43666666666666665,2000,True,Reference uncertainty sensitivity only; not selection MC CI or a population theorem
CPC-v2,512,False,top3_PCS,0.8366666666666666,0.8366666666666667,0.8366666666666667,2000,True,Reference uncertainty sensitivity only; not selection MC CI or a population theorem
CPC-v2,512,True,PGS,1.0,1.0,1.0,2000,True,Reference uncertainty sensitivity only; not selection MC CI or a population theorem
CPC-v2,512,True,EOC,0.0,0.0,0.0,2000,True,Reference uncertainty sensitivity only; not selection MC CI or a population theorem
CPC-v2,512,True,nEOC,0.0,0.0,0.0,2000,True,Reference uncertainty sensitivity only; not selection MC CI or a population theorem
CPC-v2,512,True,exact_PCS,1.0,1.0,1.0,2000,True,Reference uncertainty sensitivity only; not selection MC CI or a population theorem
CPC-v2,512,True,top3_PCS,1.0,1.0,1.0,2000,True,Reference uncertainty sensitivity only; not selection MC CI or a population theorem
CPC-v2,1024,False,PGS,0.9700000000000002,0.97,0.97,2000,True,Reference uncertainty sensitivity only; not selection MC CI or a population theorem
CPC-v2,1024,False,EOC,349693.32085086167,347144.34903097467,352089.3079101455,2000,True,Reference uncertainty sensitivity only; not selection MC CI or a population theorem
CPC-v2,1024,False,nEOC,0.0013343680774927887,0.0013246416502947797,0.0013435107418085241,2000,True,Reference uncertainty sensitivity only; not selection MC CI or a population theorem
CPC-v2,1024,False,exact_PCS,0.5766666666666664,0.5766666666666667,0.5766666666666667,2000,True,Reference uncertainty sensitivity only; not selection MC CI or a population theorem
CPC-v2,1024,False,top3_PCS,0.9000000000000002,0.8999999999999999,0.8999999999999999,2000,True,Reference uncertainty sensitivity only; not selection MC CI or a population theorem
CPC-v2,1024,True,PGS,1.0,1.0,1.0,2000,True,Reference uncertainty sensitivity only; not selection MC CI or a population theorem
CPC-v2,1024,True,EOC,0.0,0.0,0.0,2000,True,Reference uncertainty sensitivity only; not selection MC CI or a population theorem
CPC-v2,1024,True,nEOC,0.0,0.0,0.0,2000,True,Reference uncertainty sensitivity only; not selection MC CI or a population theorem
CPC-v2,1024,True,exact_PCS,1.0,1.0,1.0,2000,True,Reference uncertainty sensitivity only; not selection MC CI or a population theorem
CPC-v2,1024,True,top3_PCS,1.0,1.0,1.0,2000,True,Reference uncertainty sensitivity only; not selection MC CI or a population theorem
OCBA,256,False,PGS,0.9499999999999997,0.95,0.95,2000,True,Reference uncertainty sensitivity only; not selection MC CI or a population theorem
OCBA,256,False,EOC,435198.0097962878,432409.1876988736,437837.7821100487,2000,True,Reference uncertainty sensitivity only; not selection MC CI or a population theorem
OCBA,256,False,nEOC,0.0016606388999583592,0.0016499972463758956,0.0016707118058370332,2000,True,Reference uncertainty sensitivity only; not selection MC CI or a population theorem
OCBA,256,False,exact_PCS,0.5099999999999999,0.51,0.51,2000,True,Reference uncertainty sensitivity only; not selection MC CI or a population theorem
OCBA,256,False,top3_PCS,0.8733333333333333,0.8733333333333333,0.8733333333333333,2000,True,Reference uncertainty sensitivity only; not selection MC CI or a population theorem
OCBA,256,True,PGS,0.9266666666666663,0.9266666666666666,0.9266666666666666,2000,True,Reference uncertainty sensitivity only; not selection MC CI or a population theorem
OCBA,256,True,EOC,243648.86715088575,243208.45068113285,244074.45362082188,2000,True,Reference uncertainty sensitivity only; not selection MC CI or a population theorem
OCBA,256,True,nEOC,0.0009297211329411704,0.0009280405813177924,0.0009313450958990954,2000,True,Reference uncertainty sensitivity only; not selection MC CI or a population theorem
OCBA,256,True,exact_PCS,0.8499999999999998,0.85,0.85,2000,True,Reference uncertainty sensitivity only; not selection MC CI or a population theorem
OCBA,256,True,top3_PCS,0.9166666666666664,0.9166666666666666,0.9166666666666666,2000,True,Reference uncertainty sensitivity only; not selection MC CI or a population theorem
OCBA,512,False,PGS,1.0,1.0,1.0,2000,True,Reference uncertainty sensitivity only; not selection MC CI or a population theorem
OCBA,512,False,EOC,213787.01198191702,211625.33209781506,215816.3573221908,2000,True,Reference uncertainty sensitivity only; not selection MC CI or a population theorem
OCBA,512,False,nEOC,0.0008157735568901572,0.0008075249674573206,0.0008235171810282487,2000,True,Reference uncertainty sensitivity only; not selection MC CI or a population theorem
OCBA,512,False,exact_PCS,0.6833333333333335,0.6833333333333333,0.6833333333333333,2000,True,Reference uncertainty sensitivity only; not selection MC CI or a population theorem
OCBA,512,False,top3_PCS,0.963333333333333,0.9633333333333334,0.9633333333333334,2000,True,Reference uncertainty sensitivity only; not selection MC CI or a population theorem
OCBA,512,True,PGS,0.9933333333333337,0.9933333333333333,0.9933333333333333,2000,True,Reference uncertainty sensitivity only; not selection MC CI or a population theorem
OCBA,512,True,EOC,21649.804112214628,21574.716632412146,21724.355169920174,2000,True,Reference uncertainty sensitivity only; not selection MC CI or a population theorem
OCBA,512,True,nEOC,8.261183662593286e-05,8.232531603748117e-05,8.289631032220923e-05,2000,True,Reference uncertainty sensitivity only; not selection MC CI or a population theorem
OCBA,512,True,exact_PCS,0.983333333333333,0.9833333333333333,0.9833333333333333,2000,True,Reference uncertainty sensitivity only; not selection MC CI or a population theorem
OCBA,512,True,top3_PCS,0.9900000000000001,0.99,0.99,2000,True,Reference uncertainty sensitivity only; not selection MC CI or a population theorem
OCBA,1024,False,PGS,0.9999999999999999,0.9999999999999999,0.9999999999999999,2000,True,Reference uncertainty sensitivity only; not selection MC CI or a population theorem
OCBA,1024,False,EOC,100817.25194723335,99615.91836152574,101951.28781527754,2000,True,Reference uncertainty sensitivity only; not selection MC CI or a population theorem
OCBA,1024,False,nEOC,0.000384700863978782,0.00038011678675566605,0.00038902814497279134,2000,True,Reference uncertainty sensitivity only; not selection MC CI or a population theorem
OCBA,1024,False,exact_PCS,0.84,0.84,0.84,2000,True,Reference uncertainty sensitivity only; not selection MC CI or a population theorem
OCBA,1024,False,top3_PCS,0.9966666666666663,0.9966666666666666,0.9966666666666666,2000,True,Reference uncertainty sensitivity only; not selection MC CI or a population theorem
OCBA,1024,True,PGS,1.0,1.0,1.0,2000,True,Reference uncertainty sensitivity only; not selection MC CI or a population theorem
OCBA,1024,True,EOC,0.0,0.0,0.0,2000,True,Reference uncertainty sensitivity only; not selection MC CI or a population theorem
OCBA,1024,True,nEOC,0.0,0.0,0.0,2000,True,Reference uncertainty sensitivity only; not selection MC CI or a population theorem
OCBA,1024,True,exact_PCS,1.0,1.0,1.0,2000,True,Reference uncertainty sensitivity only; not selection MC CI or a population theorem
OCBA,1024,True,top3_PCS,1.0,1.0,1.0,2000,True,Reference uncertainty sensitivity only; not selection MC CI or a population theorem
SH,256,False,PGS,0.9700000000000002,0.97,0.97,2000,True,Reference uncertainty sensitivity only; not selection MC CI or a population theorem
SH,256,False,EOC,380280.5871367123,377358.77398080134,382975.1280913663,2000,True,Reference uncertainty sensitivity only; not selection MC CI or a population theorem
SH,256,False,nEOC,0.001451083694509155,0.001439934570487685,0.0014613655878682815,2000,True,Reference uncertainty sensitivity only; not selection MC CI or a population theorem
SH,256,False,exact_PCS,0.5233333333333332,0.5233333333333333,0.5233333333333333,2000,True,Reference uncertainty sensitivity only; not selection MC CI or a population theorem
SH,256,False,top3_PCS,0.8933333333333331,0.8933333333333333,0.8933333333333333,2000,True,Reference uncertainty sensitivity only; not selection MC CI or a population theorem
SH,256,True,PGS,1.0,1.0,1.0,2000,True,Reference uncertainty sensitivity only; not selection MC CI or a population theorem
SH,256,True,EOC,0.0,0.0,0.0,2000,True,Reference uncertainty sensitivity only; not selection MC CI or a population theorem
SH,256,True,nEOC,0.0,0.0,0.0,2000,True,Reference uncertainty sensitivity only; not selection MC CI or a population theorem
SH,256,True,exact_PCS,1.0,1.0,1.0,2000,True,Reference uncertainty sensitivity only; not selection MC CI or a population theorem
SH,256,True,top3_PCS,1.0,1.0,1.0,2000,True,Reference uncertainty sensitivity only; not selection MC CI or a population theorem
SH,512,False,PGS,0.9933333333333337,0.9933333333333333,0.9933333333333333,2000,True,Reference uncertainty sensitivity only; not selection MC CI or a population theorem
SH,512,False,EOC,201621.713954413,199547.27697804253,203542.314471186,2000,True,Reference uncertainty sensitivity only; not selection MC CI or a population theorem
SH,512,False,nEOC,0.0007693529238005981,0.0007614372379267465,0.000776681596858929,2000,True,Reference uncertainty sensitivity only; not selection MC CI or a population theorem
SH,512,False,exact_PCS,0.7100000000000002,0.71,0.71,2000,True,Reference uncertainty sensitivity only; not selection MC CI or a population theorem
SH,512,False,top3_PCS,0.9800000000000003,0.98,0.98,2000,True,Reference uncertainty sensitivity only; not selection MC CI or a population theorem
SH,512,True,PGS,1.0,1.0,1.0,2000,True,Reference uncertainty sensitivity only; not selection MC CI or a population theorem
SH,512,True,EOC,0.0,0.0,0.0,2000,True,Reference uncertainty sensitivity only; not selection MC CI or a population theorem
SH,512,True,nEOC,0.0,0.0,0.0,2000,True,Reference uncertainty sensitivity only; not selection MC CI or a population theorem
SH,512,True,exact_PCS,1.0,1.0,1.0,2000,True,Reference uncertainty sensitivity only; not selection MC CI or a population theorem
SH,512,True,top3_PCS,1.0,1.0,1.0,2000,True,Reference uncertainty sensitivity only; not selection MC CI or a population theorem
SH,1024,False,PGS,1.0,1.0,1.0,2000,True,Reference uncertainty sensitivity only; not selection MC CI or a population theorem
SH,1024,False,EOC,93103.77375965608,91974.65701045962,94169.45547577692,2000,True,Reference uncertainty sensitivity only; not selection MC CI or a population theorem
SH,1024,False,nEOC,0.0003552675907469787,0.0003509590802434774,0.0003593340443449467,2000,True,Reference uncertainty sensitivity only; not selection MC CI or a population theorem
SH,1024,False,exact_PCS,0.8499999999999998,0.85,0.85,2000,True,Reference uncertainty sensitivity only; not selection MC CI or a population theorem
SH,1024,False,top3_PCS,0.9966666666666665,0.9966666666666667,0.9966666666666667,2000,True,Reference uncertainty sensitivity only; not selection MC CI or a population theorem
SH,1024,True,PGS,1.0,1.0,1.0,2000,True,Reference uncertainty sensitivity only; not selection MC CI or a population theorem
SH,1024,True,EOC,0.0,0.0,0.0,2000,True,Reference uncertainty sensitivity only; not selection MC CI or a population theorem
SH,1024,True,nEOC,0.0,0.0,0.0,2000,True,Reference uncertainty sensitivity only; not selection MC CI or a population theorem
SH,1024,True,exact_PCS,1.0,1.0,1.0,2000,True,Reference uncertainty sensitivity only; not selection MC CI or a population theorem
SH,1024,True,top3_PCS,1.0,1.0,1.0,2000,True,Reference uncertainty sensitivity only; not selection MC CI or a population theorem
SR,256,False,PGS,0.936666666666667,0.9366666666666666,0.9366666666666666,2000,True,Reference uncertainty sensitivity only; not selection MC CI or a population theorem
SR,256,False,EOC,426725.08032036235,424216.6742193926,429004.3279722802,2000,True,Reference uncertainty sensitivity only; not selection MC CI or a population theorem
SR,256,False,nEOC,0.0016283076944666062,0.001618736058902112,0.0016370049017796298,2000,True,Reference uncertainty sensitivity only; not selection MC CI or a population theorem
SR,256,False,exact_PCS,0.5433333333333332,0.5433333333333333,0.5433333333333333,2000,True,Reference uncertainty sensitivity only; not selection MC CI or a population theorem
SR,256,False,top3_PCS,0.8566666666666669,0.8566666666666667,0.8566666666666667,2000,True,Reference uncertainty sensitivity only; not selection MC CI or a population theorem
SR,256,True,PGS,1.0,1.0,1.0,2000,True,Reference uncertainty sensitivity only; not selection MC CI or a population theorem
SR,256,True,EOC,0.0,0.0,0.0,2000,True,Reference uncertainty sensitivity only; not selection MC CI or a population theorem
SR,256,True,nEOC,0.0,0.0,0.0,2000,True,Reference uncertainty sensitivity only; not selection MC CI or a population theorem
SR,256,True,exact_PCS,1.0,1.0,1.0,2000,True,Reference uncertainty sensitivity only; not selection MC CI or a population theorem
SR,256,True,top3_PCS,1.0,1.0,1.0,2000,True,Reference uncertainty sensitivity only; not selection MC CI or a population theorem
SR,512,False,PGS,0.9900000000000001,0.9900000000000001,0.9900000000000001,2000,True,Reference uncertainty sensitivity only; not selection MC CI or a population theorem
SR,512,False,EOC,228170.3102247532,225827.86675837147,230342.23636687128,2000,True,Reference uncertainty sensitivity only; not selection MC CI or a population theorem
SR,512,False,nEOC,0.0008706576878698394,0.0008617193364673418,0.0008789453752173208,2000,True,Reference uncertainty sensitivity only; not selection MC CI or a population theorem
SR,512,False,exact_PCS,0.6700000000000002,0.67,0.67,2000,True,Reference uncertainty sensitivity only; not selection MC CI or a population theorem
SR,512,False,top3_PCS,0.9733333333333333,0.9733333333333334,0.9733333333333334,2000,True,Reference uncertainty sensitivity only; not selection MC CI or a population theorem
SR,512,True,PGS,1.0,1.0,1.0,2000,True,Reference uncertainty sensitivity only; not selection MC CI or a population theorem
SR,512,True,EOC,0.0,0.0,0.0,2000,True,Reference uncertainty sensitivity only; not selection MC CI or a population theorem
SR,512,True,nEOC,0.0,0.0,0.0,2000,True,Reference uncertainty sensitivity only; not selection MC CI or a population theorem
SR,512,True,exact_PCS,1.0,1.0,1.0,2000,True,Reference uncertainty sensitivity only; not selection MC CI or a population theorem
SR,512,True,top3_PCS,1.0,1.0,1.0,2000,True,Reference uncertainty sensitivity only; not selection MC CI or a population theorem
SR,1024,False,PGS,1.0,1.0,1.0,2000,True,Reference uncertainty sensitivity only; not selection MC CI or a population theorem
SR,1024,False,EOC,124451.25904392681,122905.36156401847,125904.23689449231,2000,True,Reference uncertainty sensitivity only; not selection MC CI or a population theorem
SR,1024,False,nEOC,0.00047488406946961703,0.0004689851971570229,0.0004804283768541025,2000,True,Reference uncertainty sensitivity only; not selection MC CI or a population theorem
SR,1024,False,exact_PCS,0.7933333333333331,0.7933333333333333,0.7933333333333333,2000,True,Reference uncertainty sensitivity only; not selection MC CI or a population theorem
SR,1024,False,top3_PCS,0.9933333333333337,0.9933333333333333,0.9933333333333333,2000,True,Reference uncertainty sensitivity only; not selection MC CI or a population theorem
SR,1024,True,PGS,1.0,1.0,1.0,2000,True,Reference uncertainty sensitivity only; not selection MC CI or a population theorem
SR,1024,True,EOC,0.0,0.0,0.0,2000,True,Reference uncertainty sensitivity only; not selection MC CI or a population theorem
SR,1024,True,nEOC,0.0,0.0,0.0,2000,True,Reference uncertainty sensitivity only; not selection MC CI or a population theorem
SR,1024,True,exact_PCS,1.0,1.0,1.0,2000,True,Reference uncertainty sensitivity only; not selection MC CI or a population theorem
SR,1024,True,top3_PCS,1.0,1.0,1.0,2000,True,Reference uncertainty sensitivity only; not selection MC CI or a population theorem
Uniform,256,False,PGS,0.8299999999999998,0.8299999999999998,0.8299999999999998,2000,True,Reference uncertainty sensitivity only; not selection MC CI or a population theorem
Uniform,256,False,EOC,705326.8470986893,702814.0126667205,707672.7762964433,2000,True,Reference uncertainty sensitivity only; not selection MC CI or a population theorem
Uniform,256,False,nEOC,0.00269140293179497,0.0026818143984998952,0.0027003545841340097,2000,True,Reference uncertainty sensitivity only; not selection MC CI or a population theorem
Uniform,256,False,exact_PCS,0.4033333333333334,0.4033333333333333,0.4033333333333333,2000,True,Reference uncertainty sensitivity only; not selection MC CI or a population theorem
Uniform,256,False,top3_PCS,0.7166666666666668,0.7166666666666666,0.7166666666666666,2000,True,Reference uncertainty sensitivity only; not selection MC CI or a population theorem
Uniform,256,True,PGS,1.0,1.0,1.0,2000,True,Reference uncertainty sensitivity only; not selection MC CI or a population theorem
Uniform,256,True,EOC,0.0,0.0,0.0,2000,True,Reference uncertainty sensitivity only; not selection MC CI or a population theorem
Uniform,256,True,nEOC,0.0,0.0,0.0,2000,True,Reference uncertainty sensitivity only; not selection MC CI or a population theorem
Uniform,256,True,exact_PCS,1.0,1.0,1.0,2000,True,Reference uncertainty sensitivity only; not selection MC CI or a population theorem
Uniform,256,True,top3_PCS,1.0,1.0,1.0,2000,True,Reference uncertainty sensitivity only; not selection MC CI or a population theorem
Uniform,512,False,PGS,0.9066666666666664,0.9066666666666666,0.9066666666666666,2000,True,Reference uncertainty sensitivity only; not selection MC CI or a population theorem
Uniform,512,False,EOC,558851.4150193796,555664.8338309395,561780.4041650284,2000,True,Reference uncertainty sensitivity only; not selection MC CI or a population theorem
Uniform,512,False,nEOC,0.00213247849987266,0.002120319067705504,0.0021436550062061722,2000,True,Reference uncertainty sensitivity only; not selection MC CI or a population theorem
Uniform,512,False,exact_PCS,0.4100000000000001,0.41,0.41,2000,True,Reference uncertainty sensitivity only; not selection MC CI or a population theorem
Uniform,512,False,top3_PCS,0.813333333333333,0.8133333333333332,0.8133333333333332,2000,True,Reference uncertainty sensitivity only; not selection MC CI or a population theorem
Uniform,512,True,PGS,1.0,1.0,1.0,2000,True,Reference uncertainty sensitivity only; not selection MC CI or a population theorem
Uniform,512,True,EOC,0.0,0.0,0.0,2000,True,Reference uncertainty sensitivity only; not selection MC CI or a population theorem
Uniform,512,True,nEOC,0.0,0.0,0.0,2000,True,Reference uncertainty sensitivity only; not selection MC CI or a population theorem
Uniform,512,True,exact_PCS,1.0,1.0,1.0,2000,True,Reference uncertainty sensitivity only; not selection MC CI or a population theorem
Uniform,512,True,top3_PCS,1.0,1.0,1.0,2000,True,Reference uncertainty sensitivity only; not selection MC CI or a population theorem
Uniform,1024,False,PGS,0.9766666666666665,0.9766666666666666,0.9766666666666666,2000,True,Reference uncertainty sensitivity only; not selection MC CI or a population theorem
Uniform,1024,False,EOC,382322.12375750544,379432.56383942167,385051.3834118822,2000,True,Reference uncertainty sensitivity only; not selection MC CI or a population theorem
Uniform,1024,False,nEOC,0.0014588738384249454,0.0014478477870742592,0.0014692882122229012,2000,True,Reference uncertainty sensitivity only; not selection MC CI or a population theorem
Uniform,1024,False,exact_PCS,0.5433333333333332,0.5433333333333333,0.5433333333333333,2000,True,Reference uncertainty sensitivity only; not selection MC CI or a population theorem
Uniform,1024,False,top3_PCS,0.9000000000000002,0.8999999999999999,0.8999999999999999,2000,True,Reference uncertainty sensitivity only; not selection MC CI or a population theorem
Uniform,1024,True,PGS,1.0,1.0,1.0,2000,True,Reference uncertainty sensitivity only; not selection MC CI or a population theorem
Uniform,1024,True,EOC,0.0,0.0,0.0,2000,True,Reference uncertainty sensitivity only; not selection MC CI or a population theorem
Uniform,1024,True,nEOC,0.0,0.0,0.0,2000,True,Reference uncertainty sensitivity only; not selection MC CI or a population theorem
Uniform,1024,True,exact_PCS,1.0,1.0,1.0,2000,True,Reference uncertainty sensitivity only; not selection MC CI or a population theorem
Uniform,1024,True,top3_PCS,1.0,1.0,1.0,2000,True,Reference uncertainty sensitivity only; not selection MC CI or a population theorem
