policy_id,top1_frequency,bootstrap_replicates
HYB_01,0.0,2000
HYB_02,0.0,2000
HYB_03,0.0,2000
HYB_04,0.0,2000
HYB_05,0.0,2000
HYB_06,0.0,2000
HYB_07,0.0,2000
HYB_08,1.0,2000
INV_01,0.0,2000
INV_02,0.0,2000
INV_03,0.0,2000
INV_04,0.0,2000
INV_05,0.0,2000
INV_06,0.0,2000
INV_07,0.0,2000
INV_08,0.0,2000
STATIC_085,0.0,2000
STATIC_100,0.0,2000
STATIC_115,0.0,2000
STATIC_130,0.0,2000
TIME_EARLY_DISCOUNT,0.0,2000
TIME_FLAT_THEN_SURGE,0.0,2000
TIME_HIGH_EARLY_NORMALIZE,0.0,2000
TIME_LATE_SURGE,0.0,2000
TIME_MILD_INCREASE,0.0,2000
TIME_MODERATE_INCREASE,0.0,2000
VEL_01,0.0,2000
VEL_02,0.0,2000
VEL_03,0.0,2000
VEL_04,0.0,2000
VEL_05,0.0,2000
VEL_06,0.0,2000
