policy_id,nref,mean_revenue,std,standard_error,rank,regret_vs_plugin_best,paired_gap_mcse_vs_plugin_best,epsilon_optimal_plugin,epsilon_boundary_distance_mcse
HYB_01,20000,264114091.32758915,4204756.300186586,29732.11693098793,15,4564308.173209488,5102.360767911283,False,637.7391295206857
HYB_02,20000,265220753.86514032,4261413.632190019,30132.744767623582,9,3457645.6356583238,4246.851797523898,False,505.62456131128755
HYB_03,20000,265968483.08843413,4273605.818669412,30218.956544994282,8,2709916.4123645127,4026.0765903130246,False,347.6295898470342
HYB_04,20000,266930072.44025958,4224565.248993681,29872.187351284672,5,1748327.0605390668,3065.982226932262,False,142.85601465996155
HYB_05,20000,264767824.59115112,4118494.1012194357,29122.151072490582,10,3910574.9096475244,4977.399966135918,False,522.409665439225
HYB_06,20000,268143210.39003775,4614015.138684677,32626.013930613233,2,535189.1107608974,3892.1268924267997,True,199.15690552859613
HYB_07,20000,267481912.53112158,4378883.835319306,30963.384539824383,4,1196486.9696770608,1929.9519159153592,True,58.98908048711306
HYB_08,20000,268678399.50079864,4388626.822887009,31032.277865605774,1,0.0,0.0,True,
INV_01,20000,261874668.94550675,4033853.2313757604,28523.649742170674,23,6803730.555291891,7634.763101801576,False,719.5242895505643
INV_02,20000,261802152.30826876,4030648.3246245384,28500.987629202078,24,6876247.192529887,7683.365283623202,False,724.4109746821707
INV_03,20000,261880429.79678306,4080715.31435524,28855.014708723844,22,6797969.704015583,7328.347214376008,False,748.8232318836154
INV_04,20000,246387115.8796721,2983421.575515786,21095.97627185466,32,22291283.621126533,16670.75893717884,False,1258.5480146170144
INV_05,20000,255605819.60553622,3363451.593877284,23783.19430223329,28,13072579.89526242,13158.834687128998,False,893.8669051132722
INV_06,20000,264594218.60783568,4012315.370466799,28371.354067160883,12,4084180.8929629624,7186.49616561814,False,385.9805627744494
INV_07,20000,254422996.77484584,3313975.9350667936,23433.348563747593,29,14255402.725952804,13568.436251383606,False,954.0575956976262
INV_08,20000,249661188.11835113,3097628.080348377,21903.53821208205,31,19017211.38244751,15495.023685628335,False,1142.7461282482209
STATIC_085,20000,253396117.6901086,3511755.651202983,24831.862348358096,30,15282281.810690045,13266.97640927755,False,1053.1373781849993
STATIC_100,20000,261964591.04835936,4178978.6636485835,29549.841514998097,21,6713808.452439278,6676.700452074279,False,809.3032528034573
STATIC_115,20000,264339341.12360156,4667560.080403556,33004.633844489814,13,4339058.377197087,5528.17890655017,False,547.8703511254299
STATIC_130,20000,263247597.55088437,4990785.679523431,35290.183974397296,17,5430801.949914277,8793.268934525582,False,468.59352557210696
TIME_EARLY_DISCOUNT,20000,256248109.70990473,3853948.558868213,27251.531603198357,27,12430289.790893912,11491.743241648595,False,967.6475099105506
TIME_FLAT_THEN_SURGE,20000,261265703.6663953,4599760.49118385,32525.218351500647,25,7412695.834403336,6878.173120836004,False,887.2069179730646
TIME_HIGH_EARLY_NORMALIZE,20000,264301033.3558183,4404963.313999641,31147.794302071132,14,4377366.144980341,4428.92930171409,False,692.4998972578055
TIME_LATE_SURGE,20000,261056122.11193198,4694355.581107048,33194.1066470171,26,7622277.388866663,7377.665658310657,False,855.5476247660058
TIME_MILD_INCREASE,20000,262761073.52937782,4358571.103340257,30819.75183455628,19,5917325.9714208245,5843.88470702751,False,788.344251093708
TIME_MODERATE_INCREASE,20000,262513039.1744388,4612194.393438577,32613.13931750993,20,6165360.326359838,6366.845432203696,False,762.548316819773
VEL_01,20000,262785000.6326807,4232935.300291806,29931.37255160251,18,5893398.8681179285,5559.82736688599,False,824.3180061368728
VEL_02,20000,263507985.74883413,4281809.813590894,30276.967549412282,16,5170413.7519645095,4532.058107538264,False,851.7279791630891
VEL_03,20000,264705944.5575793,4364669.000159219,30862.87047647292,11,3972454.943219334,2757.7140716613776,False,965.3364400589564
VEL_04,20000,266017862.17585972,4458131.597330892,31523.75083894689,7,2660537.324938923,1287.9480041806721,False,1048.3375586397258
VEL_05,20000,266907280.22571558,4525763.407044989,32001.979951674446,6,1771119.275083065,2229.765716357538,False,206.65230123572718
VEL_06,20000,267788929.3804133,4603872.692144607,32554.29600335018,3,889470.1203853488,4285.479154488512,True,98.20674025566058
