policy_id,rank,frequency
HYB_01,1,0.0
HYB_01,2,0.0
HYB_01,3,0.0
HYB_01,4,0.0
HYB_01,5,0.0
HYB_01,6,0.0
HYB_01,7,0.0
HYB_01,8,0.0
HYB_01,9,0.0
HYB_01,10,0.0
HYB_01,11,0.0
HYB_01,12,0.0
HYB_01,13,0.0
HYB_01,14,0.0
HYB_01,15,1.0
HYB_01,16,0.0
HYB_01,17,0.0
HYB_01,18,0.0
HYB_01,19,0.0
HYB_01,20,0.0
HYB_01,21,0.0
HYB_01,22,0.0
HYB_01,23,0.0
HYB_01,24,0.0
HYB_01,25,0.0
HYB_01,26,0.0
HYB_01,27,0.0
HYB_01,28,0.0
HYB_01,29,0.0
HYB_01,30,0.0
HYB_01,31,0.0
HYB_01,32,0.0
HYB_02,1,0.0
HYB_02,2,0.0
HYB_02,3,0.0
HYB_02,4,0.0
HYB_02,5,0.0
HYB_02,6,0.0
HYB_02,7,0.0
HYB_02,8,0.0
HYB_02,9,1.0
HYB_02,10,0.0
HYB_02,11,0.0
HYB_02,12,0.0
HYB_02,13,0.0
HYB_02,14,0.0
HYB_02,15,0.0
HYB_02,16,0.0
HYB_02,17,0.0
HYB_02,18,0.0
HYB_02,19,0.0
HYB_02,20,0.0
HYB_02,21,0.0
HYB_02,22,0.0
HYB_02,23,0.0
HYB_02,24,0.0
HYB_02,25,0.0
HYB_02,26,0.0
HYB_02,27,0.0
HYB_02,28,0.0
HYB_02,29,0.0
HYB_02,30,0.0
HYB_02,31,0.0
HYB_02,32,0.0
HYB_03,1,0.0
HYB_03,2,0.0
HYB_03,3,0.0
HYB_03,4,0.0
HYB_03,5,0.0
HYB_03,6,0.0
HYB_03,7,0.0
HYB_03,8,1.0
HYB_03,9,0.0
HYB_03,10,0.0
HYB_03,11,0.0
HYB_03,12,0.0
HYB_03,13,0.0
HYB_03,14,0.0
HYB_03,15,0.0
HYB_03,16,0.0
HYB_03,17,0.0
HYB_03,18,0.0
HYB_03,19,0.0
HYB_03,20,0.0
HYB_03,21,0.0
HYB_03,22,0.0
HYB_03,23,0.0
HYB_03,24,0.0
HYB_03,25,0.0
HYB_03,26,0.0
HYB_03,27,0.0
HYB_03,28,0.0
HYB_03,29,0.0
HYB_03,30,0.0
HYB_03,31,0.0
HYB_03,32,0.0
HYB_04,1,0.0
HYB_04,2,0.0
HYB_04,3,0.0
HYB_04,4,0.0
HYB_04,5,1.0
HYB_04,6,0.0
HYB_04,7,0.0
HYB_04,8,0.0
HYB_04,9,0.0
HYB_04,10,0.0
HYB_04,11,0.0
HYB_04,12,0.0
HYB_04,13,0.0
HYB_04,14,0.0
HYB_04,15,0.0
HYB_04,16,0.0
HYB_04,17,0.0
HYB_04,18,0.0
HYB_04,19,0.0
HYB_04,20,0.0
HYB_04,21,0.0
HYB_04,22,0.0
HYB_04,23,0.0
HYB_04,24,0.0
HYB_04,25,0.0
HYB_04,26,0.0
HYB_04,27,0.0
HYB_04,28,0.0
HYB_04,29,0.0
HYB_04,30,0.0
HYB_04,31,0.0
HYB_04,32,0.0
HYB_05,1,0.0
HYB_05,2,0.0
HYB_05,3,0.0
HYB_05,4,0.0
HYB_05,5,0.0
HYB_05,6,0.0
HYB_05,7,0.0
HYB_05,8,0.0
HYB_05,9,0.0
HYB_05,10,1.0
HYB_05,11,0.0
HYB_05,12,0.0
HYB_05,13,0.0
HYB_05,14,0.0
HYB_05,15,0.0
HYB_05,16,0.0
HYB_05,17,0.0
HYB_05,18,0.0
HYB_05,19,0.0
HYB_05,20,0.0
HYB_05,21,0.0
HYB_05,22,0.0
HYB_05,23,0.0
HYB_05,24,0.0
HYB_05,25,0.0
HYB_05,26,0.0
HYB_05,27,0.0
HYB_05,28,0.0
HYB_05,29,0.0
HYB_05,30,0.0
HYB_05,31,0.0
HYB_05,32,0.0
HYB_06,1,0.0
HYB_06,2,1.0
HYB_06,3,0.0
HYB_06,4,0.0
HYB_06,5,0.0
HYB_06,6,0.0
HYB_06,7,0.0
HYB_06,8,0.0
HYB_06,9,0.0
HYB_06,10,0.0
HYB_06,11,0.0
HYB_06,12,0.0
HYB_06,13,0.0
HYB_06,14,0.0
HYB_06,15,0.0
HYB_06,16,0.0
HYB_06,17,0.0
HYB_06,18,0.0
HYB_06,19,0.0
HYB_06,20,0.0
HYB_06,21,0.0
HYB_06,22,0.0
HYB_06,23,0.0
HYB_06,24,0.0
HYB_06,25,0.0
HYB_06,26,0.0
HYB_06,27,0.0
HYB_06,28,0.0
HYB_06,29,0.0
HYB_06,30,0.0
HYB_06,31,0.0
HYB_06,32,0.0
HYB_07,1,0.0
HYB_07,2,0.0
HYB_07,3,0.0
HYB_07,4,1.0
HYB_07,5,0.0
HYB_07,6,0.0
HYB_07,7,0.0
HYB_07,8,0.0
HYB_07,9,0.0
HYB_07,10,0.0
HYB_07,11,0.0
HYB_07,12,0.0
HYB_07,13,0.0
HYB_07,14,0.0
HYB_07,15,0.0
HYB_07,16,0.0
HYB_07,17,0.0
HYB_07,18,0.0
HYB_07,19,0.0
HYB_07,20,0.0
HYB_07,21,0.0
HYB_07,22,0.0
HYB_07,23,0.0
HYB_07,24,0.0
HYB_07,25,0.0
HYB_07,26,0.0
HYB_07,27,0.0
HYB_07,28,0.0
HYB_07,29,0.0
HYB_07,30,0.0
HYB_07,31,0.0
HYB_07,32,0.0
HYB_08,1,1.0
HYB_08,2,0.0
HYB_08,3,0.0
HYB_08,4,0.0
HYB_08,5,0.0
HYB_08,6,0.0
HYB_08,7,0.0
HYB_08,8,0.0
HYB_08,9,0.0
HYB_08,10,0.0
HYB_08,11,0.0
HYB_08,12,0.0
HYB_08,13,0.0
HYB_08,14,0.0
HYB_08,15,0.0
HYB_08,16,0.0
HYB_08,17,0.0
HYB_08,18,0.0
HYB_08,19,0.0
HYB_08,20,0.0
HYB_08,21,0.0
HYB_08,22,0.0
HYB_08,23,0.0
HYB_08,24,0.0
HYB_08,25,0.0
HYB_08,26,0.0
HYB_08,27,0.0
HYB_08,28,0.0
HYB_08,29,0.0
HYB_08,30,0.0
HYB_08,31,0.0
HYB_08,32,0.0
INV_01,1,0.0
INV_01,2,0.0
INV_01,3,0.0
INV_01,4,0.0
INV_01,5,0.0
INV_01,6,0.0
INV_01,7,0.0
INV_01,8,0.0
INV_01,9,0.0
INV_01,10,0.0
INV_01,11,0.0
INV_01,12,0.0
INV_01,13,0.0
INV_01,14,0.0
INV_01,15,0.0
INV_01,16,0.0
INV_01,17,0.0
INV_01,18,0.0
INV_01,19,0.0
INV_01,20,0.0
INV_01,21,0.0
INV_01,22,0.0
INV_01,23,1.0
INV_01,24,0.0
INV_01,25,0.0
INV_01,26,0.0
INV_01,27,0.0
INV_01,28,0.0
INV_01,29,0.0
INV_01,30,0.0
INV_01,31,0.0
INV_01,32,0.0
INV_02,1,0.0
INV_02,2,0.0
INV_02,3,0.0
INV_02,4,0.0
INV_02,5,0.0
INV_02,6,0.0
INV_02,7,0.0
INV_02,8,0.0
INV_02,9,0.0
INV_02,10,0.0
INV_02,11,0.0
INV_02,12,0.0
INV_02,13,0.0
INV_02,14,0.0
INV_02,15,0.0
INV_02,16,0.0
INV_02,17,0.0
INV_02,18,0.0
INV_02,19,0.0
INV_02,20,0.0
INV_02,21,0.0
INV_02,22,0.0
INV_02,23,0.0
INV_02,24,1.0
INV_02,25,0.0
INV_02,26,0.0
INV_02,27,0.0
INV_02,28,0.0
INV_02,29,0.0
INV_02,30,0.0
INV_02,31,0.0
INV_02,32,0.0
INV_03,1,0.0
INV_03,2,0.0
INV_03,3,0.0
INV_03,4,0.0
INV_03,5,0.0
INV_03,6,0.0
INV_03,7,0.0
INV_03,8,0.0
INV_03,9,0.0
INV_03,10,0.0
INV_03,11,0.0
INV_03,12,0.0
INV_03,13,0.0
INV_03,14,0.0
INV_03,15,0.0
INV_03,16,0.0
INV_03,17,0.0
INV_03,18,0.0
INV_03,19,0.0
INV_03,20,0.0
INV_03,21,0.0
INV_03,22,1.0
INV_03,23,0.0
INV_03,24,0.0
INV_03,25,0.0
INV_03,26,0.0
INV_03,27,0.0
INV_03,28,0.0
INV_03,29,0.0
INV_03,30,0.0
INV_03,31,0.0
INV_03,32,0.0
INV_04,1,0.0
INV_04,2,0.0
INV_04,3,0.0
INV_04,4,0.0
INV_04,5,0.0
INV_04,6,0.0
INV_04,7,0.0
INV_04,8,0.0
INV_04,9,0.0
INV_04,10,0.0
INV_04,11,0.0
INV_04,12,0.0
INV_04,13,0.0
INV_04,14,0.0
INV_04,15,0.0
INV_04,16,0.0
INV_04,17,0.0
INV_04,18,0.0
INV_04,19,0.0
INV_04,20,0.0
INV_04,21,0.0
INV_04,22,0.0
INV_04,23,0.0
INV_04,24,0.0
INV_04,25,0.0
INV_04,26,0.0
INV_04,27,0.0
INV_04,28,0.0
INV_04,29,0.0
INV_04,30,0.0
INV_04,31,0.0
INV_04,32,1.0
INV_05,1,0.0
INV_05,2,0.0
INV_05,3,0.0
INV_05,4,0.0
INV_05,5,0.0
INV_05,6,0.0
INV_05,7,0.0
INV_05,8,0.0
INV_05,9,0.0
INV_05,10,0.0
INV_05,11,0.0
INV_05,12,0.0
INV_05,13,0.0
INV_05,14,0.0
INV_05,15,0.0
INV_05,16,0.0
INV_05,17,0.0
INV_05,18,0.0
INV_05,19,0.0
INV_05,20,0.0
INV_05,21,0.0
INV_05,22,0.0
INV_05,23,0.0
INV_05,24,0.0
INV_05,25,0.0
INV_05,26,0.0
INV_05,27,0.0
INV_05,28,1.0
INV_05,29,0.0
INV_05,30,0.0
INV_05,31,0.0
INV_05,32,0.0
INV_06,1,0.0
INV_06,2,0.0
INV_06,3,0.0
INV_06,4,0.0
INV_06,5,0.0
INV_06,6,0.0
INV_06,7,0.0
INV_06,8,0.0
INV_06,9,0.0
INV_06,10,0.0
INV_06,11,0.0
INV_06,12,1.0
INV_06,13,0.0
INV_06,14,0.0
INV_06,15,0.0
INV_06,16,0.0
INV_06,17,0.0
INV_06,18,0.0
INV_06,19,0.0
INV_06,20,0.0
INV_06,21,0.0
INV_06,22,0.0
INV_06,23,0.0
INV_06,24,0.0
INV_06,25,0.0
INV_06,26,0.0
INV_06,27,0.0
INV_06,28,0.0
INV_06,29,0.0
INV_06,30,0.0
INV_06,31,0.0
INV_06,32,0.0
INV_07,1,0.0
INV_07,2,0.0
INV_07,3,0.0
INV_07,4,0.0
INV_07,5,0.0
INV_07,6,0.0
INV_07,7,0.0
INV_07,8,0.0
INV_07,9,0.0
INV_07,10,0.0
INV_07,11,0.0
INV_07,12,0.0
INV_07,13,0.0
INV_07,14,0.0
INV_07,15,0.0
INV_07,16,0.0
INV_07,17,0.0
INV_07,18,0.0
INV_07,19,0.0
INV_07,20,0.0
INV_07,21,0.0
INV_07,22,0.0
INV_07,23,0.0
INV_07,24,0.0
INV_07,25,0.0
INV_07,26,0.0
INV_07,27,0.0
INV_07,28,0.0
INV_07,29,1.0
INV_07,30,0.0
INV_07,31,0.0
INV_07,32,0.0
INV_08,1,0.0
INV_08,2,0.0
INV_08,3,0.0
INV_08,4,0.0
INV_08,5,0.0
INV_08,6,0.0
INV_08,7,0.0
INV_08,8,0.0
INV_08,9,0.0
INV_08,10,0.0
INV_08,11,0.0
INV_08,12,0.0
INV_08,13,0.0
INV_08,14,0.0
INV_08,15,0.0
INV_08,16,0.0
INV_08,17,0.0
INV_08,18,0.0
INV_08,19,0.0
INV_08,20,0.0
INV_08,21,0.0
INV_08,22,0.0
INV_08,23,0.0
INV_08,24,0.0
INV_08,25,0.0
INV_08,26,0.0
INV_08,27,0.0
INV_08,28,0.0
INV_08,29,0.0
INV_08,30,0.0
INV_08,31,1.0
INV_08,32,0.0
STATIC_085,1,0.0
STATIC_085,2,0.0
STATIC_085,3,0.0
STATIC_085,4,0.0
STATIC_085,5,0.0
STATIC_085,6,0.0
STATIC_085,7,0.0
STATIC_085,8,0.0
STATIC_085,9,0.0
STATIC_085,10,0.0
STATIC_085,11,0.0
STATIC_085,12,0.0
STATIC_085,13,0.0
STATIC_085,14,0.0
STATIC_085,15,0.0
STATIC_085,16,0.0
STATIC_085,17,0.0
STATIC_085,18,0.0
STATIC_085,19,0.0
STATIC_085,20,0.0
STATIC_085,21,0.0
STATIC_085,22,0.0
STATIC_085,23,0.0
STATIC_085,24,0.0
STATIC_085,25,0.0
STATIC_085,26,0.0
STATIC_085,27,0.0
STATIC_085,28,0.0
STATIC_085,29,0.0
STATIC_085,30,1.0
STATIC_085,31,0.0
STATIC_085,32,0.0
STATIC_100,1,0.0
STATIC_100,2,0.0
STATIC_100,3,0.0
STATIC_100,4,0.0
STATIC_100,5,0.0
STATIC_100,6,0.0
STATIC_100,7,0.0
STATIC_100,8,0.0
STATIC_100,9,0.0
STATIC_100,10,0.0
STATIC_100,11,0.0
STATIC_100,12,0.0
STATIC_100,13,0.0
STATIC_100,14,0.0
STATIC_100,15,0.0
STATIC_100,16,0.0
STATIC_100,17,0.0
STATIC_100,18,0.0
STATIC_100,19,0.0
STATIC_100,20,0.0
STATIC_100,21,1.0
STATIC_100,22,0.0
STATIC_100,23,0.0
STATIC_100,24,0.0
STATIC_100,25,0.0
STATIC_100,26,0.0
STATIC_100,27,0.0
STATIC_100,28,0.0
STATIC_100,29,0.0
STATIC_100,30,0.0
STATIC_100,31,0.0
STATIC_100,32,0.0
STATIC_115,1,0.0
STATIC_115,2,0.0
STATIC_115,3,0.0
STATIC_115,4,0.0
STATIC_115,5,0.0
STATIC_115,6,0.0
STATIC_115,7,0.0
STATIC_115,8,0.0
STATIC_115,9,0.0
STATIC_115,10,0.0
STATIC_115,11,0.0
STATIC_115,12,0.0
STATIC_115,13,1.0
STATIC_115,14,0.0
STATIC_115,15,0.0
STATIC_115,16,0.0
STATIC_115,17,0.0
STATIC_115,18,0.0
STATIC_115,19,0.0
STATIC_115,20,0.0
STATIC_115,21,0.0
STATIC_115,22,0.0
STATIC_115,23,0.0
STATIC_115,24,0.0
STATIC_115,25,0.0
STATIC_115,26,0.0
STATIC_115,27,0.0
STATIC_115,28,0.0
STATIC_115,29,0.0
STATIC_115,30,0.0
STATIC_115,31,0.0
STATIC_115,32,0.0
STATIC_130,1,0.0
STATIC_130,2,0.0
STATIC_130,3,0.0
STATIC_130,4,0.0
STATIC_130,5,0.0
STATIC_130,6,0.0
STATIC_130,7,0.0
STATIC_130,8,0.0
STATIC_130,9,0.0
STATIC_130,10,0.0
STATIC_130,11,0.0
STATIC_130,12,0.0
STATIC_130,13,0.0
STATIC_130,14,0.0
STATIC_130,15,0.0
STATIC_130,16,0.0
STATIC_130,17,1.0
STATIC_130,18,0.0
STATIC_130,19,0.0
STATIC_130,20,0.0
STATIC_130,21,0.0
STATIC_130,22,0.0
STATIC_130,23,0.0
STATIC_130,24,0.0
STATIC_130,25,0.0
STATIC_130,26,0.0
STATIC_130,27,0.0
STATIC_130,28,0.0
STATIC_130,29,0.0
STATIC_130,30,0.0
STATIC_130,31,0.0
STATIC_130,32,0.0
TIME_EARLY_DISCOUNT,1,0.0
TIME_EARLY_DISCOUNT,2,0.0
TIME_EARLY_DISCOUNT,3,0.0
TIME_EARLY_DISCOUNT,4,0.0
TIME_EARLY_DISCOUNT,5,0.0
TIME_EARLY_DISCOUNT,6,0.0
TIME_EARLY_DISCOUNT,7,0.0
TIME_EARLY_DISCOUNT,8,0.0
TIME_EARLY_DISCOUNT,9,0.0
TIME_EARLY_DISCOUNT,10,0.0
TIME_EARLY_DISCOUNT,11,0.0
TIME_EARLY_DISCOUNT,12,0.0
TIME_EARLY_DISCOUNT,13,0.0
TIME_EARLY_DISCOUNT,14,0.0
TIME_EARLY_DISCOUNT,15,0.0
TIME_EARLY_DISCOUNT,16,0.0
TIME_EARLY_DISCOUNT,17,0.0
TIME_EARLY_DISCOUNT,18,0.0
TIME_EARLY_DISCOUNT,19,0.0
TIME_EARLY_DISCOUNT,20,0.0
TIME_EARLY_DISCOUNT,21,0.0
TIME_EARLY_DISCOUNT,22,0.0
TIME_EARLY_DISCOUNT,23,0.0
TIME_EARLY_DISCOUNT,24,0.0
TIME_EARLY_DISCOUNT,25,0.0
TIME_EARLY_DISCOUNT,26,0.0
TIME_EARLY_DISCOUNT,27,1.0
TIME_EARLY_DISCOUNT,28,0.0
TIME_EARLY_DISCOUNT,29,0.0
TIME_EARLY_DISCOUNT,30,0.0
TIME_EARLY_DISCOUNT,31,0.0
TIME_EARLY_DISCOUNT,32,0.0
TIME_FLAT_THEN_SURGE,1,0.0
TIME_FLAT_THEN_SURGE,2,0.0
TIME_FLAT_THEN_SURGE,3,0.0
TIME_FLAT_THEN_SURGE,4,0.0
TIME_FLAT_THEN_SURGE,5,0.0
TIME_FLAT_THEN_SURGE,6,0.0
TIME_FLAT_THEN_SURGE,7,0.0
TIME_FLAT_THEN_SURGE,8,0.0
TIME_FLAT_THEN_SURGE,9,0.0
TIME_FLAT_THEN_SURGE,10,0.0
TIME_FLAT_THEN_SURGE,11,0.0
TIME_FLAT_THEN_SURGE,12,0.0
TIME_FLAT_THEN_SURGE,13,0.0
TIME_FLAT_THEN_SURGE,14,0.0
TIME_FLAT_THEN_SURGE,15,0.0
TIME_FLAT_THEN_SURGE,16,0.0
TIME_FLAT_THEN_SURGE,17,0.0
TIME_FLAT_THEN_SURGE,18,0.0
TIME_FLAT_THEN_SURGE,19,0.0
TIME_FLAT_THEN_SURGE,20,0.0
TIME_FLAT_THEN_SURGE,21,0.0
TIME_FLAT_THEN_SURGE,22,0.0
TIME_FLAT_THEN_SURGE,23,0.0
TIME_FLAT_THEN_SURGE,24,0.0
TIME_FLAT_THEN_SURGE,25,1.0
TIME_FLAT_THEN_SURGE,26,0.0
TIME_FLAT_THEN_SURGE,27,0.0
TIME_FLAT_THEN_SURGE,28,0.0
TIME_FLAT_THEN_SURGE,29,0.0
TIME_FLAT_THEN_SURGE,30,0.0
TIME_FLAT_THEN_SURGE,31,0.0
TIME_FLAT_THEN_SURGE,32,0.0
TIME_HIGH_EARLY_NORMALIZE,1,0.0
TIME_HIGH_EARLY_NORMALIZE,2,0.0
TIME_HIGH_EARLY_NORMALIZE,3,0.0
TIME_HIGH_EARLY_NORMALIZE,4,0.0
TIME_HIGH_EARLY_NORMALIZE,5,0.0
TIME_HIGH_EARLY_NORMALIZE,6,0.0
TIME_HIGH_EARLY_NORMALIZE,7,0.0
TIME_HIGH_EARLY_NORMALIZE,8,0.0
TIME_HIGH_EARLY_NORMALIZE,9,0.0
TIME_HIGH_EARLY_NORMALIZE,10,0.0
TIME_HIGH_EARLY_NORMALIZE,11,0.0
TIME_HIGH_EARLY_NORMALIZE,12,0.0
TIME_HIGH_EARLY_NORMALIZE,13,0.0
TIME_HIGH_EARLY_NORMALIZE,14,1.0
TIME_HIGH_EARLY_NORMALIZE,15,0.0
TIME_HIGH_EARLY_NORMALIZE,16,0.0
TIME_HIGH_EARLY_NORMALIZE,17,0.0
TIME_HIGH_EARLY_NORMALIZE,18,0.0
TIME_HIGH_EARLY_NORMALIZE,19,0.0
TIME_HIGH_EARLY_NORMALIZE,20,0.0
TIME_HIGH_EARLY_NORMALIZE,21,0.0
TIME_HIGH_EARLY_NORMALIZE,22,0.0
TIME_HIGH_EARLY_NORMALIZE,23,0.0
TIME_HIGH_EARLY_NORMALIZE,24,0.0
TIME_HIGH_EARLY_NORMALIZE,25,0.0
TIME_HIGH_EARLY_NORMALIZE,26,0.0
TIME_HIGH_EARLY_NORMALIZE,27,0.0
TIME_HIGH_EARLY_NORMALIZE,28,0.0
TIME_HIGH_EARLY_NORMALIZE,29,0.0
TIME_HIGH_EARLY_NORMALIZE,30,0.0
TIME_HIGH_EARLY_NORMALIZE,31,0.0
TIME_HIGH_EARLY_NORMALIZE,32,0.0
TIME_LATE_SURGE,1,0.0
TIME_LATE_SURGE,2,0.0
TIME_LATE_SURGE,3,0.0
TIME_LATE_SURGE,4,0.0
TIME_LATE_SURGE,5,0.0
TIME_LATE_SURGE,6,0.0
TIME_LATE_SURGE,7,0.0
TIME_LATE_SURGE,8,0.0
TIME_LATE_SURGE,9,0.0
TIME_LATE_SURGE,10,0.0
TIME_LATE_SURGE,11,0.0
TIME_LATE_SURGE,12,0.0
TIME_LATE_SURGE,13,0.0
TIME_LATE_SURGE,14,0.0
TIME_LATE_SURGE,15,0.0
TIME_LATE_SURGE,16,0.0
TIME_LATE_SURGE,17,0.0
TIME_LATE_SURGE,18,0.0
TIME_LATE_SURGE,19,0.0
TIME_LATE_SURGE,20,0.0
TIME_LATE_SURGE,21,0.0
TIME_LATE_SURGE,22,0.0
TIME_LATE_SURGE,23,0.0
TIME_LATE_SURGE,24,0.0
TIME_LATE_SURGE,25,0.0
TIME_LATE_SURGE,26,1.0
TIME_LATE_SURGE,27,0.0
TIME_LATE_SURGE,28,0.0
TIME_LATE_SURGE,29,0.0
TIME_LATE_SURGE,30,0.0
TIME_LATE_SURGE,31,0.0
TIME_LATE_SURGE,32,0.0
TIME_MILD_INCREASE,1,0.0
TIME_MILD_INCREASE,2,0.0
TIME_MILD_INCREASE,3,0.0
TIME_MILD_INCREASE,4,0.0
TIME_MILD_INCREASE,5,0.0
TIME_MILD_INCREASE,6,0.0
TIME_MILD_INCREASE,7,0.0
TIME_MILD_INCREASE,8,0.0
TIME_MILD_INCREASE,9,0.0
TIME_MILD_INCREASE,10,0.0
TIME_MILD_INCREASE,11,0.0
TIME_MILD_INCREASE,12,0.0
TIME_MILD_INCREASE,13,0.0
TIME_MILD_INCREASE,14,0.0
TIME_MILD_INCREASE,15,0.0
TIME_MILD_INCREASE,16,0.0
TIME_MILD_INCREASE,17,0.0
TIME_MILD_INCREASE,18,0.0
TIME_MILD_INCREASE,19,1.0
TIME_MILD_INCREASE,20,0.0
TIME_MILD_INCREASE,21,0.0
TIME_MILD_INCREASE,22,0.0
TIME_MILD_INCREASE,23,0.0
TIME_MILD_INCREASE,24,0.0
TIME_MILD_INCREASE,25,0.0
TIME_MILD_INCREASE,26,0.0
TIME_MILD_INCREASE,27,0.0
TIME_MILD_INCREASE,28,0.0
TIME_MILD_INCREASE,29,0.0
TIME_MILD_INCREASE,30,0.0
TIME_MILD_INCREASE,31,0.0
TIME_MILD_INCREASE,32,0.0
TIME_MODERATE_INCREASE,1,0.0
TIME_MODERATE_INCREASE,2,0.0
TIME_MODERATE_INCREASE,3,0.0
TIME_MODERATE_INCREASE,4,0.0
TIME_MODERATE_INCREASE,5,0.0
TIME_MODERATE_INCREASE,6,0.0
TIME_MODERATE_INCREASE,7,0.0
TIME_MODERATE_INCREASE,8,0.0
TIME_MODERATE_INCREASE,9,0.0
TIME_MODERATE_INCREASE,10,0.0
TIME_MODERATE_INCREASE,11,0.0
TIME_MODERATE_INCREASE,12,0.0
TIME_MODERATE_INCREASE,13,0.0
TIME_MODERATE_INCREASE,14,0.0
TIME_MODERATE_INCREASE,15,0.0
TIME_MODERATE_INCREASE,16,0.0
TIME_MODERATE_INCREASE,17,0.0
TIME_MODERATE_INCREASE,18,0.0
TIME_MODERATE_INCREASE,19,0.0
TIME_MODERATE_INCREASE,20,1.0
TIME_MODERATE_INCREASE,21,0.0
TIME_MODERATE_INCREASE,22,0.0
TIME_MODERATE_INCREASE,23,0.0
TIME_MODERATE_INCREASE,24,0.0
TIME_MODERATE_INCREASE,25,0.0
TIME_MODERATE_INCREASE,26,0.0
TIME_MODERATE_INCREASE,27,0.0
TIME_MODERATE_INCREASE,28,0.0
TIME_MODERATE_INCREASE,29,0.0
TIME_MODERATE_INCREASE,30,0.0
TIME_MODERATE_INCREASE,31,0.0
TIME_MODERATE_INCREASE,32,0.0
VEL_01,1,0.0
VEL_01,2,0.0
VEL_01,3,0.0
VEL_01,4,0.0
VEL_01,5,0.0
VEL_01,6,0.0
VEL_01,7,0.0
VEL_01,8,0.0
VEL_01,9,0.0
VEL_01,10,0.0
VEL_01,11,0.0
VEL_01,12,0.0
VEL_01,13,0.0
VEL_01,14,0.0
VEL_01,15,0.0
VEL_01,16,0.0
VEL_01,17,0.0
VEL_01,18,1.0
VEL_01,19,0.0
VEL_01,20,0.0
VEL_01,21,0.0
VEL_01,22,0.0
VEL_01,23,0.0
VEL_01,24,0.0
VEL_01,25,0.0
VEL_01,26,0.0
VEL_01,27,0.0
VEL_01,28,0.0
VEL_01,29,0.0
VEL_01,30,0.0
VEL_01,31,0.0
VEL_01,32,0.0
VEL_02,1,0.0
VEL_02,2,0.0
VEL_02,3,0.0
VEL_02,4,0.0
VEL_02,5,0.0
VEL_02,6,0.0
VEL_02,7,0.0
VEL_02,8,0.0
VEL_02,9,0.0
VEL_02,10,0.0
VEL_02,11,0.0
VEL_02,12,0.0
VEL_02,13,0.0
VEL_02,14,0.0
VEL_02,15,0.0
VEL_02,16,1.0
VEL_02,17,0.0
VEL_02,18,0.0
VEL_02,19,0.0
VEL_02,20,0.0
VEL_02,21,0.0
VEL_02,22,0.0
VEL_02,23,0.0
VEL_02,24,0.0
VEL_02,25,0.0
VEL_02,26,0.0
VEL_02,27,0.0
VEL_02,28,0.0
VEL_02,29,0.0
VEL_02,30,0.0
VEL_02,31,0.0
VEL_02,32,0.0
VEL_03,1,0.0
VEL_03,2,0.0
VEL_03,3,0.0
VEL_03,4,0.0
VEL_03,5,0.0
VEL_03,6,0.0
VEL_03,7,0.0
VEL_03,8,0.0
VEL_03,9,0.0
VEL_03,10,0.0
VEL_03,11,1.0
VEL_03,12,0.0
VEL_03,13,0.0
VEL_03,14,0.0
VEL_03,15,0.0
VEL_03,16,0.0
VEL_03,17,0.0
VEL_03,18,0.0
VEL_03,19,0.0
VEL_03,20,0.0
VEL_03,21,0.0
VEL_03,22,0.0
VEL_03,23,0.0
VEL_03,24,0.0
VEL_03,25,0.0
VEL_03,26,0.0
VEL_03,27,0.0
VEL_03,28,0.0
VEL_03,29,0.0
VEL_03,30,0.0
VEL_03,31,0.0
VEL_03,32,0.0
VEL_04,1,0.0
VEL_04,2,0.0
VEL_04,3,0.0
VEL_04,4,0.0
VEL_04,5,0.0
VEL_04,6,0.0
VEL_04,7,1.0
VEL_04,8,0.0
VEL_04,9,0.0
VEL_04,10,0.0
VEL_04,11,0.0
VEL_04,12,0.0
VEL_04,13,0.0
VEL_04,14,0.0
VEL_04,15,0.0
VEL_04,16,0.0
VEL_04,17,0.0
VEL_04,18,0.0
VEL_04,19,0.0
VEL_04,20,0.0
VEL_04,21,0.0
VEL_04,22,0.0
VEL_04,23,0.0
VEL_04,24,0.0
VEL_04,25,0.0
VEL_04,26,0.0
VEL_04,27,0.0
VEL_04,28,0.0
VEL_04,29,0.0
VEL_04,30,0.0
VEL_04,31,0.0
VEL_04,32,0.0
VEL_05,1,0.0
VEL_05,2,0.0
VEL_05,3,0.0
VEL_05,4,0.0
VEL_05,5,0.0
VEL_05,6,1.0
VEL_05,7,0.0
VEL_05,8,0.0
VEL_05,9,0.0
VEL_05,10,0.0
VEL_05,11,0.0
VEL_05,12,0.0
VEL_05,13,0.0
VEL_05,14,0.0
VEL_05,15,0.0
VEL_05,16,0.0
VEL_05,17,0.0
VEL_05,18,0.0
VEL_05,19,0.0
VEL_05,20,0.0
VEL_05,21,0.0
VEL_05,22,0.0
VEL_05,23,0.0
VEL_05,24,0.0
VEL_05,25,0.0
VEL_05,26,0.0
VEL_05,27,0.0
VEL_05,28,0.0
VEL_05,29,0.0
VEL_05,30,0.0
VEL_05,31,0.0
VEL_05,32,0.0
VEL_06,1,0.0
VEL_06,2,0.0
VEL_06,3,1.0
VEL_06,4,0.0
VEL_06,5,0.0
VEL_06,6,0.0
VEL_06,7,0.0
VEL_06,8,0.0
VEL_06,9,0.0
VEL_06,10,0.0
VEL_06,11,0.0
VEL_06,12,0.0
VEL_06,13,0.0
VEL_06,14,0.0
VEL_06,15,0.0
VEL_06,16,0.0
VEL_06,17,0.0
VEL_06,18,0.0
VEL_06,19,0.0
VEL_06,20,0.0
VEL_06,21,0.0
VEL_06,22,0.0
VEL_06,23,0.0
VEL_06,24,0.0
VEL_06,25,0.0
VEL_06,26,0.0
VEL_06,27,0.0
VEL_06,28,0.0
VEL_06,29,0.0
VEL_06,30,0.0
VEL_06,31,0.0
VEL_06,32,0.0
