regime,budget,crn,method,M,PGS_successes,PGS,PGS_ci_low,PGS_ci_high,exact_PCS_successes,exact_PCS,exact_PCS_ci_low,exact_PCS_ci_high,top3_PCS_successes,top3_PCS,top3_PCS_ci_low,top3_PCS_ci_high,EOC_mean,EOC_sd,EOC_mcse,EOC_ci_low,EOC_ci_high,EOC_median,EOC_p90,EOC_p95,runtime_mean,runtime_sd,runtime_mcse,runtime_ci_low,runtime_ci_high,runtime_median,runtime_p90,runtime_p95,simulator_calls_per_second,selection_entropy_nats
G1,256,False,CPC-v1,5000,4058,0.8116,0.8005236706225852,0.8221978975252552,1536,0.3072,0.2945648012797203,0.32013122459029375,3551,0.7102,0.6974675768517932,0.7226096812505051,0.0010301819410051738,0.0011226590011672848,1.5876795853710064e-05,0.000999056456828405,0.0010613074251819424,0.0005023032044871867,0.0026119766633331265,0.0032147405087176173,0.2241176870399766,0.027637889438407615,0.0003908587807916417,0.22335143238072563,0.22488394169922754,0.22368229999847244,0.2553207699980703,0.2636468100015918,,1.8311912469064717
G1,256,False,CPC-v2,5000,3991,0.7982,0.786848510859184,0.8090936317007841,1497,0.2994,0.2868631933158819,0.3122448087044751,3422,0.6844,0.6713805057612315,0.6971363657614315,0.001075359528002141,0.0011400739155131411,1.6123079934264822e-05,0.0010437512189957953,0.0011069678370084868,0.0005023032044871867,0.0026119766633331265,0.0032147405087176173,0.01246155327999295,0.01411020644643009,0.00019954845324425706,0.012070350780371377,0.012852755779614521,0.011376600003131898,0.016831090000778207,0.018603589996928353,,1.8596763800343135
G1,256,False,OCBA,5000,4606,0.9212,0.9134045309031973,0.9283487569782867,2185,0.437,0.4233049734854491,0.4507917569596282,4309,0.8618,0.8519561055299499,0.8710883853426069,0.0006203103882807937,0.0008413381034804482,1.1898317564833083e-05,0.0005969844666964433,0.0006436363098651441,0.0005023032044871867,0.0018082915361536944,0.0022101340997432994,0.00889766620000737,0.01409835318956593,0.0001993808228781012,0.008506792329433964,0.009288540070580777,0.00752709999869694,0.01228356999854441,0.014012480001838412,,1.4672876031120794
G1,256,False,SH,5000,4778,0.9556,0.9495322908690903,0.9609681791185737,2429,0.4858,0.47196276771416695,0.49965903502107284,4506,0.9012,0.8926185500320442,0.9091654459272421,0.0004938846027799409,0.0006644689392384725,9.397009856467117e-06,0.00047546234149426343,0.0005123068640656182,0.0005023032044871867,0.0011050670498716775,0.0018082915361536944,0.005418728059971181,0.01485507170181565,0.00021008243870732464,0.005006874328144441,0.005830581791797921,0.004302050001570024,0.007667790002597031,0.008532305001426722,,1.3127016495557788
G1,256,False,SR,5000,4668,0.9336,0.9263605009399495,0.9401737479332971,2237,0.4474,0.43366347762893337,0.46121728461568673,4371,0.8742,0.8647197907932355,0.8831056610710838,0.0005727060216280608,0.0007257662017028025,1.0263884055601106e-05,0.0005525843066606073,0.0005928277365955142,0.0005023032044871867,0.0018082915361536944,0.0022101340997432994,0.023740642520072287,0.015166868848938605,0.00021449191624902988,0.0233201442780612,0.024161140762083373,0.022626649999438087,0.0314772100027767,0.03392675499926554,,1.4092994593109214
G1,256,False,Uniform,5000,4004,0.8008,0.7895003513364186,0.811637799173435,1477,0.2954,0.28291534472606455,0.30819879890985286,3501,0.7002,0.6873506539242052,0.7127419582169939,0.0010538443530050744,0.001124243532707814,1.589920451365631e-05,0.0010226749380253272,0.0010850137679848215,0.0005023032044871867,0.0026119766633331265,0.0032147405087176173,0.005059898860014801,0.014835734930911844,0.00020980897547067802,0.004648581236085624,0.005471216483943978,0.00402110000140965,0.00720599000051152,0.007850104995304719,,1.8458008104018884
G1,256,True,CPC-v1,5000,4125,0.825,0.814219627002049,0.8352813667336638,1693,0.3386,0.3256112325280191,0.3518365816598455,3623,0.7246,0.7120490294189137,0.7368061188673667,0.0009498020718669576,0.00104270615200671,1.4746091817377512e-05,0.0009208932635809514,0.0009787108801529638,0.0005023032044871867,0.0026119766633331265,0.0032147405087176173,0.14388802062001632,0.022987136554378514,0.0003250872027532443,0.14325070710420376,0.14452533413582888,0.1431473000011465,0.1683545200059598,0.1751860600012151,,1.768634599937444
G1,256,True,CPC-v2,5000,4175,0.835,0.8244551438664058,0.8450304958304058,1688,0.3376,0.32462147506380656,0.35082787452794806,3690,0.738,0.7256323305829556,0.7500022432911971,0.0009297309093864432,0.0010332303833125564,1.4612084211365688e-05,0.0009010848147902093,0.0009583770039826772,0.0005023032044871867,0.0022101340997432994,0.0026119766633331265,0.0109291229199589,0.014104234599656413,0.0001994639985772596,0.0105380859885304,0.0113201598513874,0.00957879999987199,0.015022280000994218,0.01672013499810419,,1.7545990477113496
G1,256,True,OCBA,5000,4599,0.9198,0.91194541020641,0.9270100272405202,2230,0.446,0.4322687079590146,0.45981420385105165,4308,0.8616,0.8517504598546636,0.8708943380986712,0.0006178137229617939,0.0008452933538970884,1.1954253252651027e-05,0.0005943781428933175,0.0006412493030302702,0.0005023032044871867,0.0018082915361536944,0.0022101340997432994,0.008022716500049864,0.013672129396568169,0.00019335310819146583,0.007643659594299187,0.00840177340580054,0.006608299998333678,0.011237000000983245,0.012861305004480529,,1.4651444639482791
G1,256,True,SH,5000,4872,0.9744,0.9696445963621593,0.9784270080323708,2703,0.5406,0.5267608260658809,0.5543768365361803,4712,0.9424,0.9355960101702596,0.948524727148754,0.0003905708796810279,0.0005597543977151715,7.91612260846779e-06,0.0003750518069876766,0.0004060899523743792,0.0,0.0011050670498716775,0.0018082915361536944,0.004630454560028739,0.013733205616388869,0.00019421685637555498,0.00424970432895699,0.005011204791100487,0.0036551000011968426,0.006573610000486953,0.0071744799945008715,,1.1648794176595973
G1,256,True,SR,5000,4765,0.953,0.946777958205572,0.9585265038322062,2329,0.4658,0.4520049587702558,0.4796475520427862,4523,0.9046,0.8961439432215352,0.9124348323645246,0.0005128716639095542,0.0006653051325464703,9.408835415636478e-06,0.0004944262193406628,0.0005313171084784456,0.0005023032044871867,0.0011050670498716775,0.0018082915361536944,0.022936322120037222,0.014257973264189963,0.00020163819162170434,0.02254102281653909,0.023331621423535353,0.021875499998714076,0.03055098999539041,0.03309006999588746,,1.3340984154618236
G1,256,True,Uniform,5000,4130,0.826,0.8152425968339292,0.8362568614978936,1629,0.3258,0.31294731908090656,0.3389201482767513,3622,0.7244,0.7118464007675944,0.7366090545994641,0.0009616188639488669,0.0010439980113278679,1.4764361467104109e-05,0.0009326742391354757,0.000990563488762258,0.0005023032044871867,0.0026119766633331265,0.0026119766633331265,0.004226007420003589,0.013874825438316689,0.00019621966310426684,0.0038413308092190793,0.004610684030788098,0.003278449999925215,0.005901180002547336,0.006397044997720514,,1.7775073281430354
G1,512,False,CPC-v1,5000,4416,0.8832,0.8740018311663311,0.8918098020629772,1938,0.3876,0.37418688341349526,0.40118569598375364,3995,0.799,0.7876643842477545,0.8098765299891014,0.000758789703547756,0.0008890369758640403,1.2572881487180879e-05,0.0007341413407803914,0.0007834380663151206,0.0005023032044871867,0.0022101340997432994,0.0026119766633331265,0.2633701491200132,0.026962497882091783,0.0003813073018031005,0.2626226195493042,0.2641176786907222,0.26307660000020405,0.298442040001828,0.30759395000277434,,1.606481868326018
G1,512,False,CPC-v2,5000,4457,0.8914,0.8824734868798813,0.899725556037528,1896,0.3792,0.36584910463906706,0.39273637215085877,4041,0.8082,0.7970519516594553,0.8188748368616116,0.0007372911263957086,0.0008620243129836273,1.2190864745167954e-05,0.0007133916840130579,0.0007611905687783594,0.0005023032044871867,0.0022101340997432994,0.0026119766633331265,0.022380513199989217,0.00534481662696065,7.55871216224497e-05,0.022232329285570663,0.022528697114407772,0.02190245000019786,0.02963183999672765,0.03135495000460651,,1.5837329001075666
G1,512,False,OCBA,5000,4950,0.99,0.9868414249077906,0.9924062271860534,3056,0.6112,0.5976076036804777,0.6246216594069415,4863,0.9726,0.9676995295137499,0.9767748386077822,0.00029075318688534524,0.00046340634849900805,6.5535554293709016e-06,0.00027790534354856807,0.0003036010302221224,0.0,0.0011050670498716775,0.0011050670498716775,0.02210493919997389,0.005482243196239457,7.753062680349466e-05,0.021952945162888426,0.02225693323705935,0.021121199999470264,0.029624250001506883,0.031769000000349476,,0.9952741005709899
G1,512,False,SH,5000,4954,0.9908,0.9877511623189796,0.9930952614517523,2976,0.5952,0.5815264326407924,0.6087273969088686,4842,0.9684,0.9631801521274299,0.9729006646904408,0.0003044761104319343,0.00046547595434663153,6.582824075955659e-06,0.0002915708877092569,0.0003173813331546117,0.0,0.0011050670498716775,0.0011050670498716775,0.008951348940041499,0.002575159337201689,3.641825259942339e-05,0.008879953190201708,0.00902274468988129,0.007865100000344682,0.012603289995604429,0.013803649998953916,,1.0191151164417813
G1,512,False,SR,5000,4901,0.9802,0.9759537946503457,0.9837089044016215,2759,0.5518,0.5379810045010298,0.5655394615774623,4742,0.9484,0.9419167179483694,0.9541948069473034,0.00036939377657985086,0.0005349823214556426,7.565792546324126e-06,0.00035456150447941336,0.00038422604868028836,0.0,0.0011050670498716775,0.0018082915361536944,0.026794829980027864,0.0064377429776316195,9.104343430038789e-05,0.026616344912900592,0.026973315047155135,0.025875899998936802,0.03568446000426775,0.038141599999289615,,1.130740847026819
G1,512,False,Uniform,5000,4423,0.8846,0.8754471816593572,0.893162302004505,1882,0.3764,0.3630707925315636,0.3899189833892547,4009,0.8018,0.790520484819783,0.8126161302861804,0.000761752855668835,0.0008770209336056774,1.2402948987902626e-05,0.0007374376351403793,0.0007860680761972908,0.0005023032044871867,0.0022101340997432994,0.0026119766633331265,0.007780285479995655,0.002211529678248905,3.1275752645702084e-05,0.007718971285805594,0.007841599674185715,0.006802450003306149,0.010930419999931473,0.011684205005803961,,1.6073491697467979
G1,512,True,CPC-v1,5000,4557,0.9114,0.9032043379171967,0.9189639969224105,2066,0.4132,0.3996231078068057,0.4269101652508563,4205,0.841,0.8306028858921046,0.8508735413813664,0.0006620609570669728,0.0008021717313648984,1.1344421418485464e-05,0.0006398209148941592,0.0006843009992397864,0.0005023032044871867,0.0018082915361536944,0.0022101340997432994,0.17477649805997497,0.020941699276722542,0.0002961603513627985,0.17419589386155448,0.17535710225839546,0.17434920000232523,0.2020374199972139,0.2108981400011544,,1.5089863542102337
G1,512,True,CPC-v2,5000,4561,0.9122,0.9040358607404276,0.9197312457760675,2069,0.4138,0.40021972940044437,0.4275126224148835,4190,0.838,0.8275283927316677,0.8479526407534737,0.0006580774742626923,0.0007946579809516532,1.1238160941098484e-05,0.0006360457492363608,0.0006801091992890239,0.0005023032044871867,0.0018082915361536944,0.0022101340997432994,0.020289031180055463,0.004972589155228486,7.032303023433496e-05,0.020151167193833724,0.0204268951662772,0.01954449999902863,0.02728835000525578,0.029064194998136377,,1.5038663867303266
G1,512,True,OCBA,5000,4967,0.9934,0.9907459424338538,0.9952964892867637,3171,0.6342,0.6207511861164862,0.6474427626814604,4916,0.9832,0.9792487778494415,0.9864093149908554,0.000255591962571246,0.00041588611056373115,5.881517779618251e-06,0.0002440616078150555,0.0002671223173274365,0.0,0.0005023032044871867,0.0011050670498716775,0.02141753655997745,0.005332293210526768,7.541001376876929e-05,0.02126969985463988,0.021565373265315022,0.020536800002446398,0.028750139998010127,0.030717814999297845,,0.9236258968329507
G1,512,True,SH,5000,4967,0.9934,0.9907459424338538,0.9952964892867637,3139,0.6278,0.6143079950812405,0.6410957803016031,4908,0.9816,0.9774882833771557,0.9849722661093654,0.0002627849444595017,0.0004145751074889699,5.862977396331849e-06,0.0002512909369872298,0.0002742789519317736,0.0,0.0005023032044871867,0.0011050670498716775,0.00816672923998849,0.0023616329362581823,3.339853327803316e-05,0.008101253464608422,0.008232205015368558,0.007090399998560315,0.011582490001455881,0.012568890002876289,,0.9386595113297628
G1,512,True,SR,5000,4958,0.9916,0.9886658498349266,0.9937793456126935,3073,0.6146,0.6010268119026927,0.6279972308115003,4859,0.9718,0.9668367246863333,0.9760388717583109,0.00028968830409183214,0.0004530197722843272,6.4066670598766664e-06,0.00027712842639135654,0.00030224818179230774,0.0,0.0011050670498716775,0.0011050670498716775,0.026092333180045533,0.006274165147394415,8.87300944401377e-05,0.02591838327378316,0.026266283086307907,0.025238700000045355,0.034722779998264744,0.03715431499840634,,0.9926146873735399
G1,512,True,Uniform,5000,4520,0.904,0.8955215903620776,0.9118581064663164,2066,0.4132,0.3996231078068057,0.4269101652508563,4178,0.8356,0.8250696954201525,0.8456150230343252,0.0006705948701185117,0.0008207717668897901,1.1607465643484697e-05,0.0006478391458812284,0.000693350594355795,0.0005023032044871867,0.0018082915361536944,0.0022101340997432994,0.006965990899960161,0.0019992727021186955,2.827398570218564e-05,0.006910561485694441,0.007021420314225881,0.006025349997798912,0.010048719999758761,0.01040933999720437,,1.5199155967551683
G1,1024,False,CPC-v1,5000,4747,0.9494,0.9429723017819809,0.9551376877098019,2404,0.4808,0.46697123245027883,0.49465824730441144,4481,0.8962,0.887439571427698,0.9043521015510388,0.0005153831799319895,0.0006894225724217389,9.749907521249704e-06,0.0004962690844259556,0.0005344972754380233,0.0005023032044871867,0.0018082915361536944,0.0022101340997432994,0.2819430200800387,0.028242803976297092,0.00039941356422724126,0.28115999429272676,0.2827260458673506,0.28168530000039027,0.3185927099970286,0.3291277550000814,,1.341894127577797
G1,1024,False,CPC-v2,5000,4812,0.9624,0.9567623768844091,0.9673276523568022,2451,0.4902,0.4763564652966622,0.5040585816614611,4600,0.92,0.9121538142988848,0.9272013160672674,0.0004619783032309188,0.0006179549975467203,8.739203384668045e-06,0.0004448456311745804,0.00047911097528725724,0.0005023032044871867,0.0011050670498716775,0.0018082915361536944,0.04913839233997715,0.009112259735752741,0.000128866813021678,0.04888575685945734,0.04939102782049695,0.04874089999793796,0.061777850005455555,0.0645847199975833,,1.2663893388823317
G1,1024,False,OCBA,5000,4996,0.9992,0.9979446733541565,0.9996888530238984,3770,0.754,0.741870413175415,0.765739594236496,4985,0.997,0.995055834044251,0.9981810702223624,0.00014946534152720186,0.0002918262969699055,4.127047070319588e-06,0.0001413745189539561,0.0001575561641004476,0.0,0.0005023032044871867,0.0005023032044871867,0.05060325387999619,0.009367373171710614,0.00013247466183243027,0.05034354543323648,0.0508629623267559,0.049985100002231775,0.06365298999880908,0.06619191500394664,,0.677873245132285
G1,1024,False,SH,5000,4997,0.9994,0.9982372939514713,0.9997959253458056,3585,0.717,0.7043513046068103,0.7293155127490348,4974,0.9948,0.9923914507969761,0.9964488313581955,0.00017437958046976517,0.0003133268001354589,4.431110102065301e-06,0.00016569266097806406,0.00018306649996146628,0.0,0.0005023032044871867,0.0005023032044871867,0.014896969599975274,0.0037199349709656397,5.260782487085573e-05,0.014793835186981647,0.0150001040129689,0.014101500000833767,0.020175709999602987,0.021109764996435843,,0.7412131646719639
G1,1024,False,SR,5000,4993,0.9986,0.9971127802223416,0.9993216673980476,3306,0.6612,0.647961684754386,0.6741908081385276,4965,0.993,0.9902806809762769,0.9949623649058968,0.0002171356292357114,0.00034873823234296016,4.931903378974338e-06,0.00020746693524996955,0.00022680432322145323,0.0,0.0005023032044871867,0.0011050670498716775,0.0335753663800293,0.007239541767422537,0.00010238258152855439,0.03337465161045575,0.03377608114960286,0.03279899999688496,0.04390741999886814,0.04575800999773492,,0.8373354988860328
G1,1024,False,Uniform,5000,4741,0.9482,0.9417056781071299,0.9540061538693211,2315,0.463,0.4492126419042271,0.47684416803970725,4476,0.8952,0.8864045189533949,0.903388689429232,0.0005294476696576293,0.0006816533944821197,9.64003475314271e-06,0.0005105489729724081,0.0005483463663428505,0.0005023032044871867,0.0018082915361536944,0.0022101340997432994,0.013468139940018591,0.003431825480755322,4.853334138581743e-05,0.013372993301914217,0.013563286578122965,0.01253135000297334,0.018566119999741205,0.019242439997469774,,1.3555588498881552
G1,1024,True,CPC-v1,5000,4849,0.9698,0.9646838626619504,0.9741948045904739,2588,0.5176,0.503741349751197,0.5314316271403369,4645,0.929,0.9215470809096299,0.9357942308215114,0.00043019255645097257,0.0005957341094848736,8.424952572017665e-06,0.00041367595383249873,0.0004467091590694464,0.0,0.0011050670498716775,0.0018082915361536944,0.1862082176400072,0.021891569216798266,0.00030959354088025464,0.18560127849770877,0.18681515678230562,0.18578619999971124,0.21488167999850702,0.2227187899970886,,1.223650076834102
G1,1024,True,CPC-v2,5000,4862,0.9724,0.9674837353935126,0.9765909398087975,2656,0.5312,0.5173493073677831,0.5450027880308455,4692,0.9384,0.931393310404438,0.944733568530136,0.0004059815419946929,0.000572057748416586,8.090118262713518e-06,0.00039012136149640714,0.0004218417224929787,0.0,0.0011050670498716775,0.0018082915361536944,0.045011452200019265,0.008669809130191074,0.00012260961655102302,0.04477108356928029,0.04525182083075824,0.044409150003048126,0.057086840002011745,0.059806089999256073,,1.187629123430777
G1,1024,True,OCBA,5000,4995,0.999,0.9976610469499418,0.9995727865088913,3981,0.7962,0.7848091263238788,0.8071360870438695,4988,0.9976,0.9958094485806921,0.9986265344435872,0.00011928696500161366,0.00026336894303790085,3.724599311520665e-06,0.00011198511656797964,0.00012658881343524767,0.0,0.0005023032044871867,0.0005023032044871867,0.049672741460044925,0.009109304816463566,0.00012882502415233332,0.049420187904039584,0.04992529501605027,0.04922375000023749,0.06240134999534348,0.06504865999631874,,0.5895534422343989
G1,1024,True,SH,5000,4997,0.9994,0.9982372939514713,0.9997959253458056,3791,0.7582,0.7461365272379327,0.7698670314776398,4989,0.9978,0.9960645913506401,0.9987710845928612,0.0001434979794578948,0.0002801110080683553,3.961367865802675e-06,0.00013573196080013216,0.00015126399811565746,0.0,0.0005023032044871867,0.0005023032044871867,0.01382016366001335,0.0035056530104769223,4.957742032390533e-05,0.013722970169208582,0.013917357150818117,0.012779499997122912,0.019020489995455137,0.019765024997468572,,0.6600203070182902
G1,1024,True,SR,5000,4999,0.9998,0.9988679109191605,0.9999646942165608,3555,0.711,0.6982772479088555,0.7233987818703305,4983,0.9966,0.9945614552239989,0.9978760632041707,0.0001777751501320983,0.0003115517453841316,4.406007037032482e-06,0.00016913744365923717,0.0001864128566049594,0.0,0.0005023032044871867,0.0005324413967565209,0.032924343320137994,0.007125769818811178,0.0001007736032011164,0.032726782853859195,0.033121903786416794,0.032302350002282765,0.04283055999985663,0.04460439000431507,,0.7475576122547778
G1,1024,True,Uniform,5000,4827,0.9654,0.959966189053468,0.970119233976073,2547,0.5094,0.4955415127503895,0.5232440544530435,4615,0.923,0.915281562079565,0.9300689620749168,0.0004466480094299712,0.000616548626927215,8.71931430062977e-06,0.00042955432870262806,0.0004637416901573143,0.0,0.0011050670498716775,0.0018082915361536944,0.012438127480031107,0.003168151139831182,4.4804423095970375e-05,0.012350291157452392,0.012525963802609822,0.011344750000716886,0.01733138000199688,0.017881574996499693,,1.2483426500683499
G2,256,False,CPC-v1,5000,3991,0.7982,0.786848510859184,0.8090936317007841,1531,0.3062,0.2935771740621746,0.3191203872117297,3486,0.6972,0.6843169896785597,0.7097802286743098,0.0010541439877861845,0.0011423076578152018,1.615466982084903e-05,0.0010224737487453354,0.0010858142268270336,0.0005023032044871867,0.0026119766633331265,0.0032147405087176173,0.2239943076400552,0.02547919952090998,0.00036033029520880956,0.2232879022037649,0.2247007130763455,0.22334570000020904,0.25637393999786584,0.26640551499549475,,1.8479176556371721
G2,256,False,CPC-v2,5000,4005,0.801,0.7897043693280121,0.8118334741010635,1530,0.306,0.2933796570932893,0.31891821126139297,3524,0.7048,0.6920035320738407,0.7172820172094638,0.0010400454287997198,0.0011232123775800004,1.5884621777989663e-05,0.0010089046023785476,0.001071186255220892,0.0005023032044871867,0.0026119766633331265,0.0032147405087176173,0.012168027100048493,0.0034181826608087303,4.8340402775842594e-05,0.012073258706251547,0.01226279549384544,0.011197549996722955,0.016866040002787488,0.018646994998562153,,1.8360370596134972
G2,256,False,OCBA,5000,4606,0.9212,0.9134045309031973,0.9283487569782867,2159,0.4318,0.4181280189806495,0.44557669556465646,4329,0.8658,0.8560704483514718,0.8749679009055245,0.0006202003183612014,0.0008079133083451679,1.1425619578834527e-05,0.0005978010921768017,0.0006425995445456012,0.0005023032044871867,0.0018082915361536944,0.0022101340997432994,0.008738463379941823,0.002674068798036536,3.78170436090199e-05,0.008664325386148216,0.00881260137373543,0.007498200000554789,0.012413649998779875,0.01416729500197107,,1.4672500191715006
G2,256,False,SH,5000,4785,0.957,0.9510175715099949,0.9622807489122229,2435,0.487,0.473160942460579,0.5008590177899925,4554,0.9108,0.9025808223141376,0.9183884337678037,0.0004817891416158906,0.0006423221031319711,9.083806296612435e-06,0.0004639808966932243,0.000499597386538557,0.0005023032044871867,0.0011050670498716775,0.0018082915361536944,0.005203346859992598,0.0016528743340074852,2.3375173000517824e-05,0.005157521267469984,0.005249172452515213,0.004279400000086753,0.007689440000103787,0.008538699999189703,,1.2949420805320284
G2,256,False,SR,5000,4697,0.9394,0.9324432117954192,0.9456821317352647,2235,0.447,0.4332649607438761,0.4608164156623,4373,0.8746,0.8651319890733773,0.883492848629386,0.0005725452846026248,0.0007248688232820792,1.0251193208269427e-05,0.0005524484492627393,0.0005926421199425103,0.0005023032044871867,0.0018082915361536944,0.0022101340997432994,0.023561190180030826,0.005827660144159577,8.24155601277162e-05,0.023399619530870195,0.023722760829191458,0.022812949999206467,0.031168449997494463,0.033559204999255604,,1.4091419095233428
G2,256,False,Uniform,5000,4006,0.8012,0.7899083916672127,0.812029144681085,1540,0.308,0.2953549538093282,0.3209398437375738,3504,0.7008,0.6879574643022651,0.7133342265966,0.0010525986410579449,0.0011336151306808413,1.6031738923201943e-05,0.001021169400499712,0.0010840278816161778,0.0005023032044871867,0.0026119766633331265,0.0032147405087176173,0.004798120840042247,0.0014754470546329574,2.0865972352253654e-05,0.004757214381442718,0.004839027298641776,0.004001749999588355,0.006903970005805605,0.007733740003823187,,1.845853599878244
G2,256,True,CPC-v1,5000,4961,0.9922,0.9893555304144359,0.9942887437908499,3059,0.6118,0.5982109430849076,0.6252173987601777,4885,0.977,0.972464258435715,0.9808033539087004,0.0002840625082015765,0.00043755738340249463,6.187995859242921e-06,0.00027193132197373516,0.0002961936944294178,0.0,0.0011050670498716775,0.0011050670498716775,0.1436484871001012,0.01923522353889783,0.0002720271400398751,0.14311519458182623,0.14418177961837617,0.14291579999917303,0.16904409999915515,0.17620482000347693,,0.9799086934237804
G2,256,True,CPC-v2,5000,4959,0.9918,0.9888953739300811,0.9939495144367608,3033,0.6066,0.5929827148290396,0.6200536111162742,4879,0.9758,0.9711612962211135,0.9797081586079702,0.0002895275670663967,0.00044485802367330113,6.291242504092738e-06,0.0002771939721258537,0.0003018611620069397,0.0,0.0011050670498716775,0.0011050670498716775,0.010566658180003288,0.002995892061626643,4.2368311849582905e-05,0.010483597704059558,0.010649718655947018,0.009443300004932098,0.014754230001562976,0.016298030002144515,,0.9904366210162089
G2,256,True,OCBA,5000,4592,0.9184,0.9104869648157441,0.9256706221966322,3184,0.6368,0.6233694555940039,0.6500205011538285,4456,0.8912,0.8822666835699373,0.8995326664282501,0.000464984260320722,0.0009372921131539721,1.325531218327685e-05,0.0004389980340430627,0.0004909704865983812,0.0,0.0018082915361536944,0.0026119766633331265,0.007962867340029333,0.00244756218256843,3.461375633339767e-05,0.007895009194407216,0.00803072548565145,0.00683894999747281,0.011577569996734385,0.012931079996997143,,1.1924967590650064
G2,256,True,SH,5000,5000,1.0,0.9992322980549431,1.0,4385,0.877,0.8676058225229919,0.885815330210435,5000,1.0,0.9992322980549431,1.0,6.467656060976952e-05,0.00017750420032911545,2.5102884748362585e-06,5.97552940694315e-05,6.959782715010754e-05,0.0,0.0005023032044871867,0.0005023032044871867,0.004410812560010527,0.0013955059562125393,1.9735434496482074e-05,0.004372122451514966,0.0044495026685060874,0.0036145499980193563,0.006555640001170106,0.0072112149980966935,,0.3931341982580559
G2,256,True,SR,5000,5000,1.0,0.9992322980549431,1.0,4045,0.809,0.7978687078516622,0.8196568523462926,5000,1.0,0.9992322980549431,1.0,0.00010510192250689692,0.00022777539494674143,3.2212305270856986e-06,9.878689769179224e-05,0.0001114169473220016,0.0,0.0005023032044871867,0.0005023032044871867,0.022699252200002958,0.005794451716057032,8.194592203363908e-05,0.0225386022475119,0.022859902152494015,0.021747099999629427,0.03054603000637144,0.03297526999413094,,0.540719064571324
G2,256,True,Uniform,5000,4959,0.9918,0.9888953739300811,0.9939495144367608,3050,0.61,0.5964009893798128,0.6234301161922746,4874,0.9748,0.9700775791716395,0.9787934110613344,0.0002847054563033204,0.0004402180742173481,6.225623709599394e-06,0.00027250050298344944,0.0002969104096231913,0.0,0.0011050670498716775,0.0011050670498716775,0.0040980676600083825,0.0012916945707699102,1.8267319804265006e-05,0.004062255700293176,0.004133879619723589,0.0033486499996797647,0.006064510001306191,0.006472709999070503,,0.9819210710773757
G2,512,False,CPC-v1,5000,4379,0.8758,0.8663687670883591,0.884654228129736,1920,0.384,0.3706130295534228,0.3975650772978305,3962,0.7924,0.7809354581547182,0.8034155897478125,0.0007709000154152436,0.000898191817072532,1.2702350493165088e-05,0.0007459978366050026,0.0007958021942254845,0.0005023032044871867,0.0022101340997432994,0.0026119766633331265,0.26275239506003856,0.0271657487135621,0.0003841817026273898,0.2619992304028676,0.2635055597172095,0.2623211000027368,0.2980554999958258,0.3072036449972075,,1.6172160065786036
G2,512,False,CPC-v2,5000,4476,0.8952,0.8864045189533949,0.903388689429232,2024,0.4048,0.3912726030911314,0.41847356735920754,4112,0.8224,0.8115604933315617,0.8327444924542655,0.0007048475808105811,0.0008523458660902295,1.2053990836574445e-05,0.0006812164713280568,0.0007284786902931055,0.0005023032044871867,0.0022101340997432994,0.0026119766633331265,0.022319808059951173,0.005419297254804468,7.664043676275762e-05,0.022169559185824445,0.0224700569340779,0.021698450000258163,0.02961393000368844,0.03163742500073568,,1.5551868281780348
G2,512,False,OCBA,5000,4947,0.9894,0.9861620249513982,0.99188654838478,3018,0.6036,0.5899671602957418,0.6170737718612423,4877,0.9754,0.9707275891783205,0.9793424798123194,0.00029332497929231957,0.00045696569724570864,6.462470865841588e-06,0.00028065570165399954,0.0003059942569306396,0.0,0.0011050670498716775,0.0011050670498716775,0.02233252257997374,0.005507255443286467,7.788435339348773e-05,0.0221798350836109,0.022485210076336578,0.021558300006290665,0.029625619998114416,0.03165368499903707,,0.9979796844917311
G2,512,False,SH,5000,4957,0.9914,0.9884366781599928,0.993608824368405,2982,0.5964,0.5827319970725081,0.6099199899924849,4880,0.976,0.9713782624881674,0.9798908852601383,0.00029639907490378096,0.00044474300802390066,6.289615937180065e-06,0.0002840686687478749,0.00030872948105968703,0.0,0.0011050670498716775,0.0011050670498716775,0.008952016679971711,0.00257379967508198,3.639902407332402e-05,0.008880658626477604,0.009023374733465818,0.007841849997930694,0.012666699996043465,0.013944700003776234,,1.0008810004174618
G2,512,False,SR,5000,4923,0.9846,0.9807959246005755,0.9876600186742752,2801,0.5602,0.5464007686883584,0.5739067999974569,4782,0.9564,0.9503808291024459,0.961718412562106,0.0003515519667564681,0.0005123729267127489,7.2460474194996545e-06,0.00033734653535973894,0.00036575739815319724,0.0,0.0011050670498716775,0.0011050670498716775,0.026928638220061838,0.006337047589734999,8.961938646806967e-05,0.02675294491133974,0.027104331528783936,0.02613914999892586,0.035593360000348184,0.0376990000015212,,1.1003799337947104
G2,512,False,Uniform,5000,4473,0.8946,0.8857836030608246,0.9028105265641364,1941,0.3882,0.3747826012398223,0.4017890569150925,4044,0.8088,0.797664511984835,0.8194613552938977,0.000745836395867521,0.0008766539675667969,1.2397759304411476e-05,0.0007215313493951453,0.0007701414423398967,0.0005023032044871867,0.0022101340997432994,0.0026119766633331265,0.007671402939983818,0.0021906915087158197,3.0981056426014896e-05,0.007610666479651857,0.0077321394003157795,0.006657599999016384,0.010919739997916622,0.011663625001892797,,1.5934286443806567
G2,512,True,CPC-v1,5000,4999,0.9998,0.9988679109191605,0.9999646942165608,3554,0.7108,0.6980748256916208,0.7232015111683431,4985,0.997,0.995055834044251,0.9981810702223624,0.0001768710043640215,0.0003089549249583919,4.3692824503811965e-06,0.00016830529419011424,0.00018543671453792878,0.0,0.0005023032044871867,0.0005023032044871867,0.17465459199997857,0.02154572635351927,0.00030470258420326363,0.17405724127816885,0.1752519427217883,0.17436379999708151,0.20254285999981222,0.21024810999733748,,0.7447052992673204
G2,512,True,CPC-v2,5000,4999,0.9998,0.9988679109191605,0.9999646942165608,3871,0.7742,0.7624028816048731,0.7855761106484576,4997,0.9994,0.9982372939514713,0.9997959253458056,0.00012766538245246028,0.0002536296387601423,3.5868647495438204e-06,0.00012063355417710667,0.0001346972107278139,0.0,0.0005023032044871867,0.0005023032044871867,0.021355832140045824,0.005278845715582468,7.465415204651833e-05,0.021209477255240083,0.021502187024851564,0.020587849998264574,0.028824090004491158,0.030591310002273532,,0.6111938499280594
G2,512,True,OCBA,5000,4962,0.9924,0.9895861903146046,0.9944577768099032,4521,0.9042,0.8957290304689461,0.9120503592786698,4949,0.9898,0.9866146950734219,0.9922332641012003,8.055021544235048e-05,0.00037205996739815935,5.261722519105685e-06,7.023493126788646e-05,9.086549961681449e-05,0.0,0.0,0.0005023032044871867,0.02148763873998687,0.005269648797597974,7.452408798506127e-05,0.02134153883779375,0.02163373864217999,0.020683550003013806,0.02855046999757178,0.03067905500174675,,0.39928035726277805
G2,512,True,SH,5000,5000,1.0,0.9992322980549431,1.0,4741,0.9482,0.9417056781071299,0.9540061538693211,5000,1.0,0.9992322980549431,1.0,2.613985876151317e-05,0.00011217209106172075,1.5863529249923532e-06,2.302991118011361e-05,2.924980634291273e-05,0.0,0.0,0.0005023032044871867,0.008142078379959275,0.0023620808171207312,3.340486726993461e-05,0.008076590187176696,0.008207566572741853,0.00707315000181552,0.011589060001278994,0.01253941500253859,,0.20509248813049336
G2,512,True,SR,5000,5000,1.0,0.9992322980549431,1.0,4529,0.9058,0.897388943995219,0.9135879891061729,5000,1.0,0.9992322980549431,1.0,4.8522489553461965e-05,0.0001528248344174264,2.16126953500547e-06,4.428545323118506e-05,5.275952587573887e-05,0.0,0.0,0.0005023032044871867,0.026156659979924734,0.006260861007711782,8.854194549238884e-05,0.025983078928130857,0.02633024103171861,0.02538040000217734,0.034555279996857285,0.036702019997392206,,0.3218320350927398
G2,512,True,Uniform,5000,4998,0.9996,0.9985426134985768,0.9998902987179225,3549,0.7098,0.6970627591169447,0.7222151131469092,4989,0.9978,0.9960645913506401,0.9987710845928612,0.00017978436295004656,0.0003130517658459147,4.42722052984139e-06,0.0001711050687260522,0.00018846365717404092,0.0,0.0005023032044871867,0.0011050670498716775,0.006859747940098168,0.001968746994621553,2.784228700675071e-05,0.006805164844638692,0.006914331035557644,0.005854999999428401,0.009875129996362376,0.010322679998716923,,0.7513979061754245
G2,1024,False,CPC-v1,5000,4745,0.949,0.9425499907560099,0.9547606128973288,2381,0.4762,0.4623802453265814,0.4900562972860034,4490,0.898,0.8893032815651382,0.9060856276865964,0.0005132534143449641,0.0006761663823382639,9.562436683235244e-06,0.0004945068439148959,0.0005319999847750324,0.0005023032044871867,0.0018082915361536944,0.0022101340997432994,0.2832197926799781,0.027811783347025047,0.00039331801203145014,0.28244871684876355,0.28399086851119265,0.2830500000018219,0.31873623999927075,0.328580569996484,,1.3371422982015686
G2,1024,False,CPC-v2,5000,4827,0.9654,0.959966189053468,0.970119233976073,2523,0.5046,0.4907433370058754,0.5184496001362302,4612,0.9224,0.9146557557281246,0.9294956896686911,0.00045177150211573973,0.0006191113635852322,8.755556870015358e-06,0.0004346067700547188,0.00046893623417676065,0.0,0.0011050670498716775,0.0018082915361536944,0.04892061991996598,0.009270140962923052,0.00013109959074876162,0.048663607215700594,0.04917763262423136,0.048248950002744095,0.061752460000570865,0.06468368999958331,,1.2549195510395905
G2,1024,False,OCBA,5000,4997,0.9994,0.9982372939514713,0.9997959253458056,3674,0.7348,0.7223872552019851,0.7468522319646161,4984,0.9968,0.9948079391692937,0.9980292721780977,0.0001567989683127153,0.0002894445861314471,4.0933645926256e-06,0.00014877417817045615,0.00016482375845497442,0.0,0.0005023032044871867,0.0005023032044871867,0.05042132977995934,0.00927601905360673,0.00013118271950441878,0.05016415410686872,0.050678505453049964,0.04990390000239131,0.06321178999787663,0.06565145500171639,,0.6941356027037336
G2,1024,False,SH,5000,4998,0.9996,0.9985426134985768,0.9998902987179225,3630,0.726,0.7134675170321475,0.7381854816886867,4986,0.9972,0.9953052742616263,0.9983313229242089,0.00016531803066081706,0.00029880193285597456,4.225697459082141e-06,0.00015703381005293301,0.0001736022512687011,0.0,0.0005023032044871867,0.0005023032044871867,0.014777285420020053,0.0037247427263174663,5.267581679908698e-05,0.014674017713022661,0.014880553127017445,0.013874849999410799,0.02018745999739622,0.021326844998475283,,0.7167130061554708
G2,1024,False,SR,5000,4986,0.9972,0.9953052742616263,0.9983313229242089,3334,0.6668,0.6536112162491032,0.6797326783820257,4959,0.9918,0.9888953739300811,0.9939495144367608,0.00021689452369755716,0.0003576829745093816,5.058401135811175e-06,0.0002069778386205964,0.00022681120877451793,0.0,0.0005023032044871867,0.0011050670498716775,0.03351552698003652,0.007141564571654334,0.00010099697473796762,0.03331752860756431,0.03371352535250873,0.03268760000355542,0.04373045000174899,0.045430660001147774,,0.8402216701726987
G2,1024,False,Uniform,5000,4740,0.948,0.9414946635808875,0.9538174754763412,2279,0.4558,0.44203440980937814,0.46963345504256493,4451,0.8902,0.8812328038769445,0.898568081525133,0.0005365401909049881,0.0006861541593962384,9.703685180968708e-06,0.0005175167114611803,0.0005555636703487958,0.0005023032044871867,0.0018082915361536944,0.0022101340997432994,0.013544225360042765,0.00344037141446942,4.865419913943362e-05,0.013448841787727452,0.013639608932358077,0.01270479999948293,0.018579550005233616,0.01929214500451053,,1.3641845332919882
G2,1024,True,CPC-v1,5000,5000,1.0,0.9992322980549431,1.0,4061,0.8122,0.8011364649419855,0.822784181963521,4998,0.9996,0.9985426134985768,0.9998902987179225,0.00010257031435628174,0.00022468083295503757,3.17746681170298e-06,9.634108562013485e-05,0.00010879954309242864,0.0,0.0005023032044871867,0.0005023032044871867,0.18660619517999438,0.02185161236103602,0.0003090284656069671,0.18600036383309998,0.1872120265268888,0.18604974999834667,0.21462865999710629,0.2232274700039852,,0.5325826076406042
G2,1024,True,CPC-v2,5000,5000,1.0,0.9992322980549431,1.0,4531,0.9062,0.8978040325868777,0.913972286352958,5000,1.0,0.9992322980549431,1.0,4.7959909964436395e-05,0.00015075589944225576,2.132010375989926e-06,4.3780234428262377e-05,5.2139585500610414e-05,0.0,0.0,0.0005023032044871867,0.04663697133997921,0.00870593460780181,0.00012312050795486613,0.046395601137987894,0.04687834154197053,0.04633465000006254,0.058656089999567486,0.060939424997923194,,0.31851864381424666
G2,1024,True,OCBA,5000,4987,0.9974,0.9955564171048898,0.9984798730001674,4842,0.9684,0.9631801521274299,0.9729006646904408,4978,0.9956,0.9933466185850587,0.9970924352470009,2.5602612725407948e-05,0.00019114574632442702,2.7032090684193187e-06,2.0303137197672818e-05,3.090208825314308e-05,0.0,0.0,0.0,0.04929656696002203,0.009247509682282017,0.00013077953610859738,0.049040181703242265,0.04955295221680179,0.048813800003699725,0.06210178000328597,0.06462670999499097,,0.16757437289830154
G2,1024,True,SH,5000,5000,1.0,0.9992322980549431,1.0,4938,0.9876,0.9841367227056039,0.9903146143575765,5000,1.0,0.9992322980549431,1.0,6.228559735641115e-06,5.559180378348527e-05,7.86186828673888e-07,4.6872886932125625e-06,7.769830778069668e-06,0.0,0.0,0.0,0.014003147100021306,0.0035709921653292406,5.0501455513366775e-05,0.013904142094920245,0.014102152105122367,0.013175299998692935,0.019092190002993448,0.020020804997329836,,0.06675952944337699
G2,1024,True,SR,5000,5000,1.0,0.9992322980549431,1.0,4846,0.9692,0.9640390968689954,0.973640491625763,5000,1.0,0.9992322980549431,1.0,1.547093869820535e-05,8.679434769665685e-05,1.227457436499381e-06,1.306458370255988e-05,1.787729369385082e-05,0.0,0.0,0.0,0.03271167576002481,0.007106542527527447,0.00010050168824010489,0.03251464836634418,0.03290870315370544,0.032002349998947466,0.042829969999729656,0.044686935000572706,,0.13751214404782197
G2,1024,True,Uniform,5000,5000,1.0,0.9992322980549431,1.0,4033,0.8066,0.7954186565258634,0.8173105886414276,4999,0.9998,0.9988679109191605,0.9999646942165608,0.0001041575924824615,0.00022228888952080438,3.143639623251761e-06,9.799467987386227e-05,0.00011032050509106073,0.0,0.0005023032044871867,0.0005023032044871867,0.012468945300014456,0.00320929681776961,4.538631085370598e-05,0.012379968222187458,0.012557922377841455,0.011372700002539204,0.01742448000004515,0.01787862499622861,,0.535454745224162
G3,256,False,CPC-v1,5000,3981,0.7962,0.7848091263238788,0.8071360870438695,1515,0.303,0.29041724285116943,0.3158852317151831,3476,0.6952,0.6822949038930427,0.7078053852676071,0.0010564694332302628,0.0011239144793233737,1.5894550996066106e-05,0.0010253091411862425,0.0010876297252742832,0.0005023032044871867,0.0026119766633331265,0.0032147405087176173,0.2245281628200275,0.025023235062315703,0.00035388198399576823,0.22383439890224494,0.22522192673781005,0.22414795000076992,0.2571112399993581,0.2660244650018285,,1.847049600574524
G3,256,False,CPC-v2,5000,4038,0.8076,0.7964394321330044,0.8182882776303966,1568,0.3136,0.3008872764328592,0.3265989228522582,3539,0.7078,0.6950388478016325,0.7202420952700017,0.0010249911833685428,0.0011090398705057751,1.5684192260817683e-05,0.0009942432867187663,0.0010557390800183194,0.0005023032044871867,0.0026119766633331265,0.0032147405087176173,0.012175062679992698,0.0033478965702418957,4.734640735058458e-05,0.012082242953242032,0.012267882406743364,0.011336899999150774,0.016666390004684218,0.018291195000347215,,1.8262415211329366
G3,256,False,OCBA,5000,4591,0.9182,0.9102786696738933,0.925479224419261,2142,0.4284,0.41474391944671773,0.44216601547181456,4274,0.8548,0.8447624248907378,0.8642928138090497,0.0006339887597170702,0.00080555432956429,1.1392258580981848e-05,0.000611654935722152,0.0006563225837119884,0.0005023032044871867,0.0018082915361536944,0.0022101340997432994,0.00869857874003792,0.002641271001830051,3.73532127269083e-05,0.00862535005823112,0.00877180742184472,0.007558900000731228,0.01221831999864662,0.013957405001201552,,1.482042925331696
G3,256,False,SH,5000,4795,0.959,0.9531422237269895,0.964153025887448,2431,0.4862,0.4723621504267983,0.5000590381468855,4553,0.9106,0.9023730076827979,0.9181965554799211,0.00047754970257002025,0.0006446342735463667,9.116505324197995e-06,0.00045967735320996694,0.0004954220519300736,0.0005023032044871867,0.0011050670498716775,0.0018082915361536944,0.0051719146599760275,0.001646827505138904,2.328965792656486e-05,0.0051262567145092626,0.0052175726054427924,0.004240800000843592,0.00765451000406756,0.008525214999099261,,1.2897628879844654
G3,256,False,SR,5000,4673,0.9346,0.9274081178219609,0.9411245956473955,2263,0.4526,0.43884501610186466,0.4664277620425269,4373,0.8746,0.8651319890733773,0.883492848629386,0.0005737560537181355,0.0007324806870426371,1.0358841217920598e-05,0.0005534481810598936,0.0005940639263763774,0.0005023032044871867,0.0018082915361536944,0.0022101340997432994,0.023575484939965828,0.005931142571748249,8.387902265334811e-05,0.023411045262312007,0.02373992461761965,0.022702250000293134,0.03153349999847706,0.03393123999776435,,1.4115946193723052
G3,256,False,Uniform,5000,3948,0.7896,0.7780821360895196,0.8006732109439032,1493,0.2986,0.2860735309701261,0.3114356993733429,3450,0.69,0.677038805102527,0.7026694681583513,0.0010731790953092705,0.001131236770918595,1.599810383688223e-05,0.0010418157942741425,0.0011045423963443985,0.0005023032044871867,0.0026119766633331265,0.0032147405087176173,0.004793993339981534,0.0015167359139287564,2.1449885000163987e-05,0.004751942156460767,0.004836044523502301,0.003926699999283301,0.00704733999882592,0.007814609994602506,,1.8575418901965841
G3,256,True,CPC-v1,5000,5000,1.0,0.9992322980549431,1.0,4615,0.923,0.915281562079565,0.9300689620749168,5000,1.0,0.9992322980549431,1.0,3.903900505274407e-05,0.00013597326151372185,1.9229523055280905e-06,3.526917503729992e-05,4.280883506818822e-05,0.0,0.0,0.0005023032044871867,0.14398227905996028,0.018901484374542518,0.00026730735551461167,0.14345823938967253,0.14450631873024802,0.14364429999841377,0.16844221000210383,0.17620511999775773,,0.27489091292268697
G3,256,True,CPC-v2,5000,5000,1.0,0.9992322980549431,1.0,4611,0.9222,0.9144471825113035,0.9293045699662904,5000,1.0,0.9992322980549431,1.0,3.9320294847256924e-05,0.00013592187923027322,1.922225650306903e-06,3.555188939479119e-05,4.3088700299722655e-05,0.0,0.0,0.0005023032044871867,0.010601436800089141,0.0030180385374358504,4.2681510314064396e-05,0.010517762317771568,0.010685111282406715,0.009478799998760223,0.014844730003096633,0.016444809998938582,,0.27587019160248444
G3,256,True,OCBA,5000,4473,0.8946,0.8857836030608246,0.9028105265641364,3901,0.7802,0.7685089188103543,0.7914608610196358,4377,0.8754,0.8659564770953808,0.8842671322842702,0.00045245550804461825,0.001066137316650287,1.5077458525588947e-05,0.00042289707565761736,0.00048201394043161913,0.0,0.0022101340997432994,0.0032147405087176173,0.007894803680016776,0.00243643963953599,3.445645982135212e-05,0.007827253904555857,0.007962353455477696,0.006718349999573547,0.011335850000614302,0.012844359996597634,,0.9518871544757135
G3,256,True,SH,5000,5000,1.0,0.9992322980549431,1.0,5000,1.0,0.9992322980549431,1.0,5000,1.0,0.9992322980549431,1.0,0.0,0.0,0.0,0.0,0.0,0.0,0.0,0.0,0.004442671679986234,0.0014184907435729308,2.006048847661535e-05,0.004403344323105769,0.0044819990368666985,0.0036093499984417576,0.006706629997643177,0.007200110000849236,,-0.0
G3,256,True,SR,5000,5000,1.0,0.9992322980549431,1.0,4986,0.9972,0.9953052742616263,0.9983313229242089,5000,1.0,0.9992322980549431,1.0,1.4064489725641226e-06,2.6544804623216578e-05,3.754002270869692e-07,6.704998594173158e-07,2.1423980857109297e-06,0.0,0.0,0.0,0.022583821860030003,0.005825602828555919,8.238646529142845e-05,0.022422308249510848,0.022745335470549157,0.021550849996856414,0.030457110000133982,0.03318891499984602,,0.01925485674924534
G3,256,True,Uniform,5000,5000,1.0,0.9992322980549431,1.0,4598,0.9196,0.9117370198945375,0.9268187246331706,5000,1.0,0.9992322980549431,1.0,4.0505730409846706e-05,0.00013726773607835235,1.941258940382565e-06,3.670001135994353e-05,4.4311449459749885e-05,0.0,0.0,0.0005023032044871867,0.003960010380021413,0.0012363028084537932,1.7483961989153008e-05,0.003925734145241116,0.003994286614801709,0.0032669499996700324,0.005932429996028077,0.006433314996684203,,0.28114426673110315
G3,512,False,CPC-v1,5000,4402,0.8804,0.871112350307555,0.8891035820526455,1865,0.373,0.35969776951241456,0.38649722678163007,3962,0.7924,0.7809354581547182,0.8034155897478125,0.0007759378981635517,0.0008938612029372788,1.264110636073029e-05,0.0007511557847174172,0.0008007200116096861,0.0005023032044871867,0.0022101340997432994,0.0026119766633331265,0.2624483796999673,0.027375444141868988,0.0003871472438141822,0.2616894012812455,0.2632073581186891,0.26179395000144723,0.2969537799966929,0.3069892249990517,,1.6212074557958491
G3,512,False,CPC-v2,5000,4492,0.8984,0.8897175483573514,0.906470746732827,1959,0.3918,0.3783573596314372,0.4054087710694732,4085,0.817,0.8060403373335242,0.8274729396333095,0.0007166460279058918,0.0008423168620148999,1.1912159300770182e-05,0.0006932929704474734,0.0007399990853643102,0.0005023032044871867,0.0022101340997432994,0.0026119766633331265,0.02216145837996446,0.005424071381652283,7.67079531121243e-05,0.022011077144177153,0.02231183961575177,0.021344549997593276,0.029789929999242303,0.03170156500273151,,1.5637208943513525
G3,512,False,OCBA,5000,4954,0.9908,0.9877511623189796,0.9930952614517523,3038,0.6076,0.5939880183104015,0.6210467722310223,4869,0.9738,0.9689956418737231,0.9778768837631409,0.00028970839622001243,0.00045410414472920794,6.422002402058807e-06,0.0002771184545220632,0.0003022983379179617,0.0,0.0011050670498716775,0.0011050670498716775,0.022166544239936047,0.00532205829199721,7.526527016282643e-05,0.02201899129555742,0.022314097184314673,0.021321799995348556,0.029398450001463062,0.03129841500413023,,0.992257245873758
G3,512,False,SH,5000,4955,0.991,0.9879793453009316,0.9932667713890224,2986,0.5972,0.583535753571899,0.6107150051699819,4861,0.9722,0.9672680036457926,0.9764069786372955,0.00029814709005539637,0.00045323710839844544,6.4097406566784614e-06,0.0002855811867569663,0.00031071299335382643,0.0,0.0011050670498716775,0.0011050670498716775,0.008940817779886128,0.0025927790477216803,3.666743293524798e-05,0.008868933527285999,0.009012702032486258,0.0078315000027942,0.01272968999692239,0.013955885000905255,,1.0066441325824058
G3,512,False,SR,5000,4925,0.985,0.9812392386801383,0.9880160904331563,2790,0.558,0.5441952073177637,0.5717157392566098,4749,0.9498,0.9433947174802964,0.9555146578499303,0.0003632857696132869,0.00052074935353733,7.364507983695137e-06,0.00034884810354840365,0.0003777234356781702,0.0,0.0011050670498716775,0.0018082915361536944,0.026743015579970962,0.006285144667752345,8.888536830612307e-05,0.026568761268820896,0.02691726989112103,0.025903350000589853,0.0353043599978264,0.03746416000103636,,1.1168623271340987
G3,512,False,Uniform,5000,4447,0.8894,0.8804058630431287,0.8977962506820608,1859,0.3718,0.3585074594937775,0.38528937928493523,4034,0.8068,0.7956228026451729,0.8175061354413401,0.0007507126680196039,0.0008607437186895829,1.2172754406982601e-05,0.0007268487298438357,0.000774576606195372,0.0005023032044871867,0.0022101340997432994,0.0026119766633331265,0.007592116760044882,0.002183656084247224,3.08815604990095e-05,0.007531575355373408,0.0076526581647163566,0.006515199998830212,0.010900620003667427,0.011754409999775818,,1.5952884213366778
G3,512,True,CPC-v1,5000,5000,1.0,0.9992322980549431,1.0,4904,0.9808,0.9766107953587554,0.9842509824508777,5000,1.0,0.9992322980549431,1.0,9.644221526153984e-06,6.893665803540333e-05,9.749115673834358e-07,7.732967212378135e-06,1.1555475839929834e-05,0.0,0.0,0.0,0.17382503476001876,0.02123543566188229,0.00030031441115935216,0.17323628678223257,0.17441378273780495,0.1733759499984444,0.20125404999926105,0.20966752500098665,,0.09490911289423574
G3,512,True,CPC-v2,5000,5000,1.0,0.9992322980549431,1.0,4979,0.9958,0.9935875211615961,0.9972512255896855,5000,1.0,0.9992322980549431,1.0,2.109673458846184e-06,3.248778397980737e-05,4.594466471569095e-07,1.2089564956807176e-06,3.0103904220116507e-06,0.0,0.0,0.0,0.021860370500008868,0.005255747457033635,7.432749334144872e-05,0.021714656009552816,0.02200608499046492,0.021208350000961218,0.029083150002406914,0.031093594995400056,,0.02717638479151347
G3,512,True,OCBA,5000,4970,0.994,0.9914476466387817,0.995793863839502,4873,0.9746,0.9698610525933732,0.9786102447203787,4950,0.99,0.9868414249077906,0.9924062271860534,3.982347162253028e-05,0.0003171345794189907,4.484960233118241e-06,3.1030982252785205e-05,4.861596099227536e-05,0.0,0.0,0.0,0.021189763700048207,0.005308374760292441,7.507175580164597e-05,0.021042590128701924,0.02133693727139449,0.02021239999885438,0.02850629999593366,0.030755510001472433,,0.16333748816783147
G3,512,True,SH,5000,5000,1.0,0.9992322980549431,1.0,5000,1.0,0.9992322980549431,1.0,5000,1.0,0.9992322980549431,1.0,0.0,0.0,0.0,0.0,0.0,0.0,0.0,0.0,0.008106954299953941,0.002361405880073801,3.339532221867944e-05,0.008041484819658728,0.008172423780249155,0.007021649998932844,0.011609220000536881,0.012548714996955822,,-0.0
G3,512,True,SR,5000,5000,1.0,0.9992322980549431,1.0,5000,1.0,0.9992322980549431,1.0,5000,1.0,0.9992322980549431,1.0,0.0,0.0,0.0,0.0,0.0,0.0,0.0,0.0,0.026317234860025927,0.006305241942521352,8.916958669157375e-05,0.026142423356168933,0.026492046363882922,0.025530800001433818,0.034810700001980874,0.037426670004060726,,-0.0
G3,512,True,Uniform,5000,5000,1.0,0.9992322980549431,1.0,4895,0.979,0.9746424826691497,0.9826220588674858,5000,1.0,0.9992322980549431,1.0,1.054836729423092e-05,7.202949597966269e-05,1.018650901053373e-06,8.551364700349303e-06,1.2545369888112536e-05,0.0,0.0,0.0,0.006863845500016759,0.0019858506863356614,2.8084169734638116e-05,0.006808788208309572,0.006918902791723946,0.00582734999989043,0.009890120000636672,0.010371329998451985,,0.10190582975257553
G3,1024,False,CPC-v1,5000,4742,0.9484,0.9419167179483694,0.9541948069473034,2478,0.4956,0.4817501964862682,0.5094565592908484,4487,0.8974,0.8886819560683503,0.9055078744257183,0.0005011177689245538,0.000677935682489743,9.587458365936549e-06,0.00048232214502071346,0.0005199133928283942,0.0005023032044871867,0.0018082915361536944,0.0022101340997432994,0.28296652573996833,0.028168276200637776,0.0003983595823161322,0.28218556621952784,0.2837474852604088,0.28281944999616826,0.31845005999712156,0.3284745100001601,,1.3226692724056663
G3,1024,False,CPC-v2,5000,4829,0.9658,0.960394103115057,0.9704907057529278,2548,0.5096,0.4957414644364055,0.5234437956862494,4626,0.9252,0.9175773181415895,0.9321698281243341,0.00044234829399956126,0.0006076228496402434,8.593084747690201e-06,0.0004255020785661517,0.0004591945094329708,0.0,0.0011050670498716775,0.0018082915361536944,0.04892401148013596,0.009181839527371265,0.0001298508198714181,0.04866944691455935,0.049178576045712574,0.04847595000319416,0.06149019000076806,0.06448122500296449,,1.2408231207877902
G3,1024,False,OCBA,5000,4994,0.9988,0.9973842237073702,0.9994499168322408,3751,0.7502,0.7380119129645086,0.7620039289821847,4987,0.9974,0.9955564171048898,0.9984798730001674,0.0001501283817571252,0.0002901702134007148,4.103626511879861e-06,0.0001420834737517711,0.00015817328976247932,0.0,0.0005023032044871867,0.0005023032044871867,0.05052954634001507,0.009444987077956152,0.0001335722882208422,0.05026768606406392,0.05079140661596623,0.05013379999945755,0.06360628000184079,0.06613704999872426,,0.6784929544580465
G3,1024,False,SH,5000,4994,0.9988,0.9973842237073702,0.9994499168322408,3573,0.7146,0.701921357766222,0.7269491445589595,4980,0.996,0.9938293823892882,0.9974090572812152,0.00017433939621340632,0.0003106898563515777,4.393818085441499e-06,0.00016572558543230645,0.0001829532069945062,0.0,0.0005023032044871867,0.0005023032044871867,0.014848269459992298,0.0037092523414673203,5.2456749675672425e-05,0.014745431220649861,0.014951107699334736,0.014086749997659354,0.02016122000059113,0.02119231999568001,,0.7402445287345982
G3,1024,False,SR,5000,4995,0.999,0.9976610469499418,0.9995727865088913,3386,0.6772,0.6641087220354667,0.6900192043952051,4971,0.9942,0.9916826613677592,0.9959585420297463,0.00020712974940232697,0.00034230262942995434,4.840890209758132e-06,0.00019763948115087172,0.00021662001765378221,0.0,0.0005023032044871867,0.0011050670498716775,0.03384765851998236,0.007298691362446879,0.0001032190831234774,0.03364530384035413,0.03405001319961059,0.0331046499995864,0.04393353000341449,0.0457659749990853,,0.8165022756705053
G3,1024,False,Uniform,5000,4747,0.9494,0.9429723017819809,0.9551376877098019,2320,0.464,0.45020984770865663,0.4778454268313876,4452,0.8904,0.8814395616410272,0.8987610166802723,0.000527820207275091,0.0006807575646481014,9.62736580613424e-06,0.0005089463472831978,0.0005466940672669842,0.0005023032044871867,0.0018082915361536944,0.0022101340997432994,0.013287946499988903,0.0033646173864286836,4.758287540083761e-05,0.013194663192133822,0.013381229807843984,0.012229799998749513,0.018457180004770635,0.019175939993874635,,1.3534790391085365
G3,1024,True,CPC-v1,5000,5000,1.0,0.9992322980549431,1.0,4993,0.9986,0.9971127802223416,0.9993216673980476,5000,1.0,0.9992322980549431,1.0,7.032244862820613e-07,1.8783182633547415e-05,2.6563431624893543e-07,1.8246470682813885e-07,1.2239842657359838e-06,0.0,0.0,0.0,0.1853541574399016,0.021849403099456922,0.0003089972219300872,0.1847483873443188,0.1859599275354844,0.1853067000010924,0.21325727000366898,0.22181143499765313,,0.010598815801651515
G3,1024,True,CPC-v2,5000,5000,1.0,0.9992322980549431,1.0,5000,1.0,0.9992322980549431,1.0,5000,1.0,0.9992322980549431,1.0,0.0,0.0,0.0,0.0,0.0,0.0,0.0,0.0,0.047200734180035946,0.008666825723193664,0.00012256742480464488,0.04696044826362714,0.04744102009644475,0.04705344999820227,0.05904092999990098,0.06181655999789655,,-0.0
G3,1024,True,OCBA,5000,4993,0.9986,0.9971127802223416,0.9993216673980476,4980,0.996,0.9938293823892882,0.9974090572812152,4990,0.998,0.996322115723667,0.9989132531390561,7.80622858312522e-06,0.0001587370231819039,2.244880510345809e-06,3.4052780735060486e-06,1.220717909274439e-05,0.0,0.0,0.0,0.04949136869996728,0.009313016393079033,0.0001317059408969533,0.049233167283437976,0.04974957011649658,0.04904904999784776,0.0624705999980506,0.0650451549969148,,0.0336282011350966
G3,1024,True,SH,5000,5000,1.0,0.9992322980549431,1.0,5000,1.0,0.9992322980549431,1.0,5000,1.0,0.9992322980549431,1.0,0.0,0.0,0.0,0.0,0.0,0.0,0.0,0.0,0.013902075519980281,0.0035125908625712157,4.9675536369160215e-05,0.01380468967868854,0.013999461361272022,0.013026799999352079,0.019040390002919596,0.019861245002175565,,-0.0
G3,1024,True,SR,5000,5000,1.0,0.9992322980549431,1.0,5000,1.0,0.9992322980549431,1.0,5000,1.0,0.9992322980549431,1.0,0.0,0.0,0.0,0.0,0.0,0.0,0.0,0.0,0.03282630675997934,0.0071388375317744,0.00010095840857013427,0.03262838399411301,0.033024229525845675,0.03199704999860842,0.04293612999827019,0.04464944999708678,,-0.0
G3,1024,True,Uniform,5000,5000,1.0,0.9992322980549431,1.0,4992,0.9984,0.9968457298408953,0.9991890248602717,5000,1.0,0.9992322980549431,1.0,8.036851271794986e-07,2.0078055948309282e-05,2.839465902818478e-07,2.4702525800319857e-07,1.3603449963557988e-06,0.0,0.0,0.0,0.012418297200054803,0.00318883449410882,4.5096929897318404e-05,0.012329887435838315,0.01250670696427129,0.011338050004269462,0.017399460000160617,0.017961949997334158,,0.011899121956364963
