regime,budget,crn,method,M,false_elimination_count,false_elimination_rate,cp95_low,cp95_high,one_sided_95_upper,preservation_frequency,preservation_ci_low,preservation_ci_high,population_PGS,population_EOC,at_least_one_elimination,mean_final_active_set_size,empirically_compatible_with_delta,compatibility_rule,theory_status
G1,256,False,CPC-v2,5000,2,0.0004,4.844552711822349e-05,0.0014441827958669,0.001258617924966361,0.9996,0.9985426134985768,0.9998902987179225,0.7982,0.001075359528002141,0.8466,26.6502,True,"two-sided exact lower limit <= .05; descriptive, not a proof or pass gate",approximate OFF
G1,256,True,CPC-v2,5000,2,0.0004,4.844552711822349e-05,0.0014441827958669,0.001258617924966361,0.9996,0.9985426134985768,0.9998902987179225,0.835,0.0009297309093864432,0.8662,27.9934,True,"two-sided exact lower limit <= .05; descriptive, not a proof or pass gate",conditional exact ON
G1,512,False,CPC-v2,5000,4,0.0008,0.00021801472424958697,0.0020470395629212336,0.0018297605084529958,0.9992,0.9979446733541565,0.9996888530238984,0.8914,0.0007372911263957086,0.9934,21.6822,True,"two-sided exact lower limit <= .05; descriptive, not a proof or pass gate",approximate OFF
G1,512,True,CPC-v2,5000,4,0.0008,0.00021801472424958697,0.0020470395629212336,0.0018297605084529958,0.9992,0.9979446733541565,0.9996888530238984,0.9122,0.0006580774742626923,0.9926,23.2996,True,"two-sided exact lower limit <= .05; descriptive, not a proof or pass gate",conditional exact ON
G1,1024,False,CPC-v2,5000,4,0.0008,0.00021801472424958697,0.0020470395629212336,0.0018297605084529958,0.9992,0.9979446733541565,0.9996888530238984,0.9624,0.0004619783032309188,0.9968,21.3254,True,"two-sided exact lower limit <= .05; descriptive, not a proof or pass gate",approximate OFF
G1,1024,True,CPC-v2,5000,12,0.0024,0.0012407107696028052,0.004188560186045313,0.0038856196666927764,0.9976,0.9958094485806921,0.9986265344435872,0.9724,0.0004059815419946929,0.9928,23.7428,True,"two-sided exact lower limit <= .05; descriptive, not a proof or pass gate",conditional exact ON
G2,256,False,CPC-v2,5000,1,0.0002,5.06354877705159e-06,0.001113819380333972,0.000948417770004379,0.9998,0.9988679109191605,0.9999646942165608,0.801,0.0010400454287997198,0.8414,26.6538,True,"two-sided exact lower limit <= .05; descriptive, not a proof or pass gate",approximate OFF
G2,256,True,CPC-v2,5000,1,0.0002,5.06354877705159e-06,0.001113819380333972,0.000948417770004379,0.9998,0.9988679109191605,0.9999646942165608,0.9918,0.0002895275670663967,1.0,16.1812,True,"two-sided exact lower limit <= .05; descriptive, not a proof or pass gate",conditional exact ON
G2,512,False,CPC-v2,5000,5,0.001,0.0003247744747778161,0.0023321105911455896,0.0021014479783966794,0.999,0.9976610469499418,0.9995727865088913,0.8952,0.0007048475808105811,0.9944,21.5862,True,"two-sided exact lower limit <= .05; descriptive, not a proof or pass gate",approximate OFF
G2,512,True,CPC-v2,5000,3,0.0006,0.00012375152046931285,0.0017524436033960471,0.001549994279706198,0.9994,0.9982372939514713,0.9997959253458056,0.9998,0.00012766538245246028,1.0,10.826,True,"two-sided exact lower limit <= .05; descriptive, not a proof or pass gate",conditional exact ON
G2,1024,False,CPC-v2,5000,5,0.001,0.0003247744747778161,0.0023321105911455896,0.0021014479783966794,0.999,0.9976610469499418,0.9995727865088913,0.9654,0.00045177150211573973,0.9964,21.3852,True,"two-sided exact lower limit <= .05; descriptive, not a proof or pass gate",approximate OFF
G2,1024,True,CPC-v2,5000,6,0.0012,0.0004405021345266783,0.0026100513108503033,0.0023670955423628686,0.9988,0.9973842237073702,0.9994499168322408,1.0,4.7959909964436395e-05,1.0,11.0548,True,"two-sided exact lower limit <= .05; descriptive, not a proof or pass gate",conditional exact ON
G3,256,False,CPC-v2,5000,3,0.0006,0.00012375152046931285,0.0017524436033960471,0.001549994279706198,0.9994,0.9982372939514713,0.9997959253458056,0.8076,0.0010249911833685428,0.8454,26.707,True,"two-sided exact lower limit <= .05; descriptive, not a proof or pass gate",approximate OFF
G3,256,True,CPC-v2,5000,0,0.0,0.0,0.0007375038011081049,0.0005989670023149134,1.0,0.9992322980549431,1.0,1.0,3.9320294847256924e-05,1.0,16.0,True,"two-sided exact lower limit <= .05; descriptive, not a proof or pass gate",conditional exact ON
G3,512,False,CPC-v2,5000,4,0.0008,0.00021801472424958697,0.0020470395629212336,0.0018297605084529958,0.9992,0.9979446733541565,0.9996888530238984,0.8984,0.0007166460279058918,0.9938,21.6614,True,"two-sided exact lower limit <= .05; descriptive, not a proof or pass gate",approximate OFF
G3,512,True,CPC-v2,5000,1,0.0002,5.06354877705159e-06,0.001113819380333972,0.000948417770004379,0.9998,0.9988679109191605,0.9999646942165608,1.0,2.109673458846184e-06,1.0,6.9416,True,"two-sided exact lower limit <= .05; descriptive, not a proof or pass gate",conditional exact ON
G3,1024,False,CPC-v2,5000,8,0.0016,0.0006910115526176305,0.0031501907630595285,0.0028850724353076083,0.9984,0.9968457298408953,0.9991890248602717,0.9658,0.00044234829399956126,0.997,21.2814,True,"two-sided exact lower limit <= .05; descriptive, not a proof or pass gate",approximate OFF
G3,1024,True,CPC-v2,5000,5,0.001,0.0003247744747778161,0.0023321105911455896,0.0021014479783966794,0.999,0.9976610469499418,0.9995727865088913,1.0,0.0,1.0,6.8142,True,"two-sided exact lower limit <= .05; descriptive, not a proof or pass gate",conditional exact ON
