environment,crn,contrast,lhs,lhs_category,rhs,rhs_category,paired,M_lhs,M_rhs,direction,B,metric,estimate,identification_low,identification_high,ci_low,ci_high,interval
Synthetic G2,False,within_mode,epsilon-CPC-SH,FROZEN PROPOSED METHOD,DSTTB-setwise-2023,PUBLISHED,False,1000,1000,lhs minus rhs,512,active_set_size,2.882999999999999,2.882999999999999,2.882999999999999,2.596,3.1700000000000017,independent percentile macro bootstrap 95%
Synthetic G2,False,within_mode,epsilon-CPC-SH,FROZEN PROPOSED METHOD,DSTTB-setwise-2023,PUBLISHED,False,1000,1000,lhs minus rhs,512,number_eliminated,-2.883000000000001,-2.883000000000001,-2.883000000000001,-3.17,-2.596,independent percentile macro bootstrap 95%
Synthetic G2,False,within_mode,epsilon-CPC-SH,FROZEN PROPOSED METHOD,DSTTB-setwise-2023,PUBLISHED,False,1000,1000,lhs minus rhs,512,screening_power,,-0.10325000000000001,-0.10303571428571429,-0.11350089285714426,-0.09282053571428651,independent bootstrap endpoint envelope for partially identified mean difference
Synthetic G2,False,within_mode,epsilon-CPC-SH,FROZEN PROPOSED METHOD,DSTTB-setwise-2023,PUBLISHED,False,1000,1000,lhs minus rhs,512,false_negatives,,0.002,0.008,0.0,0.02,independent bootstrap endpoint envelope for partially identified mean difference
Synthetic G2,False,within_mode,epsilon-CPC-SH,FROZEN PROPOSED METHOD,DSTTB-setwise-2023,PUBLISHED,False,1000,1000,lhs minus rhs,512,retained_inferior,,2.885,2.891,2.5989749999999985,3.1780250000000003,independent bootstrap endpoint envelope for partially identified mean difference
Synthetic G2,False,within_mode,epsilon-CPC-SH,FROZEN PROPOSED METHOD,DSTTB-setwise-2023,PUBLISHED,False,1000,1000,lhs minus rhs,512,true_inferior_eliminated,,-2.891,-2.885,-3.1780250000000008,-2.5989750000000007,independent bootstrap endpoint envelope for partially identified mean difference
Synthetic G2,False,within_mode,epsilon-CPC-SH,FROZEN PROPOSED METHOD,DSTTB-setwise-2023,PUBLISHED,False,1000,1000,lhs minus rhs,512,false_elimination_fraction,,0.0005,0.002,0.0,0.005,independent bootstrap endpoint envelope for partially identified mean difference
Synthetic G2,False,within_mode,epsilon-CPC-SH,FROZEN PROPOSED METHOD,DSTTB-setwise-2023,PUBLISHED,False,1000,1000,lhs minus rhs,512,preservation,-0.0020000000000000018,,,-0.007262807863492093,0.0020927394176847624,independent Newcombe-Wilson 95%
Synthetic G2,False,within_mode,epsilon-CPC-SH,FROZEN PROPOSED METHOD,DSTTB-setwise-2023,PUBLISHED,False,1000,1000,lhs minus rhs,512,any_false_elimination,0.002,,,-0.002092739417684837,0.007262807863492177,independent Newcombe-Wilson 95%
Synthetic G2,False,within_mode,epsilon-CPC-SH,FROZEN PROPOSED METHOD,DSTTB-setwise-2023,PUBLISHED,False,1000,1000,lhs minus rhs,512,recommendation_PGS,-0.01100000000000001,,,-0.0379480036452485,0.015909088818687574,independent Newcombe-Wilson 95%
Synthetic G2,False,within_mode,epsilon-CPC-SH,FROZEN PROPOSED METHOD,DSTTB-setwise-2023,PUBLISHED,False,1000,1000,lhs minus rhs,512,recommendation_PCS,0.02200000000000002,,,-0.02074405157406247,0.0646309228758705,independent Newcombe-Wilson 95%
Synthetic G2,False,within_mode,epsilon-CPC-SH,FROZEN PROPOSED METHOD,DSTTB-setwise-2023,PUBLISHED,False,1000,1000,lhs minus rhs,512,recommendation_Top3,-0.006000000000000005,,,-0.03940239794695353,0.027411504139449976,independent Newcombe-Wilson 95%
Synthetic G2,False,within_mode,epsilon-CPC-SH,FROZEN PROPOSED METHOD,DSTTB-setwise-2023,PUBLISHED,False,1000,1000,lhs minus rhs,512,recommendation_EOC,-3.317821861986161e-05,,,-0.00010601283844858556,3.995963946948398e-05,independent percentile macro bootstrap 95%
Synthetic G2,True,within_mode,epsilon-CPC-SH,FROZEN PROPOSED METHOD,B1-Bonferroni-box-epsilon,EXTERNAL-FRAMEWORK INSTANTIATION,False,1000,1000,lhs minus rhs,512,active_set_size,-9.568999999999999,-9.568999999999999,-9.568999999999999,-9.774,-9.363999999999999,independent percentile macro bootstrap 95%
Synthetic G2,True,within_mode,epsilon-CPC-SH,FROZEN PROPOSED METHOD,B1-Bonferroni-box-epsilon,EXTERNAL-FRAMEWORK INSTANTIATION,False,1000,1000,lhs minus rhs,512,number_eliminated,9.568999999999999,9.568999999999999,9.568999999999999,9.364,9.774000000000001,independent percentile macro bootstrap 95%
Synthetic G2,True,within_mode,epsilon-CPC-SH,FROZEN PROPOSED METHOD,B1-Bonferroni-box-epsilon,EXTERNAL-FRAMEWORK INSTANTIATION,False,1000,1000,lhs minus rhs,512,screening_power,0.34175,0.34175,0.34175,0.3344285714285714,0.3490714285714285,independent percentile macro bootstrap 95%
Synthetic G2,True,within_mode,epsilon-CPC-SH,FROZEN PROPOSED METHOD,B1-Bonferroni-box-epsilon,EXTERNAL-FRAMEWORK INSTANTIATION,False,1000,1000,lhs minus rhs,512,false_negatives,0.0,0.0,0.0,0.0,0.0,independent percentile macro bootstrap 95%
Synthetic G2,True,within_mode,epsilon-CPC-SH,FROZEN PROPOSED METHOD,B1-Bonferroni-box-epsilon,EXTERNAL-FRAMEWORK INSTANTIATION,False,1000,1000,lhs minus rhs,512,retained_inferior,-9.568999999999999,-9.568999999999999,-9.568999999999999,-9.774,-9.363999999999999,independent percentile macro bootstrap 95%
Synthetic G2,True,within_mode,epsilon-CPC-SH,FROZEN PROPOSED METHOD,B1-Bonferroni-box-epsilon,EXTERNAL-FRAMEWORK INSTANTIATION,False,1000,1000,lhs minus rhs,512,true_inferior_eliminated,9.568999999999999,9.568999999999999,9.568999999999999,9.364,9.774000000000001,independent percentile macro bootstrap 95%
Synthetic G2,True,within_mode,epsilon-CPC-SH,FROZEN PROPOSED METHOD,B1-Bonferroni-box-epsilon,EXTERNAL-FRAMEWORK INSTANTIATION,False,1000,1000,lhs minus rhs,512,false_elimination_fraction,0.0,0.0,0.0,0.0,0.0,independent percentile macro bootstrap 95%
Synthetic G2,True,within_mode,epsilon-CPC-SH,FROZEN PROPOSED METHOD,B1-Bonferroni-box-epsilon,EXTERNAL-FRAMEWORK INSTANTIATION,False,1000,1000,lhs minus rhs,512,preservation,0.0,,,-0.0038267584855550263,0.0038267584855550263,independent Newcombe-Wilson 95%
Synthetic G2,True,within_mode,epsilon-CPC-SH,FROZEN PROPOSED METHOD,B1-Bonferroni-box-epsilon,EXTERNAL-FRAMEWORK INSTANTIATION,False,1000,1000,lhs minus rhs,512,any_false_elimination,0.0,,,-0.0038267584855551234,0.0038267584855551234,independent Newcombe-Wilson 95%
Synthetic G2,True,within_mode,epsilon-CPC-SH,FROZEN PROPOSED METHOD,B1-Bonferroni-box-epsilon,EXTERNAL-FRAMEWORK INSTANTIATION,False,1000,1000,lhs minus rhs,512,recommendation_PGS,0.0010000000000000009,,,-0.0029143526139703323,0.005642558597957925,independent Newcombe-Wilson 95%
Synthetic G2,True,within_mode,epsilon-CPC-SH,FROZEN PROPOSED METHOD,B1-Bonferroni-box-epsilon,EXTERNAL-FRAMEWORK INSTANTIATION,False,1000,1000,lhs minus rhs,512,recommendation_PCS,0.051000000000000045,,,0.012431139667024346,0.08937342877411024,independent Newcombe-Wilson 95%
Synthetic G2,True,within_mode,epsilon-CPC-SH,FROZEN PROPOSED METHOD,B1-Bonferroni-box-epsilon,EXTERNAL-FRAMEWORK INSTANTIATION,False,1000,1000,lhs minus rhs,512,recommendation_Top3,0.0030000000000000027,,,-0.0022462950594744503,0.009293658587566674,independent Newcombe-Wilson 95%
Synthetic G2,True,within_mode,epsilon-CPC-SH,FROZEN PROPOSED METHOD,B1-Bonferroni-box-epsilon,EXTERNAL-FRAMEWORK INSTANTIATION,False,1000,1000,lhs minus rhs,512,recommendation_EOC,-4.862295019435073e-05,,,-7.474271682767969e-05,-2.280456548371402e-05,independent percentile macro bootstrap 95%
Synthetic G2,True,within_mode,epsilon-CPC-SH,FROZEN PROPOSED METHOD,B2-paired-Bonferroni-epsilon,STANDARDIZED ADAPTATION,False,1000,1000,lhs minus rhs,512,active_set_size,1.5459999999999994,1.5459999999999994,1.5459999999999994,1.440974999999999,1.652000000000001,independent percentile macro bootstrap 95%
Synthetic G2,True,within_mode,epsilon-CPC-SH,FROZEN PROPOSED METHOD,B2-paired-Bonferroni-epsilon,STANDARDIZED ADAPTATION,False,1000,1000,lhs minus rhs,512,number_eliminated,-1.5459999999999994,-1.5459999999999994,-1.5459999999999994,-1.652000000000001,-1.4409749999999995,independent percentile macro bootstrap 95%
Synthetic G2,True,within_mode,epsilon-CPC-SH,FROZEN PROPOSED METHOD,B2-paired-Bonferroni-epsilon,STANDARDIZED ADAPTATION,False,1000,1000,lhs minus rhs,512,screening_power,-0.05521428571428577,-0.05521428571428577,-0.05521428571428577,-0.05900000000000327,-0.05146339285714407,independent percentile macro bootstrap 95%
Synthetic G2,True,within_mode,epsilon-CPC-SH,FROZEN PROPOSED METHOD,B2-paired-Bonferroni-epsilon,STANDARDIZED ADAPTATION,False,1000,1000,lhs minus rhs,512,false_negatives,0.0,0.0,0.0,0.0,0.0,independent percentile macro bootstrap 95%
Synthetic G2,True,within_mode,epsilon-CPC-SH,FROZEN PROPOSED METHOD,B2-paired-Bonferroni-epsilon,STANDARDIZED ADAPTATION,False,1000,1000,lhs minus rhs,512,retained_inferior,1.5460000000000003,1.5460000000000003,1.5460000000000003,1.440975,1.6520000000000001,independent percentile macro bootstrap 95%
Synthetic G2,True,within_mode,epsilon-CPC-SH,FROZEN PROPOSED METHOD,B2-paired-Bonferroni-epsilon,STANDARDIZED ADAPTATION,False,1000,1000,lhs minus rhs,512,true_inferior_eliminated,-1.5459999999999994,-1.5459999999999994,-1.5459999999999994,-1.652000000000001,-1.4409749999999995,independent percentile macro bootstrap 95%
Synthetic G2,True,within_mode,epsilon-CPC-SH,FROZEN PROPOSED METHOD,B2-paired-Bonferroni-epsilon,STANDARDIZED ADAPTATION,False,1000,1000,lhs minus rhs,512,false_elimination_fraction,0.0,0.0,0.0,0.0,0.0,independent percentile macro bootstrap 95%
Synthetic G2,True,within_mode,epsilon-CPC-SH,FROZEN PROPOSED METHOD,B2-paired-Bonferroni-epsilon,STANDARDIZED ADAPTATION,False,1000,1000,lhs minus rhs,512,preservation,0.0,,,-0.0038267584855550263,0.0038267584855550263,independent Newcombe-Wilson 95%
Synthetic G2,True,within_mode,epsilon-CPC-SH,FROZEN PROPOSED METHOD,B2-paired-Bonferroni-epsilon,STANDARDIZED ADAPTATION,False,1000,1000,lhs minus rhs,512,any_false_elimination,0.0,,,-0.0038267584855551234,0.0038267584855551234,independent Newcombe-Wilson 95%
Synthetic G2,True,within_mode,epsilon-CPC-SH,FROZEN PROPOSED METHOD,B2-paired-Bonferroni-epsilon,STANDARDIZED ADAPTATION,False,1000,1000,lhs minus rhs,512,recommendation_PGS,0.0010000000000000009,,,-0.0029143526139703323,0.005642558597957925,independent Newcombe-Wilson 95%
Synthetic G2,True,within_mode,epsilon-CPC-SH,FROZEN PROPOSED METHOD,B2-paired-Bonferroni-epsilon,STANDARDIZED ADAPTATION,False,1000,1000,lhs minus rhs,512,recommendation_PCS,0.051000000000000045,,,0.012431139667024346,0.08937342877411024,independent Newcombe-Wilson 95%
Synthetic G2,True,within_mode,epsilon-CPC-SH,FROZEN PROPOSED METHOD,B2-paired-Bonferroni-epsilon,STANDARDIZED ADAPTATION,False,1000,1000,lhs minus rhs,512,recommendation_Top3,0.0030000000000000027,,,-0.0022462950594744503,0.009293658587566674,independent Newcombe-Wilson 95%
Synthetic G2,True,within_mode,epsilon-CPC-SH,FROZEN PROPOSED METHOD,B2-paired-Bonferroni-epsilon,STANDARDIZED ADAPTATION,False,1000,1000,lhs minus rhs,512,recommendation_EOC,-4.862295019435073e-05,,,-7.434087426408994e-05,-2.2802053967691328e-05,independent percentile macro bootstrap 95%
Synthetic G2,True,within_mode,epsilon-CPC-SH,FROZEN PROPOSED METHOD,Uniform-no-screening,DESCRIPTIVE NO-SCREENING REFERENCE,False,1000,1000,lhs minus rhs,512,active_set_size,-21.151,-21.151,-21.151,-21.243000000000002,-21.058999999999997,independent percentile macro bootstrap 95%
Synthetic G2,True,within_mode,epsilon-CPC-SH,FROZEN PROPOSED METHOD,Uniform-no-screening,DESCRIPTIVE NO-SCREENING REFERENCE,False,1000,1000,lhs minus rhs,512,number_eliminated,21.151,21.151,21.151,21.059,21.243,independent percentile macro bootstrap 95%
Synthetic G2,True,within_mode,epsilon-CPC-SH,FROZEN PROPOSED METHOD,Uniform-no-screening,DESCRIPTIVE NO-SCREENING REFERENCE,False,1000,1000,lhs minus rhs,512,screening_power,0.7553928571428571,0.7553928571428571,0.7553928571428571,0.752107142857143,0.7586785714285705,independent percentile macro bootstrap 95%
Synthetic G2,True,within_mode,epsilon-CPC-SH,FROZEN PROPOSED METHOD,Uniform-no-screening,DESCRIPTIVE NO-SCREENING REFERENCE,False,1000,1000,lhs minus rhs,512,false_negatives,0.0,0.0,0.0,0.0,0.0,independent percentile macro bootstrap 95%
Synthetic G2,True,within_mode,epsilon-CPC-SH,FROZEN PROPOSED METHOD,Uniform-no-screening,DESCRIPTIVE NO-SCREENING REFERENCE,False,1000,1000,lhs minus rhs,512,retained_inferior,-21.151,-21.151,-21.151,-21.243000000000002,-21.059,independent percentile macro bootstrap 95%
Synthetic G2,True,within_mode,epsilon-CPC-SH,FROZEN PROPOSED METHOD,Uniform-no-screening,DESCRIPTIVE NO-SCREENING REFERENCE,False,1000,1000,lhs minus rhs,512,true_inferior_eliminated,21.151,21.151,21.151,21.059,21.243,independent percentile macro bootstrap 95%
Synthetic G2,True,within_mode,epsilon-CPC-SH,FROZEN PROPOSED METHOD,Uniform-no-screening,DESCRIPTIVE NO-SCREENING REFERENCE,False,1000,1000,lhs minus rhs,512,false_elimination_fraction,0.0,0.0,0.0,0.0,0.0,independent percentile macro bootstrap 95%
Synthetic G2,True,within_mode,epsilon-CPC-SH,FROZEN PROPOSED METHOD,Uniform-no-screening,DESCRIPTIVE NO-SCREENING REFERENCE,False,1000,1000,lhs minus rhs,512,preservation,0.0,,,-0.0038267584855550263,0.0038267584855550263,independent Newcombe-Wilson 95%
Synthetic G2,True,within_mode,epsilon-CPC-SH,FROZEN PROPOSED METHOD,Uniform-no-screening,DESCRIPTIVE NO-SCREENING REFERENCE,False,1000,1000,lhs minus rhs,512,any_false_elimination,0.0,,,-0.0038267584855551234,0.0038267584855551234,independent Newcombe-Wilson 95%
Synthetic G2,True,within_mode,epsilon-CPC-SH,FROZEN PROPOSED METHOD,Uniform-no-screening,DESCRIPTIVE NO-SCREENING REFERENCE,False,1000,1000,lhs minus rhs,512,recommendation_PGS,0.0010000000000000009,,,-0.0029143526139703323,0.005642558597957925,independent Newcombe-Wilson 95%
Synthetic G2,True,within_mode,epsilon-CPC-SH,FROZEN PROPOSED METHOD,Uniform-no-screening,DESCRIPTIVE NO-SCREENING REFERENCE,False,1000,1000,lhs minus rhs,512,recommendation_PCS,0.051000000000000045,,,0.012431139667024346,0.08937342877411024,independent Newcombe-Wilson 95%
Synthetic G2,True,within_mode,epsilon-CPC-SH,FROZEN PROPOSED METHOD,Uniform-no-screening,DESCRIPTIVE NO-SCREENING REFERENCE,False,1000,1000,lhs minus rhs,512,recommendation_Top3,0.0030000000000000027,,,-0.0022462950594744503,0.009293658587566674,independent Newcombe-Wilson 95%
Synthetic G2,True,within_mode,epsilon-CPC-SH,FROZEN PROPOSED METHOD,Uniform-no-screening,DESCRIPTIVE NO-SCREENING REFERENCE,False,1000,1000,lhs minus rhs,512,recommendation_EOC,-4.862295019435073e-05,,,-7.50440987503717e-05,-2.3407329329098525e-05,independent percentile macro bootstrap 95%
Synthetic G2,False,within_mode,epsilon-CPC-SH,FROZEN PROPOSED METHOD,Uniform-no-screening,DESCRIPTIVE NO-SCREENING REFERENCE,False,1000,1000,lhs minus rhs,512,active_set_size,-10.331,-10.331,-10.331,-10.589025,-10.077975,independent percentile macro bootstrap 95%
Synthetic G2,False,within_mode,epsilon-CPC-SH,FROZEN PROPOSED METHOD,Uniform-no-screening,DESCRIPTIVE NO-SCREENING REFERENCE,False,1000,1000,lhs minus rhs,512,number_eliminated,10.331,10.331,10.331,10.077974999999999,10.589025,independent percentile macro bootstrap 95%
Synthetic G2,False,within_mode,epsilon-CPC-SH,FROZEN PROPOSED METHOD,Uniform-no-screening,DESCRIPTIVE NO-SCREENING REFERENCE,False,1000,1000,lhs minus rhs,512,screening_power,,0.3686785714285714,0.36889285714285713,0.35964285714285743,0.3781071428571434,independent bootstrap endpoint envelope for partially identified mean difference
Synthetic G2,False,within_mode,epsilon-CPC-SH,FROZEN PROPOSED METHOD,Uniform-no-screening,DESCRIPTIVE NO-SCREENING REFERENCE,False,1000,1000,lhs minus rhs,512,false_negatives,,0.002,0.008,0.0,0.02,independent bootstrap endpoint envelope for partially identified mean difference
Synthetic G2,False,within_mode,epsilon-CPC-SH,FROZEN PROPOSED METHOD,Uniform-no-screening,DESCRIPTIVE NO-SCREENING REFERENCE,False,1000,1000,lhs minus rhs,512,retained_inferior,,-10.329,-10.323,-10.587,-10.07,independent bootstrap endpoint envelope for partially identified mean difference
Synthetic G2,False,within_mode,epsilon-CPC-SH,FROZEN PROPOSED METHOD,Uniform-no-screening,DESCRIPTIVE NO-SCREENING REFERENCE,False,1000,1000,lhs minus rhs,512,true_inferior_eliminated,,10.323,10.329,10.07,10.587,independent bootstrap endpoint envelope for partially identified mean difference
Synthetic G2,False,within_mode,epsilon-CPC-SH,FROZEN PROPOSED METHOD,Uniform-no-screening,DESCRIPTIVE NO-SCREENING REFERENCE,False,1000,1000,lhs minus rhs,512,false_elimination_fraction,,0.0005,0.002,0.0,0.005,independent bootstrap endpoint envelope for partially identified mean difference
Synthetic G2,False,within_mode,epsilon-CPC-SH,FROZEN PROPOSED METHOD,Uniform-no-screening,DESCRIPTIVE NO-SCREENING REFERENCE,False,1000,1000,lhs minus rhs,512,preservation,-0.0020000000000000018,,,-0.007262807863492093,0.0020927394176847624,independent Newcombe-Wilson 95%
Synthetic G2,False,within_mode,epsilon-CPC-SH,FROZEN PROPOSED METHOD,Uniform-no-screening,DESCRIPTIVE NO-SCREENING REFERENCE,False,1000,1000,lhs minus rhs,512,any_false_elimination,0.002,,,-0.002092739417684837,0.007262807863492177,independent Newcombe-Wilson 95%
Synthetic G2,False,within_mode,epsilon-CPC-SH,FROZEN PROPOSED METHOD,Uniform-no-screening,DESCRIPTIVE NO-SCREENING REFERENCE,False,1000,1000,lhs minus rhs,512,recommendation_PGS,-0.01100000000000001,,,-0.0379480036452485,0.015909088818687574,independent Newcombe-Wilson 95%
Synthetic G2,False,within_mode,epsilon-CPC-SH,FROZEN PROPOSED METHOD,Uniform-no-screening,DESCRIPTIVE NO-SCREENING REFERENCE,False,1000,1000,lhs minus rhs,512,recommendation_PCS,0.02200000000000002,,,-0.02074405157406247,0.0646309228758705,independent Newcombe-Wilson 95%
Synthetic G2,False,within_mode,epsilon-CPC-SH,FROZEN PROPOSED METHOD,Uniform-no-screening,DESCRIPTIVE NO-SCREENING REFERENCE,False,1000,1000,lhs minus rhs,512,recommendation_Top3,-0.006000000000000005,,,-0.03940239794695353,0.027411504139449976,independent Newcombe-Wilson 95%
Synthetic G2,False,within_mode,epsilon-CPC-SH,FROZEN PROPOSED METHOD,Uniform-no-screening,DESCRIPTIVE NO-SCREENING REFERENCE,False,1000,1000,lhs minus rhs,512,recommendation_EOC,-3.317821861986161e-05,,,-0.00010734623506380226,3.845087351809553e-05,independent percentile macro bootstrap 95%
Synthetic G2,True,ON_minus_OFF,epsilon-CPC-SH,FROZEN PROPOSED METHOD,epsilon-CPC-SH,FROZEN PROPOSED METHOD,False,1000,1000,lhs minus rhs,512,active_set_size,-10.82,-10.82,-10.82,-11.09,-10.547975,independent percentile macro bootstrap 95%
Synthetic G2,True,ON_minus_OFF,epsilon-CPC-SH,FROZEN PROPOSED METHOD,epsilon-CPC-SH,FROZEN PROPOSED METHOD,False,1000,1000,lhs minus rhs,512,number_eliminated,10.82,10.82,10.82,10.547975,11.089999999999998,independent percentile macro bootstrap 95%
Synthetic G2,True,ON_minus_OFF,epsilon-CPC-SH,FROZEN PROPOSED METHOD,epsilon-CPC-SH,FROZEN PROPOSED METHOD,False,1000,1000,lhs minus rhs,512,screening_power,,0.38649999999999995,0.3867142857142857,0.3767857142857139,0.39632142857142794,independent bootstrap endpoint envelope for partially identified mean difference
Synthetic G2,True,ON_minus_OFF,epsilon-CPC-SH,FROZEN PROPOSED METHOD,epsilon-CPC-SH,FROZEN PROPOSED METHOD,False,1000,1000,lhs minus rhs,512,false_negatives,,-0.008,-0.002,-0.02,0.0,independent bootstrap endpoint envelope for partially identified mean difference
Synthetic G2,True,ON_minus_OFF,epsilon-CPC-SH,FROZEN PROPOSED METHOD,epsilon-CPC-SH,FROZEN PROPOSED METHOD,False,1000,1000,lhs minus rhs,512,retained_inferior,,-10.828,-10.822,-11.096999999999998,-10.55,independent bootstrap endpoint envelope for partially identified mean difference
Synthetic G2,True,ON_minus_OFF,epsilon-CPC-SH,FROZEN PROPOSED METHOD,epsilon-CPC-SH,FROZEN PROPOSED METHOD,False,1000,1000,lhs minus rhs,512,true_inferior_eliminated,,10.822,10.828,10.549999999999999,11.097,independent bootstrap endpoint envelope for partially identified mean difference
Synthetic G2,True,ON_minus_OFF,epsilon-CPC-SH,FROZEN PROPOSED METHOD,epsilon-CPC-SH,FROZEN PROPOSED METHOD,False,1000,1000,lhs minus rhs,512,false_elimination_fraction,,-0.002,-0.0005,-0.005,0.0,independent bootstrap endpoint envelope for partially identified mean difference
Synthetic G2,True,ON_minus_OFF,epsilon-CPC-SH,FROZEN PROPOSED METHOD,epsilon-CPC-SH,FROZEN PROPOSED METHOD,False,1000,1000,lhs minus rhs,512,preservation,0.0020000000000000018,,,-0.0020927394176847624,0.007262807863492093,independent Newcombe-Wilson 95%
Synthetic G2,True,ON_minus_OFF,epsilon-CPC-SH,FROZEN PROPOSED METHOD,epsilon-CPC-SH,FROZEN PROPOSED METHOD,False,1000,1000,lhs minus rhs,512,any_false_elimination,-0.002,,,-0.007262807863492177,0.002092739417684837,independent Newcombe-Wilson 95%
Synthetic G2,True,ON_minus_OFF,epsilon-CPC-SH,FROZEN PROPOSED METHOD,epsilon-CPC-SH,FROZEN PROPOSED METHOD,False,1000,1000,lhs minus rhs,512,recommendation_PGS,0.10999999999999999,,,0.09167534545097925,0.13090549894687586,independent Newcombe-Wilson 95%
Synthetic G2,True,ON_minus_OFF,epsilon-CPC-SH,FROZEN PROPOSED METHOD,epsilon-CPC-SH,FROZEN PROPOSED METHOD,False,1000,1000,lhs minus rhs,512,recommendation_PCS,0.361,,,0.31989061980476696,0.4002237311556241,independent Newcombe-Wilson 95%
Synthetic G2,True,ON_minus_OFF,epsilon-CPC-SH,FROZEN PROPOSED METHOD,epsilon-CPC-SH,FROZEN PROPOSED METHOD,False,1000,1000,lhs minus rhs,512,recommendation_Top3,0.17800000000000005,,,0.15500851276369135,0.20298823531650928,independent Newcombe-Wilson 95%
Synthetic G2,True,ON_minus_OFF,epsilon-CPC-SH,FROZEN PROPOSED METHOD,epsilon-CPC-SH,FROZEN PROPOSED METHOD,False,1000,1000,lhs minus rhs,512,recommendation_EOC,-0.0005598671517213266,,,-0.0006138145158832408,-0.0005067234726865903,independent percentile macro bootstrap 95%
WNBA,False,within_mode,epsilon-CPC-SH,FROZEN PROPOSED METHOD,DSTTB-setwise-2023,PUBLISHED,False,200,200,lhs minus rhs,512,active_set_size,0.3149999999999977,0.3149999999999977,0.3149999999999977,-0.04999999999999716,0.6849999999999987,independent percentile macro bootstrap 95%
WNBA,False,within_mode,epsilon-CPC-SH,FROZEN PROPOSED METHOD,DSTTB-setwise-2023,PUBLISHED,False,200,200,lhs minus rhs,512,number_eliminated,-0.3150000000000004,-0.3150000000000004,-0.3150000000000004,-0.6849999999999996,0.04999999999999982,independent percentile macro bootstrap 95%
WNBA,False,within_mode,epsilon-CPC-SH,FROZEN PROPOSED METHOD,DSTTB-setwise-2023,PUBLISHED,False,200,200,lhs minus rhs,512,screening_power,-0.011250000000000038,-0.011250000000000038,-0.011250000000000038,-0.024464285714285577,0.0017857142857140601,independent percentile macro bootstrap 95%
WNBA,False,within_mode,epsilon-CPC-SH,FROZEN PROPOSED METHOD,DSTTB-setwise-2023,PUBLISHED,False,200,200,lhs minus rhs,512,false_negatives,0.0,0.0,0.0,0.0,0.0,independent percentile macro bootstrap 95%
WNBA,False,within_mode,epsilon-CPC-SH,FROZEN PROPOSED METHOD,DSTTB-setwise-2023,PUBLISHED,False,200,200,lhs minus rhs,512,retained_inferior,0.3149999999999977,0.3149999999999977,0.3149999999999977,-0.04999999999999716,0.6849999999999987,independent percentile macro bootstrap 95%
WNBA,False,within_mode,epsilon-CPC-SH,FROZEN PROPOSED METHOD,DSTTB-setwise-2023,PUBLISHED,False,200,200,lhs minus rhs,512,true_inferior_eliminated,-0.3150000000000004,-0.3150000000000004,-0.3150000000000004,-0.6849999999999996,0.04999999999999982,independent percentile macro bootstrap 95%
WNBA,False,within_mode,epsilon-CPC-SH,FROZEN PROPOSED METHOD,DSTTB-setwise-2023,PUBLISHED,False,200,200,lhs minus rhs,512,false_elimination_fraction,0.0,0.0,0.0,0.0,0.0,independent percentile macro bootstrap 95%
WNBA,False,within_mode,epsilon-CPC-SH,FROZEN PROPOSED METHOD,DSTTB-setwise-2023,PUBLISHED,False,200,200,lhs minus rhs,512,preservation,0.0,,,-0.018845326377266547,0.018845326377266547,independent Newcombe-Wilson 95%
WNBA,False,within_mode,epsilon-CPC-SH,FROZEN PROPOSED METHOD,DSTTB-setwise-2023,PUBLISHED,False,200,200,lhs minus rhs,512,any_false_elimination,0.0,,,-0.018845326377266575,0.018845326377266575,independent Newcombe-Wilson 95%
WNBA,False,within_mode,epsilon-CPC-SH,FROZEN PROPOSED METHOD,DSTTB-setwise-2023,PUBLISHED,False,200,200,lhs minus rhs,512,recommendation_PGS,0.0,,,-0.0576685776691026,0.0576685776691026,independent Newcombe-Wilson 95%
WNBA,False,within_mode,epsilon-CPC-SH,FROZEN PROPOSED METHOD,DSTTB-setwise-2023,PUBLISHED,False,200,200,lhs minus rhs,512,recommendation_PCS,-0.03999999999999998,,,-0.13541592383096637,0.05645762563936396,independent Newcombe-Wilson 95%
WNBA,False,within_mode,epsilon-CPC-SH,FROZEN PROPOSED METHOD,DSTTB-setwise-2023,PUBLISHED,False,200,200,lhs minus rhs,512,recommendation_Top3,0.015000000000000013,,,-0.05942095307035326,0.08931275055482925,independent Newcombe-Wilson 95%
WNBA,False,within_mode,epsilon-CPC-SH,FROZEN PROPOSED METHOD,DSTTB-setwise-2023,PUBLISHED,False,200,200,lhs minus rhs,512,recommendation_EOC,17555.475513428566,,,-101896.9899515731,136040.40772151196,independent percentile macro bootstrap 95%
WNBA,True,within_mode,epsilon-CPC-SH,FROZEN PROPOSED METHOD,B1-Bonferroni-box-epsilon,EXTERNAL-FRAMEWORK INSTANTIATION,False,200,200,lhs minus rhs,512,active_set_size,-20.465,-20.465,-20.465,-20.655,-20.240000000000002,independent percentile macro bootstrap 95%
WNBA,True,within_mode,epsilon-CPC-SH,FROZEN PROPOSED METHOD,B1-Bonferroni-box-epsilon,EXTERNAL-FRAMEWORK INSTANTIATION,False,200,200,lhs minus rhs,512,number_eliminated,20.465,20.465,20.465,20.240000000000002,20.655,independent percentile macro bootstrap 95%
WNBA,True,within_mode,epsilon-CPC-SH,FROZEN PROPOSED METHOD,B1-Bonferroni-box-epsilon,EXTERNAL-FRAMEWORK INSTANTIATION,False,200,200,lhs minus rhs,512,screening_power,0.7308928571428575,0.7308928571428575,0.7308928571428575,0.7228571428571422,0.7376785714285705,independent percentile macro bootstrap 95%
WNBA,True,within_mode,epsilon-CPC-SH,FROZEN PROPOSED METHOD,B1-Bonferroni-box-epsilon,EXTERNAL-FRAMEWORK INSTANTIATION,False,200,200,lhs minus rhs,512,false_negatives,0.0,0.0,0.0,0.0,0.0,independent percentile macro bootstrap 95%
WNBA,True,within_mode,epsilon-CPC-SH,FROZEN PROPOSED METHOD,B1-Bonferroni-box-epsilon,EXTERNAL-FRAMEWORK INSTANTIATION,False,200,200,lhs minus rhs,512,retained_inferior,-20.465,-20.465,-20.465,-20.655,-20.240000000000002,independent percentile macro bootstrap 95%
WNBA,True,within_mode,epsilon-CPC-SH,FROZEN PROPOSED METHOD,B1-Bonferroni-box-epsilon,EXTERNAL-FRAMEWORK INSTANTIATION,False,200,200,lhs minus rhs,512,true_inferior_eliminated,20.465,20.465,20.465,20.240000000000002,20.655,independent percentile macro bootstrap 95%
WNBA,True,within_mode,epsilon-CPC-SH,FROZEN PROPOSED METHOD,B1-Bonferroni-box-epsilon,EXTERNAL-FRAMEWORK INSTANTIATION,False,200,200,lhs minus rhs,512,false_elimination_fraction,0.0,0.0,0.0,0.0,0.0,independent percentile macro bootstrap 95%
WNBA,True,within_mode,epsilon-CPC-SH,FROZEN PROPOSED METHOD,B1-Bonferroni-box-epsilon,EXTERNAL-FRAMEWORK INSTANTIATION,False,200,200,lhs minus rhs,512,preservation,0.0,,,-0.018845326377266547,0.018845326377266547,independent Newcombe-Wilson 95%
WNBA,True,within_mode,epsilon-CPC-SH,FROZEN PROPOSED METHOD,B1-Bonferroni-box-epsilon,EXTERNAL-FRAMEWORK INSTANTIATION,False,200,200,lhs minus rhs,512,any_false_elimination,0.0,,,-0.018845326377266575,0.018845326377266575,independent Newcombe-Wilson 95%
WNBA,True,within_mode,epsilon-CPC-SH,FROZEN PROPOSED METHOD,B1-Bonferroni-box-epsilon,EXTERNAL-FRAMEWORK INSTANTIATION,False,200,200,lhs minus rhs,512,recommendation_PGS,0.0,,,-0.018845326377266547,0.018845326377266547,independent Newcombe-Wilson 95%
WNBA,True,within_mode,epsilon-CPC-SH,FROZEN PROPOSED METHOD,B1-Bonferroni-box-epsilon,EXTERNAL-FRAMEWORK INSTANTIATION,False,200,200,lhs minus rhs,512,recommendation_PCS,0.0,,,-0.018845326377266547,0.018845326377266547,independent Newcombe-Wilson 95%
WNBA,True,within_mode,epsilon-CPC-SH,FROZEN PROPOSED METHOD,B1-Bonferroni-box-epsilon,EXTERNAL-FRAMEWORK INSTANTIATION,False,200,200,lhs minus rhs,512,recommendation_Top3,0.0,,,-0.018845326377266547,0.018845326377266547,independent Newcombe-Wilson 95%
WNBA,True,within_mode,epsilon-CPC-SH,FROZEN PROPOSED METHOD,B1-Bonferroni-box-epsilon,EXTERNAL-FRAMEWORK INSTANTIATION,False,200,200,lhs minus rhs,512,recommendation_EOC,0.0,,,0.0,0.0,independent percentile macro bootstrap 95%
WNBA,True,within_mode,epsilon-CPC-SH,FROZEN PROPOSED METHOD,B2-paired-Bonferroni-epsilon,STANDARDIZED ADAPTATION,False,200,200,lhs minus rhs,512,active_set_size,0.20999999999999996,0.20999999999999996,0.20999999999999996,0.08499999999999996,0.33499999999999996,independent percentile macro bootstrap 95%
WNBA,True,within_mode,epsilon-CPC-SH,FROZEN PROPOSED METHOD,B2-paired-Bonferroni-epsilon,STANDARDIZED ADAPTATION,False,200,200,lhs minus rhs,512,number_eliminated,-0.21000000000000085,-0.21000000000000085,-0.21000000000000085,-0.33500000000000085,-0.08500000000000085,independent percentile macro bootstrap 95%
WNBA,True,within_mode,epsilon-CPC-SH,FROZEN PROPOSED METHOD,B2-paired-Bonferroni-epsilon,STANDARDIZED ADAPTATION,False,200,200,lhs minus rhs,512,screening_power,-0.007500000000000062,-0.007500000000000062,-0.007500000000000062,-0.011964285714286874,-0.003035714285714697,independent percentile macro bootstrap 95%
WNBA,True,within_mode,epsilon-CPC-SH,FROZEN PROPOSED METHOD,B2-paired-Bonferroni-epsilon,STANDARDIZED ADAPTATION,False,200,200,lhs minus rhs,512,false_negatives,0.0,0.0,0.0,0.0,0.0,independent percentile macro bootstrap 95%
WNBA,True,within_mode,epsilon-CPC-SH,FROZEN PROPOSED METHOD,B2-paired-Bonferroni-epsilon,STANDARDIZED ADAPTATION,False,200,200,lhs minus rhs,512,retained_inferior,0.20999999999999996,0.20999999999999996,0.20999999999999996,0.08499999999999996,0.33499999999999996,independent percentile macro bootstrap 95%
WNBA,True,within_mode,epsilon-CPC-SH,FROZEN PROPOSED METHOD,B2-paired-Bonferroni-epsilon,STANDARDIZED ADAPTATION,False,200,200,lhs minus rhs,512,true_inferior_eliminated,-0.21000000000000085,-0.21000000000000085,-0.21000000000000085,-0.33500000000000085,-0.08500000000000085,independent percentile macro bootstrap 95%
WNBA,True,within_mode,epsilon-CPC-SH,FROZEN PROPOSED METHOD,B2-paired-Bonferroni-epsilon,STANDARDIZED ADAPTATION,False,200,200,lhs minus rhs,512,false_elimination_fraction,0.0,0.0,0.0,0.0,0.0,independent percentile macro bootstrap 95%
WNBA,True,within_mode,epsilon-CPC-SH,FROZEN PROPOSED METHOD,B2-paired-Bonferroni-epsilon,STANDARDIZED ADAPTATION,False,200,200,lhs minus rhs,512,preservation,0.0,,,-0.018845326377266547,0.018845326377266547,independent Newcombe-Wilson 95%
WNBA,True,within_mode,epsilon-CPC-SH,FROZEN PROPOSED METHOD,B2-paired-Bonferroni-epsilon,STANDARDIZED ADAPTATION,False,200,200,lhs minus rhs,512,any_false_elimination,0.0,,,-0.018845326377266575,0.018845326377266575,independent Newcombe-Wilson 95%
WNBA,True,within_mode,epsilon-CPC-SH,FROZEN PROPOSED METHOD,B2-paired-Bonferroni-epsilon,STANDARDIZED ADAPTATION,False,200,200,lhs minus rhs,512,recommendation_PGS,0.0,,,-0.018845326377266547,0.018845326377266547,independent Newcombe-Wilson 95%
WNBA,True,within_mode,epsilon-CPC-SH,FROZEN PROPOSED METHOD,B2-paired-Bonferroni-epsilon,STANDARDIZED ADAPTATION,False,200,200,lhs minus rhs,512,recommendation_PCS,0.0,,,-0.018845326377266547,0.018845326377266547,independent Newcombe-Wilson 95%
WNBA,True,within_mode,epsilon-CPC-SH,FROZEN PROPOSED METHOD,B2-paired-Bonferroni-epsilon,STANDARDIZED ADAPTATION,False,200,200,lhs minus rhs,512,recommendation_Top3,0.0,,,-0.018845326377266547,0.018845326377266547,independent Newcombe-Wilson 95%
WNBA,True,within_mode,epsilon-CPC-SH,FROZEN PROPOSED METHOD,B2-paired-Bonferroni-epsilon,STANDARDIZED ADAPTATION,False,200,200,lhs minus rhs,512,recommendation_EOC,0.0,,,0.0,0.0,independent percentile macro bootstrap 95%
WNBA,True,within_mode,epsilon-CPC-SH,FROZEN PROPOSED METHOD,Uniform-no-screening,DESCRIPTIVE NO-SCREENING REFERENCE,False,200,200,lhs minus rhs,512,active_set_size,-26.73,-26.73,-26.73,-26.825,-26.634999999999998,independent percentile macro bootstrap 95%
WNBA,True,within_mode,epsilon-CPC-SH,FROZEN PROPOSED METHOD,Uniform-no-screening,DESCRIPTIVE NO-SCREENING REFERENCE,False,200,200,lhs minus rhs,512,number_eliminated,26.73,26.73,26.73,26.635,26.825,independent percentile macro bootstrap 95%
WNBA,True,within_mode,epsilon-CPC-SH,FROZEN PROPOSED METHOD,Uniform-no-screening,DESCRIPTIVE NO-SCREENING REFERENCE,False,200,200,lhs minus rhs,512,screening_power,0.9546428571428573,0.9546428571428573,0.9546428571428573,0.9512499999999986,0.9580357142857143,independent percentile macro bootstrap 95%
WNBA,True,within_mode,epsilon-CPC-SH,FROZEN PROPOSED METHOD,Uniform-no-screening,DESCRIPTIVE NO-SCREENING REFERENCE,False,200,200,lhs minus rhs,512,false_negatives,0.0,0.0,0.0,0.0,0.0,independent percentile macro bootstrap 95%
WNBA,True,within_mode,epsilon-CPC-SH,FROZEN PROPOSED METHOD,Uniform-no-screening,DESCRIPTIVE NO-SCREENING REFERENCE,False,200,200,lhs minus rhs,512,retained_inferior,-26.73,-26.73,-26.73,-26.825,-26.635,independent percentile macro bootstrap 95%
WNBA,True,within_mode,epsilon-CPC-SH,FROZEN PROPOSED METHOD,Uniform-no-screening,DESCRIPTIVE NO-SCREENING REFERENCE,False,200,200,lhs minus rhs,512,true_inferior_eliminated,26.73,26.73,26.73,26.635,26.825,independent percentile macro bootstrap 95%
WNBA,True,within_mode,epsilon-CPC-SH,FROZEN PROPOSED METHOD,Uniform-no-screening,DESCRIPTIVE NO-SCREENING REFERENCE,False,200,200,lhs minus rhs,512,false_elimination_fraction,0.0,0.0,0.0,0.0,0.0,independent percentile macro bootstrap 95%
WNBA,True,within_mode,epsilon-CPC-SH,FROZEN PROPOSED METHOD,Uniform-no-screening,DESCRIPTIVE NO-SCREENING REFERENCE,False,200,200,lhs minus rhs,512,preservation,0.0,,,-0.018845326377266547,0.018845326377266547,independent Newcombe-Wilson 95%
WNBA,True,within_mode,epsilon-CPC-SH,FROZEN PROPOSED METHOD,Uniform-no-screening,DESCRIPTIVE NO-SCREENING REFERENCE,False,200,200,lhs minus rhs,512,any_false_elimination,0.0,,,-0.018845326377266575,0.018845326377266575,independent Newcombe-Wilson 95%
WNBA,True,within_mode,epsilon-CPC-SH,FROZEN PROPOSED METHOD,Uniform-no-screening,DESCRIPTIVE NO-SCREENING REFERENCE,False,200,200,lhs minus rhs,512,recommendation_PGS,0.0,,,-0.018845326377266547,0.018845326377266547,independent Newcombe-Wilson 95%
WNBA,True,within_mode,epsilon-CPC-SH,FROZEN PROPOSED METHOD,Uniform-no-screening,DESCRIPTIVE NO-SCREENING REFERENCE,False,200,200,lhs minus rhs,512,recommendation_PCS,0.0,,,-0.018845326377266547,0.018845326377266547,independent Newcombe-Wilson 95%
WNBA,True,within_mode,epsilon-CPC-SH,FROZEN PROPOSED METHOD,Uniform-no-screening,DESCRIPTIVE NO-SCREENING REFERENCE,False,200,200,lhs minus rhs,512,recommendation_Top3,0.0,,,-0.018845326377266547,0.018845326377266547,independent Newcombe-Wilson 95%
WNBA,True,within_mode,epsilon-CPC-SH,FROZEN PROPOSED METHOD,Uniform-no-screening,DESCRIPTIVE NO-SCREENING REFERENCE,False,200,200,lhs minus rhs,512,recommendation_EOC,0.0,,,0.0,0.0,independent percentile macro bootstrap 95%
WNBA,False,within_mode,epsilon-CPC-SH,FROZEN PROPOSED METHOD,Uniform-no-screening,DESCRIPTIVE NO-SCREENING REFERENCE,False,200,200,lhs minus rhs,512,active_set_size,-6.795000000000002,-6.795000000000002,-6.795000000000002,-7.100000000000001,-6.510000000000002,independent percentile macro bootstrap 95%
WNBA,False,within_mode,epsilon-CPC-SH,FROZEN PROPOSED METHOD,Uniform-no-screening,DESCRIPTIVE NO-SCREENING REFERENCE,False,200,200,lhs minus rhs,512,number_eliminated,6.795,6.795,6.795,6.51,7.1,independent percentile macro bootstrap 95%
WNBA,False,within_mode,epsilon-CPC-SH,FROZEN PROPOSED METHOD,Uniform-no-screening,DESCRIPTIVE NO-SCREENING REFERENCE,False,200,200,lhs minus rhs,512,screening_power,0.24267857142857135,0.24267857142857135,0.24267857142857135,0.2325000000000002,0.2535714285714287,independent percentile macro bootstrap 95%
WNBA,False,within_mode,epsilon-CPC-SH,FROZEN PROPOSED METHOD,Uniform-no-screening,DESCRIPTIVE NO-SCREENING REFERENCE,False,200,200,lhs minus rhs,512,false_negatives,0.0,0.0,0.0,0.0,0.0,independent percentile macro bootstrap 95%
WNBA,False,within_mode,epsilon-CPC-SH,FROZEN PROPOSED METHOD,Uniform-no-screening,DESCRIPTIVE NO-SCREENING REFERENCE,False,200,200,lhs minus rhs,512,retained_inferior,-6.795000000000002,-6.795000000000002,-6.795000000000002,-7.100000000000001,-6.510000000000002,independent percentile macro bootstrap 95%
WNBA,False,within_mode,epsilon-CPC-SH,FROZEN PROPOSED METHOD,Uniform-no-screening,DESCRIPTIVE NO-SCREENING REFERENCE,False,200,200,lhs minus rhs,512,true_inferior_eliminated,6.795,6.795,6.795,6.51,7.1,independent percentile macro bootstrap 95%
WNBA,False,within_mode,epsilon-CPC-SH,FROZEN PROPOSED METHOD,Uniform-no-screening,DESCRIPTIVE NO-SCREENING REFERENCE,False,200,200,lhs minus rhs,512,false_elimination_fraction,0.0,0.0,0.0,0.0,0.0,independent percentile macro bootstrap 95%
WNBA,False,within_mode,epsilon-CPC-SH,FROZEN PROPOSED METHOD,Uniform-no-screening,DESCRIPTIVE NO-SCREENING REFERENCE,False,200,200,lhs minus rhs,512,preservation,0.0,,,-0.018845326377266547,0.018845326377266547,independent Newcombe-Wilson 95%
WNBA,False,within_mode,epsilon-CPC-SH,FROZEN PROPOSED METHOD,Uniform-no-screening,DESCRIPTIVE NO-SCREENING REFERENCE,False,200,200,lhs minus rhs,512,any_false_elimination,0.0,,,-0.018845326377266575,0.018845326377266575,independent Newcombe-Wilson 95%
WNBA,False,within_mode,epsilon-CPC-SH,FROZEN PROPOSED METHOD,Uniform-no-screening,DESCRIPTIVE NO-SCREENING REFERENCE,False,200,200,lhs minus rhs,512,recommendation_PGS,0.0,,,-0.0576685776691026,0.0576685776691026,independent Newcombe-Wilson 95%
WNBA,False,within_mode,epsilon-CPC-SH,FROZEN PROPOSED METHOD,Uniform-no-screening,DESCRIPTIVE NO-SCREENING REFERENCE,False,200,200,lhs minus rhs,512,recommendation_PCS,-0.03999999999999998,,,-0.13541592383096637,0.05645762563936396,independent Newcombe-Wilson 95%
WNBA,False,within_mode,epsilon-CPC-SH,FROZEN PROPOSED METHOD,Uniform-no-screening,DESCRIPTIVE NO-SCREENING REFERENCE,False,200,200,lhs minus rhs,512,recommendation_Top3,0.015000000000000013,,,-0.05942095307035326,0.08931275055482925,independent Newcombe-Wilson 95%
WNBA,False,within_mode,epsilon-CPC-SH,FROZEN PROPOSED METHOD,Uniform-no-screening,DESCRIPTIVE NO-SCREENING REFERENCE,False,200,200,lhs minus rhs,512,recommendation_EOC,17555.475513428566,,,-101805.93223698075,132947.88210735936,independent percentile macro bootstrap 95%
WNBA,True,ON_minus_OFF,epsilon-CPC-SH,FROZEN PROPOSED METHOD,epsilon-CPC-SH,FROZEN PROPOSED METHOD,False,200,200,lhs minus rhs,512,active_set_size,-19.935,-19.935,-19.935,-20.235,-19.619999999999997,independent percentile macro bootstrap 95%
WNBA,True,ON_minus_OFF,epsilon-CPC-SH,FROZEN PROPOSED METHOD,epsilon-CPC-SH,FROZEN PROPOSED METHOD,False,200,200,lhs minus rhs,512,number_eliminated,19.935000000000002,19.935000000000002,19.935000000000002,19.619999999999997,20.235,independent percentile macro bootstrap 95%
WNBA,True,ON_minus_OFF,epsilon-CPC-SH,FROZEN PROPOSED METHOD,epsilon-CPC-SH,FROZEN PROPOSED METHOD,False,200,200,lhs minus rhs,512,screening_power,0.711964285714286,0.711964285714286,0.711964285714286,0.7007142857142847,0.7226785714285708,independent percentile macro bootstrap 95%
WNBA,True,ON_minus_OFF,epsilon-CPC-SH,FROZEN PROPOSED METHOD,epsilon-CPC-SH,FROZEN PROPOSED METHOD,False,200,200,lhs minus rhs,512,false_negatives,0.0,0.0,0.0,0.0,0.0,independent percentile macro bootstrap 95%
WNBA,True,ON_minus_OFF,epsilon-CPC-SH,FROZEN PROPOSED METHOD,epsilon-CPC-SH,FROZEN PROPOSED METHOD,False,200,200,lhs minus rhs,512,retained_inferior,-19.935,-19.935,-19.935,-20.235,-19.619999999999997,independent percentile macro bootstrap 95%
WNBA,True,ON_minus_OFF,epsilon-CPC-SH,FROZEN PROPOSED METHOD,epsilon-CPC-SH,FROZEN PROPOSED METHOD,False,200,200,lhs minus rhs,512,true_inferior_eliminated,19.935000000000002,19.935000000000002,19.935000000000002,19.619999999999997,20.235,independent percentile macro bootstrap 95%
WNBA,True,ON_minus_OFF,epsilon-CPC-SH,FROZEN PROPOSED METHOD,epsilon-CPC-SH,FROZEN PROPOSED METHOD,False,200,200,lhs minus rhs,512,false_elimination_fraction,0.0,0.0,0.0,0.0,0.0,independent percentile macro bootstrap 95%
WNBA,True,ON_minus_OFF,epsilon-CPC-SH,FROZEN PROPOSED METHOD,epsilon-CPC-SH,FROZEN PROPOSED METHOD,False,200,200,lhs minus rhs,512,preservation,0.0,,,-0.018845326377266547,0.018845326377266547,independent Newcombe-Wilson 95%
WNBA,True,ON_minus_OFF,epsilon-CPC-SH,FROZEN PROPOSED METHOD,epsilon-CPC-SH,FROZEN PROPOSED METHOD,False,200,200,lhs minus rhs,512,any_false_elimination,0.0,,,-0.018845326377266575,0.018845326377266575,independent Newcombe-Wilson 95%
WNBA,True,ON_minus_OFF,epsilon-CPC-SH,FROZEN PROPOSED METHOD,epsilon-CPC-SH,FROZEN PROPOSED METHOD,False,200,200,lhs minus rhs,512,recommendation_PGS,0.08999999999999997,,,0.052593486031185924,0.13776571876716537,independent Newcombe-Wilson 95%
WNBA,True,ON_minus_OFF,epsilon-CPC-SH,FROZEN PROPOSED METHOD,epsilon-CPC-SH,FROZEN PROPOSED METHOD,False,200,200,lhs minus rhs,512,recommendation_PCS,0.595,,,0.5232770079953559,0.6606222871749323,independent Newcombe-Wilson 95%
WNBA,True,ON_minus_OFF,epsilon-CPC-SH,FROZEN PROPOSED METHOD,epsilon-CPC-SH,FROZEN PROPOSED METHOD,False,200,200,lhs minus rhs,512,recommendation_Top3,0.16500000000000004,,,0.11618424926556822,0.22265781539059548,independent Newcombe-Wilson 95%
WNBA,True,ON_minus_OFF,epsilon-CPC-SH,FROZEN PROPOSED METHOD,epsilon-CPC-SH,FROZEN PROPOSED METHOD,False,200,200,lhs minus rhs,512,recommendation_EOC,-547858.6684649357,,,-629457.2514873885,-469206.3920710876,independent percentile macro bootstrap 95%
