environment,crn,procedure,procedure_category,B,M,truth_status,recommendation_status,PGS_estimate,PGS_ci_low,PGS_ci_high,PGS_successes,PGS_n,PGS_interval,PCS_estimate,PCS_ci_low,PCS_ci_high,PCS_successes,PCS_n,PCS_interval,Top3_estimate,Top3_ci_low,Top3_ci_high,Top3_successes,Top3_n,Top3_interval,EOC_mean,EOC_median,EOC_mean_ci_low,EOC_mean_ci_high,EOC_unit
Synthetic G2,False,DSTTB-setwise-2023,PUBLISHED,512,1000,POPULATION GAUSSIAN,STANDARDIZED POST-SCREENING EXTENSION,0.901,0.8809263810632503,0.9180045586313347,901,1000,Wilson 95%,0.38,0.3504293063571445,0.4104891156793888,380,1000,Wilson 95%,0.827,0.8023165344033985,0.8491807655470485,827,1000,Wilson 95%,0.0007278635504255254,0.0005023032044871,0.0006758973356199147,0.0007797030974665253,normalized Gaussian reward
Synthetic G2,False,Uniform-no-screening,DESCRIPTIVE NO-SCREENING REFERENCE,512,1000,POPULATION GAUSSIAN,FROZEN UNIFORM ARGMAX REFERENCE,0.901,0.8809263810632503,0.9180045586313347,901,1000,Wilson 95%,0.38,0.3504293063571445,0.4104891156793888,380,1000,Wilson 95%,0.827,0.8023165344033985,0.8491807655470485,827,1000,Wilson 95%,0.0007278635504255254,0.0005023032044871,0.0006761256651852595,0.0007800039334074749,normalized Gaussian reward
Synthetic G2,False,epsilon-CPC-SH,FROZEN PROPOSED METHOD,512,1000,POPULATION GAUSSIAN,FROZEN NATIVE CPC RECOMMENDATION,0.89,0.8690945010531241,0.9079206273281428,890,1000,Wilson 95%,0.402,0.3720422335603109,0.4327078111028579,402,1000,Wilson 95%,0.821,0.7960253362714628,0.8435178847808108,821,1000,Wilson 95%,0.0006946853318056638,0.0005023032044871,0.0006436513262297741,0.0007467239437905282,normalized Gaussian reward
Synthetic G2,True,B1-Bonferroni-box-epsilon,EXTERNAL-FRAMEWORK INSTANTIATION,512,1000,POPULATION GAUSSIAN,STANDARDIZED POST-SCREENING EXTENSION,0.999,0.9943574414020421,0.9998234536293739,999,1000,Wilson 95%,0.712,0.6831644885571975,0.7392129658449271,712,1000,Wilson 95%,0.996,0.9897604437227377,0.9984434118595916,996,1000,Wilson 95%,0.0001834411302786879,0.0,0.0001634494627401017,0.0002037341797399666,normalized Gaussian reward
Synthetic G2,True,B2-paired-Bonferroni-epsilon,STANDARDIZED ADAPTATION,512,1000,POPULATION GAUSSIAN,STANDARDIZED POST-SCREENING EXTENSION,0.999,0.9943574414020421,0.9998234536293739,999,1000,Wilson 95%,0.712,0.6831644885571975,0.7392129658449271,712,1000,Wilson 95%,0.996,0.9897604437227377,0.9984434118595916,996,1000,Wilson 95%,0.0001834411302786879,0.0,0.0001635499233809992,0.0002044374042262484,normalized Gaussian reward
Synthetic G2,True,Uniform-no-screening,DESCRIPTIVE NO-SCREENING REFERENCE,512,1000,POPULATION GAUSSIAN,FROZEN UNIFORM ARGMAX REFERENCE,0.999,0.9943574414020421,0.9998234536293739,999,1000,Wilson 95%,0.712,0.6831644885571975,0.7392129658449271,712,1000,Wilson 95%,0.996,0.9897604437227377,0.9984434118595916,996,1000,Wilson 95%,0.0001834411302786879,0.0,0.0001636503840218963,0.0002038371518968865,normalized Gaussian reward
Synthetic G2,True,epsilon-CPC-SH,FROZEN PROPOSED METHOD,512,1000,POPULATION GAUSSIAN,FROZEN NATIVE CPC RECOMMENDATION,1.0,0.996173241514445,1.0,1000,1000,Wilson 95%,0.763,0.7356684892970144,0.7883186357395835,763,1000,Wilson 95%,0.999,0.9943574414020421,0.9998234536293739,999,1000,Wilson 95%,0.00013481818008433718,0.0,0.00011894539882254498,0.0001514946464733088,normalized Gaussian reward
WNBA,False,DSTTB-setwise-2023,PUBLISHED,512,200,FROZEN FINITE-REFERENCE PLUG-IN,STANDARDIZED POST-SCREENING EXTENSION,0.91,0.8622342812328346,0.9423125511378069,182,200,Wilson 95%,0.445,0.3778060100295335,0.5142669758719658,89,200,Wilson 95%,0.82,0.7608852497127511,0.8670537414057983,164,200,Wilson 95%,530303.1929515072,535189.1107609272,447969.9186122909,616529.4415710759,revenue units
WNBA,False,Uniform-no-screening,DESCRIPTIVE NO-SCREENING REFERENCE,512,200,FROZEN FINITE-REFERENCE PLUG-IN,FROZEN UNIFORM ARGMAX REFERENCE,0.91,0.8622342812328346,0.9423125511378069,182,200,Wilson 95%,0.445,0.3778060100295335,0.5142669758719658,89,200,Wilson 95%,0.82,0.7608852497127511,0.8670537414057983,164,200,Wilson 95%,530303.1929515072,535189.1107609272,446294.446014624,616316.1859539893,revenue units
WNBA,False,epsilon-CPC-SH,FROZEN PROPOSED METHOD,512,200,FROZEN FINITE-REFERENCE PLUG-IN,FROZEN NATIVE CPC RECOMMENDATION,0.91,0.8622342812328346,0.9423125511378069,182,200,Wilson 95%,0.405,0.3393777128250677,0.47420289918661307,81,200,Wilson 95%,0.835,0.7773421846094045,0.8800314467178268,167,200,Wilson 95%,547858.6684649357,535189.1107609272,467392.13720965735,629583.277867959,revenue units
WNBA,True,B1-Bonferroni-box-epsilon,EXTERNAL-FRAMEWORK INSTANTIATION,512,200,FROZEN FINITE-REFERENCE PLUG-IN,STANDARDIZED POST-SCREENING EXTENSION,1.0,0.9811546736227335,1.0,200,200,Wilson 95%,1.0,0.9811546736227335,1.0,200,200,Wilson 95%,1.0,0.9811546736227335,1.0,200,200,Wilson 95%,0.0,0.0,0.0,0.0,revenue units
WNBA,True,B2-paired-Bonferroni-epsilon,STANDARDIZED ADAPTATION,512,200,FROZEN FINITE-REFERENCE PLUG-IN,STANDARDIZED POST-SCREENING EXTENSION,1.0,0.9811546736227335,1.0,200,200,Wilson 95%,1.0,0.9811546736227335,1.0,200,200,Wilson 95%,1.0,0.9811546736227335,1.0,200,200,Wilson 95%,0.0,0.0,0.0,0.0,revenue units
WNBA,True,Uniform-no-screening,DESCRIPTIVE NO-SCREENING REFERENCE,512,200,FROZEN FINITE-REFERENCE PLUG-IN,FROZEN UNIFORM ARGMAX REFERENCE,1.0,0.9811546736227335,1.0,200,200,Wilson 95%,1.0,0.9811546736227335,1.0,200,200,Wilson 95%,1.0,0.9811546736227335,1.0,200,200,Wilson 95%,0.0,0.0,0.0,0.0,revenue units
WNBA,True,epsilon-CPC-SH,FROZEN PROPOSED METHOD,512,200,FROZEN FINITE-REFERENCE PLUG-IN,FROZEN NATIVE CPC RECOMMENDATION,1.0,0.9811546736227335,1.0,200,200,Wilson 95%,1.0,0.9811546736227335,1.0,200,200,Wilson 95%,1.0,0.9811546736227335,1.0,200,200,Wilson 95%,0.0,0.0,0.0,0.0,revenue units
