environment,crn,procedure,procedure_category,B,K,M,epsilon,truth_status,good_count,inferior_count,probability_CI,continuous_CI,bank_relation_to_CPC,preservation_estimate,preservation_ci_low,preservation_ci_high,preservation_successes,preservation_n,preservation_interval,any_false_elimination_estimate,any_false_elimination_ci_low,any_false_elimination_ci_high,any_false_elimination_successes,any_false_elimination_n,any_false_elimination_interval,false_elimination_CP_low,false_elimination_CP_high,false_elimination_CP_one_sided_upper,unidentified_count_macros,active_set_size_mean,active_set_size_median,active_set_size_mean_bound_low,active_set_size_mean_bound_high,active_set_size_median_bound_low,active_set_size_median_bound_high,active_set_size_mean_ci_low,active_set_size_mean_ci_high,active_set_size_identification,number_eliminated_mean,number_eliminated_median,number_eliminated_mean_bound_low,number_eliminated_mean_bound_high,number_eliminated_median_bound_low,number_eliminated_median_bound_high,number_eliminated_mean_ci_low,number_eliminated_mean_ci_high,number_eliminated_identification,screening_power_mean,screening_power_median,screening_power_mean_bound_low,screening_power_mean_bound_high,screening_power_median_bound_low,screening_power_median_bound_high,screening_power_mean_ci_low,screening_power_mean_ci_high,screening_power_identification,false_negatives_mean,false_negatives_median,false_negatives_mean_bound_low,false_negatives_mean_bound_high,false_negatives_median_bound_low,false_negatives_median_bound_high,false_negatives_mean_ci_low,false_negatives_mean_ci_high,false_negatives_identification,retained_inferior_mean,retained_inferior_median,retained_inferior_mean_bound_low,retained_inferior_mean_bound_high,retained_inferior_median_bound_low,retained_inferior_median_bound_high,retained_inferior_mean_ci_low,retained_inferior_mean_ci_high,retained_inferior_identification,true_inferior_eliminated_mean,true_inferior_eliminated_median,true_inferior_eliminated_mean_bound_low,true_inferior_eliminated_mean_bound_high,true_inferior_eliminated_median_bound_low,true_inferior_eliminated_median_bound_high,true_inferior_eliminated_mean_ci_low,true_inferior_eliminated_mean_ci_high,true_inferior_eliminated_identification,false_elimination_fraction_mean,false_elimination_fraction_median,false_elimination_fraction_mean_bound_low,false_elimination_fraction_mean_bound_high,false_elimination_fraction_median_bound_low,false_elimination_fraction_median_bound_high,false_elimination_fraction_mean_ci_low,false_elimination_fraction_mean_ci_high,false_elimination_fraction_identification
Synthetic G2,False,DSTTB-setwise-2023,PUBLISHED,512,32,1000,0.0020092128179484,POPULATION GAUSSIAN,4,28,Wilson 95%,10000 macro percentile bootstrap 95%,independent of CPC; shared with all one-shot rules,1.0,0.996173241514445,1.0,1000,1000,Wilson 95%,0.0,2.168404344971009e-19,0.0038267584855551234,0,1000,Wilson 95%,0.0,0.003682083896865671,0.002991249545095295,0,18.786,19.0,18.786,18.786,19.0,19.0,18.653,18.916,EXACT,13.214,13.0,13.214,13.214,13.0,13.0,13.084,13.347,EXACT,0.4719285714285714,0.4642857142857143,0.4719285714285714,0.4719285714285714,0.4642857142857143,0.4642857142857143,0.46728571428571536,0.47667857142857223,EXACT,0.0,0.0,0.0,0.0,0.0,0.0,0.0,0.0,EXACT,14.786,15.0,14.786,14.786,15.0,15.0,14.653,14.916,EXACT,13.214,13.0,13.214,13.214,13.0,13.0,13.084,13.347,EXACT,0.0,0.0,0.0,0.0,0.0,0.0,0.0,0.0,EXACT
Synthetic G2,False,Uniform-no-screening,DESCRIPTIVE NO-SCREENING REFERENCE,512,32,1000,0.0020092128179484,POPULATION GAUSSIAN,4,28,Wilson 95%,10000 macro percentile bootstrap 95%,independent of CPC; shared with all one-shot rules,1.0,0.996173241514445,1.0,1000,1000,Wilson 95%,0.0,2.168404344971009e-19,0.0038267584855551234,0,1000,Wilson 95%,0.0,0.003682083896865671,0.002991249545095295,0,32.0,32.0,32.0,32.0,32.0,32.0,32.0,32.0,EXACT,0.0,0.0,0.0,0.0,0.0,0.0,0.0,0.0,EXACT,0.0,0.0,0.0,0.0,0.0,0.0,0.0,0.0,EXACT,0.0,0.0,0.0,0.0,0.0,0.0,0.0,0.0,EXACT,28.0,28.0,28.0,28.0,28.0,28.0,28.0,28.0,EXACT,0.0,0.0,0.0,0.0,0.0,0.0,0.0,0.0,EXACT,0.0,0.0,0.0,0.0,0.0,0.0,0.0,0.0,EXACT
Synthetic G2,False,epsilon-CPC-SH,FROZEN PROPOSED METHOD,512,32,1000,0.0020092128179484,POPULATION GAUSSIAN,4,28,Wilson 95%,10000 macro percentile bootstrap 95%,same frozen CPC bank,0.998,0.9927371921365079,0.9994513564118793,998,1000,Wilson 95%,0.002,0.000548643588120728,0.007262807863492177,2,1000,Wilson 95%,0.00024230111687723185,0.007205838911457497,0.006282284546723426,2,21.669,21.0,21.669,21.669,21.0,21.0,21.416,21.926,EXACT,10.331,11.0,10.331,10.331,11.0,11.0,10.074,10.584,EXACT,,0.3928571428571428,0.3686785714285714,0.36889285714285713,0.3928571428571428,0.3928571428571428,0.35953571428571485,0.3778928571428577,"BOUNDED: unavailable frozen FN; bootstrap endpoint envelope, no imputation",,0.0,0.002,0.008,0.0,0.0,0.0,0.02,"BOUNDED: unavailable frozen FN; bootstrap endpoint envelope, no imputation",,17.0,17.671,17.677,17.0,17.0,17.419,17.933,"BOUNDED: unavailable frozen FN; bootstrap endpoint envelope, no imputation",,11.0,10.323,10.329,11.0,11.0,10.067,10.581,"BOUNDED: unavailable frozen FN; bootstrap endpoint envelope, no imputation",,0.0,0.0005,0.002,0.0,0.0,0.0,0.005,"BOUNDED: unavailable frozen FN; bootstrap endpoint envelope, no imputation"
Synthetic G2,True,B1-Bonferroni-box-epsilon,EXTERNAL-FRAMEWORK INSTANTIATION,512,32,1000,0.0020092128179484,POPULATION GAUSSIAN,4,28,Wilson 95%,10000 macro percentile bootstrap 95%,independent of CPC; shared with all one-shot rules,1.0,0.996173241514445,1.0,1000,1000,Wilson 95%,0.0,2.168404344971009e-19,0.0038267584855551234,0,1000,Wilson 95%,0.0,0.003682083896865671,0.002991249545095295,0,20.418,20.0,20.418,20.418,20.0,20.0,20.238,20.597,EXACT,11.582,12.0,11.582,11.582,12.0,12.0,11.403,11.762,EXACT,0.4136428571428571,0.4285714285714285,0.4136428571428571,0.4136428571428571,0.4285714285714285,0.4285714285714285,0.40725000000000017,0.4200714285714287,EXACT,0.0,0.0,0.0,0.0,0.0,0.0,0.0,0.0,EXACT,16.418,16.0,16.418,16.418,16.0,16.0,16.238,16.597,EXACT,11.582,12.0,11.582,11.582,12.0,12.0,11.403,11.762,EXACT,0.0,0.0,0.0,0.0,0.0,0.0,0.0,0.0,EXACT
Synthetic G2,True,B2-paired-Bonferroni-epsilon,STANDARDIZED ADAPTATION,512,32,1000,0.0020092128179484,POPULATION GAUSSIAN,4,28,Wilson 95%,10000 macro percentile bootstrap 95%,independent of CPC; shared with all one-shot rules,1.0,0.996173241514445,1.0,1000,1000,Wilson 95%,0.0,2.168404344971009e-19,0.0038267584855551234,0,1000,Wilson 95%,0.0,0.003682083896865671,0.002991249545095295,0,9.303,9.0,9.303,9.303,9.0,9.0,9.248,9.36,EXACT,22.697,23.0,22.697,22.697,23.0,23.0,22.64,22.752,EXACT,0.8106071428571429,0.8214285714285714,0.8106071428571429,0.8106071428571429,0.8214285714285714,0.8214285714285714,0.808571428571431,0.8125714285714305,EXACT,0.0,0.0,0.0,0.0,0.0,0.0,0.0,0.0,EXACT,5.303,5.0,5.303,5.303,5.0,5.0,5.248,5.36,EXACT,22.697,23.0,22.697,22.697,23.0,23.0,22.64,22.752,EXACT,0.0,0.0,0.0,0.0,0.0,0.0,0.0,0.0,EXACT
Synthetic G2,True,Uniform-no-screening,DESCRIPTIVE NO-SCREENING REFERENCE,512,32,1000,0.0020092128179484,POPULATION GAUSSIAN,4,28,Wilson 95%,10000 macro percentile bootstrap 95%,independent of CPC; shared with all one-shot rules,1.0,0.996173241514445,1.0,1000,1000,Wilson 95%,0.0,2.168404344971009e-19,0.0038267584855551234,0,1000,Wilson 95%,0.0,0.003682083896865671,0.002991249545095295,0,32.0,32.0,32.0,32.0,32.0,32.0,32.0,32.0,EXACT,0.0,0.0,0.0,0.0,0.0,0.0,0.0,0.0,EXACT,0.0,0.0,0.0,0.0,0.0,0.0,0.0,0.0,EXACT,0.0,0.0,0.0,0.0,0.0,0.0,0.0,0.0,EXACT,28.0,28.0,28.0,28.0,28.0,28.0,28.0,28.0,EXACT,0.0,0.0,0.0,0.0,0.0,0.0,0.0,0.0,EXACT,0.0,0.0,0.0,0.0,0.0,0.0,0.0,0.0,EXACT
Synthetic G2,True,epsilon-CPC-SH,FROZEN PROPOSED METHOD,512,32,1000,0.0020092128179484,POPULATION GAUSSIAN,4,28,Wilson 95%,10000 macro percentile bootstrap 95%,same frozen CPC bank,1.0,0.996173241514445,1.0,1000,1000,Wilson 95%,0.0,2.168404344971009e-19,0.0038267584855551234,0,1000,Wilson 95%,0.0,0.003682083896865671,0.002991249545095295,0,10.849,11.0,10.849,10.849,11.0,11.0,10.759,10.936,EXACT,21.151,21.0,21.151,21.151,21.0,21.0,21.064,21.241,EXACT,0.7553928571428571,0.75,0.7553928571428571,0.7553928571428571,0.75,0.75,0.7522857142857146,0.7586071428571429,EXACT,0.0,0.0,0.0,0.0,0.0,0.0,0.0,0.0,EXACT,6.849,7.0,6.849,6.849,7.0,7.0,6.759,6.936,EXACT,21.151,21.0,21.151,21.151,21.0,21.0,21.064,21.241,EXACT,0.0,0.0,0.0,0.0,0.0,0.0,0.0,0.0,EXACT
WNBA,False,DSTTB-setwise-2023,PUBLISHED,512,32,200,1310333.05858125,FROZEN FINITE-REFERENCE PLUG-IN,4,28,Wilson 95%,10000 macro percentile bootstrap 95%,independent of CPC; shared with all one-shot rules,1.0,0.9811546736227335,1.0,200,200,Wilson 95%,0.0,1.734723475976807e-18,0.018845326377266575,0,200,Wilson 95%,0.0,0.018275340355136237,0.014867039231272056,0,24.89,26.0,24.89,24.89,26.0,26.0,24.675,25.1,EXACT,7.11,6.0,7.11,7.11,6.0,6.0,6.9,7.325,EXACT,0.2539285714285714,0.2142857142857142,0.2539285714285714,0.2539285714285714,0.2142857142857142,0.2142857142857142,0.24642857142857166,0.26160714285714304,EXACT,0.0,0.0,0.0,0.0,0.0,0.0,0.0,0.0,EXACT,20.89,22.0,20.89,20.89,22.0,22.0,20.675,21.1,EXACT,7.11,6.0,7.11,7.11,6.0,6.0,6.9,7.325,EXACT,0.0,0.0,0.0,0.0,0.0,0.0,0.0,0.0,EXACT
WNBA,False,Uniform-no-screening,DESCRIPTIVE NO-SCREENING REFERENCE,512,32,200,1310333.05858125,FROZEN FINITE-REFERENCE PLUG-IN,4,28,Wilson 95%,10000 macro percentile bootstrap 95%,independent of CPC; shared with all one-shot rules,1.0,0.9811546736227335,1.0,200,200,Wilson 95%,0.0,1.734723475976807e-18,0.018845326377266575,0,200,Wilson 95%,0.0,0.018275340355136237,0.014867039231272056,0,32.0,32.0,32.0,32.0,32.0,32.0,32.0,32.0,EXACT,0.0,0.0,0.0,0.0,0.0,0.0,0.0,0.0,EXACT,0.0,0.0,0.0,0.0,0.0,0.0,0.0,0.0,EXACT,0.0,0.0,0.0,0.0,0.0,0.0,0.0,0.0,EXACT,28.0,28.0,28.0,28.0,28.0,28.0,28.0,28.0,EXACT,0.0,0.0,0.0,0.0,0.0,0.0,0.0,0.0,EXACT,0.0,0.0,0.0,0.0,0.0,0.0,0.0,0.0,EXACT
WNBA,False,epsilon-CPC-SH,FROZEN PROPOSED METHOD,512,32,200,1310333.05858125,FROZEN FINITE-REFERENCE PLUG-IN,4,28,Wilson 95%,10000 macro percentile bootstrap 95%,same frozen CPC bank,1.0,0.9811546736227335,1.0,200,200,Wilson 95%,0.0,1.734723475976807e-18,0.018845326377266575,0,200,Wilson 95%,0.0,0.018275340355136237,0.014867039231272056,0,25.205,26.0,25.205,25.205,26.0,26.0,24.895,25.495,EXACT,6.795,6.0,6.795,6.795,6.0,6.0,6.505,7.105,EXACT,0.24267857142857135,0.2142857142857142,0.24267857142857135,0.24267857142857135,0.2142857142857142,0.2142857142857142,0.23232142857142876,0.2537500000000002,EXACT,0.0,0.0,0.0,0.0,0.0,0.0,0.0,0.0,EXACT,21.205,22.0,21.205,21.205,22.0,22.0,20.895,21.495,EXACT,6.795,6.0,6.795,6.795,6.0,6.0,6.505,7.105,EXACT,0.0,0.0,0.0,0.0,0.0,0.0,0.0,0.0,EXACT
WNBA,True,B1-Bonferroni-box-epsilon,EXTERNAL-FRAMEWORK INSTANTIATION,512,32,200,1310333.05858125,FROZEN FINITE-REFERENCE PLUG-IN,4,28,Wilson 95%,10000 macro percentile bootstrap 95%,independent of CPC; shared with all one-shot rules,1.0,0.9811546736227335,1.0,200,200,Wilson 95%,0.0,1.734723475976807e-18,0.018845326377266575,0,200,Wilson 95%,0.0,0.018275340355136237,0.014867039231272056,0,25.735,26.0,25.735,25.735,26.0,26.0,25.54,25.9,EXACT,6.265,6.0,6.265,6.265,6.0,6.0,6.1,6.46,EXACT,0.22374999999999992,0.2142857142857142,0.22374999999999992,0.22374999999999992,0.2142857142857142,0.2142857142857142,0.2178571428571434,0.23071428571428623,EXACT,0.0,0.0,0.0,0.0,0.0,0.0,0.0,0.0,EXACT,21.735,22.0,21.735,21.735,22.0,22.0,21.54,21.9,EXACT,6.265,6.0,6.265,6.265,6.0,6.0,6.1,6.46,EXACT,0.0,0.0,0.0,0.0,0.0,0.0,0.0,0.0,EXACT
WNBA,True,B2-paired-Bonferroni-epsilon,STANDARDIZED ADAPTATION,512,32,200,1310333.05858125,FROZEN FINITE-REFERENCE PLUG-IN,4,28,Wilson 95%,10000 macro percentile bootstrap 95%,independent of CPC; shared with all one-shot rules,1.0,0.9811546736227335,1.0,200,200,Wilson 95%,0.0,1.734723475976807e-18,0.018845326377266575,0,200,Wilson 95%,0.0,0.018275340355136237,0.014867039231272056,0,5.06,5.0,5.06,5.06,5.0,5.0,4.98,5.135,EXACT,26.94,27.0,26.94,26.94,27.0,27.0,26.865,27.02,EXACT,0.9621428571428574,0.9642857142857144,0.9621428571428574,0.9621428571428574,0.9642857142857144,0.9642857142857144,0.9594642857142851,0.9649999999999999,EXACT,0.0,0.0,0.0,0.0,0.0,0.0,0.0,0.0,EXACT,1.06,1.0,1.06,1.06,1.0,1.0,0.98,1.135,EXACT,26.94,27.0,26.94,26.94,27.0,27.0,26.865,27.02,EXACT,0.0,0.0,0.0,0.0,0.0,0.0,0.0,0.0,EXACT
WNBA,True,Uniform-no-screening,DESCRIPTIVE NO-SCREENING REFERENCE,512,32,200,1310333.05858125,FROZEN FINITE-REFERENCE PLUG-IN,4,28,Wilson 95%,10000 macro percentile bootstrap 95%,independent of CPC; shared with all one-shot rules,1.0,0.9811546736227335,1.0,200,200,Wilson 95%,0.0,1.734723475976807e-18,0.018845326377266575,0,200,Wilson 95%,0.0,0.018275340355136237,0.014867039231272056,0,32.0,32.0,32.0,32.0,32.0,32.0,32.0,32.0,EXACT,0.0,0.0,0.0,0.0,0.0,0.0,0.0,0.0,EXACT,0.0,0.0,0.0,0.0,0.0,0.0,0.0,0.0,EXACT,0.0,0.0,0.0,0.0,0.0,0.0,0.0,0.0,EXACT,28.0,28.0,28.0,28.0,28.0,28.0,28.0,28.0,EXACT,0.0,0.0,0.0,0.0,0.0,0.0,0.0,0.0,EXACT,0.0,0.0,0.0,0.0,0.0,0.0,0.0,0.0,EXACT
WNBA,True,epsilon-CPC-SH,FROZEN PROPOSED METHOD,512,32,200,1310333.05858125,FROZEN FINITE-REFERENCE PLUG-IN,4,28,Wilson 95%,10000 macro percentile bootstrap 95%,same frozen CPC bank,1.0,0.9811546736227335,1.0,200,200,Wilson 95%,0.0,1.734723475976807e-18,0.018845326377266575,0,200,Wilson 95%,0.0,0.018275340355136237,0.014867039231272056,0,5.27,5.0,5.27,5.27,5.0,5.0,5.175,5.37,EXACT,26.73,27.0,26.73,26.73,27.0,27.0,26.63,26.825,EXACT,0.9546428571428573,0.9642857142857144,0.9546428571428573,0.9546428571428573,0.9642857142857144,0.9642857142857144,0.9510714285714282,0.9580357142857142,EXACT,0.0,0.0,0.0,0.0,0.0,0.0,0.0,0.0,EXACT,1.27,1.0,1.27,1.27,1.0,1.0,1.175,1.37,EXACT,26.73,27.0,26.73,26.73,27.0,27.0,26.63,26.825,EXACT,0.0,0.0,0.0,0.0,0.0,0.0,0.0,0.0,EXACT
