epsilon_fraction,method,budget,crn,M,PGS,PGS_count,PGS_ci_low,PGS_ci_high,preservation,preservation_count,preservation_ci_low,preservation_ci_high,false_elimination,false_elimination_count,false_elimination_ci_low,false_elimination_ci_high,exact_PCS,exact_PCS_count,exact_PCS_ci_low,exact_PCS_ci_high,top3_PCS,top3_PCS_count,top3_PCS_ci_low,top3_PCS_ci_high,certification_frequency,certification_count,certification_ci_low,certification_ci_high,EOC_mean,EOC_sd,EOC_mcse,EOC_ci_low,EOC_ci_high,runtime_mean,runtime_sd,runtime_median,runtime_p90,runtime_p95,nEOC,nEOC_mcse,nEOC_ci_low,nEOC_ci_high,reference_nref,source,mean_eliminated,mean_certificates,mean_final_active_set_size,PGS_minus_preservation,no_elimination_count,any_elimination_frequency,mean_first_elimination_stage,first_elimination_observed_count,first_elimination_summary_scope,mean_budget_at_first_elimination,selection_entropy_nats
0.0025,CPC-v2,256,False,200,0.515,103,0.44610849192745716,0.5833261482812249,1.0,200,0.9811546736227335,1.0,0.0,0,0.0,0.018845326377266575,0.355,71,0.2919862754043116,0.42347886924509565,0.685,137,0.6176504391426966,0.745376790097715,0.995,199,0.9722262956021069,0.9991168312843989,818532.8821439181,836302.5890354906,59135.52318308618,701920.20020528,935145.5640825562,19.272825247499423,1.730240301152995,18.96680129999004,19.663109990020168,23.346760219981654,0.003123377208502151,0.00022565073358949892,0.0026784037676851296,0.0035683506493191727,20000,NEW_M7,5.13,5.14,26.87,-0.485,1,0.995,1.0,199,Conditional on observed actual elimination; NA means absent/unavailable,256.0,1.8150212077827987
0.0025,CPC-v2,256,True,200,1.0,200,0.9811546736227335,1.0,1.0,200,0.9811546736227335,1.0,0.0,0,0.0,0.018845326377266575,1.0,200,0.9811546736227335,1.0,1.0,200,0.9811546736227335,1.0,1.0,200,0.9811546736227335,1.0,0.0,0.0,0.0,0.0,0.0,8.391926607500208,0.9035860532681514,8.031293200008804,9.217221879976568,9.790989464988524,0.0,0.0,0.0,0.0,20000,NEW_M7,16.0,28.495,16.0,0.0,0,1.0,1.0,200,Conditional on observed actual elimination; NA means absent/unavailable,256.0,-0.0
0.0025,CPC-v2,512,False,200,0.65,130,0.5816346433604008,0.7127117587264192,1.0,200,0.9811546736227335,1.0,0.0,0,0.0,0.018845326377266575,0.41,82,0.34415674908482885,0.4792354096630791,0.8,160,0.7391448134346212,0.8495479907390189,1.0,200,0.9811546736227335,1.0,553770.368348301,575305.234647998,40680.22326717173,473550.7358549793,633990.0008416227,38.61733457749942,3.9949647952304317,37.68045250000432,39.015898620017104,48.1581463350114,0.002113090121331024,0.00015522856193225343,0.001806986142773928,0.0024191940998881194,20000,NEW_M7,7.685,7.71,24.315,-0.35,0,1.0,1.015,200,Conditional on observed actual elimination; NA means absent/unavailable,259.84,1.5228307517440796
0.0025,CPC-v2,512,True,200,1.0,200,0.9811546736227335,1.0,0.99,198,0.9642782382838231,0.9972533418664555,0.01,2,0.0027466581335444384,0.0357217617161768,1.0,200,0.9811546736227335,1.0,1.0,200,0.9811546736227335,1.0,1.0,200,0.9811546736227335,1.0,0.0,0.0,0.0,0.0,0.0,18.635265852500453,2.5100318145788036,18.22872329999518,19.13094764998532,22.048486669996052,0.0,0.0,0.0,0.0,20000,NEW_M7,28.98,46.27,3.02,0.010000000000000009,0,1.0,1.0,200,Conditional on observed actual elimination; NA means absent/unavailable,256.0,-0.0
0.0025,CPC-v2,1024,False,200,0.77,154,0.7069169563469642,0.8229065674093119,1.0,200,0.9811546736227335,1.0,0.0,0,0.0,0.018845326377266575,0.585,117,0.5157391490134403,0.6510571455024242,0.915,183,0.8681041292843443,0.9462542498225244,1.0,200,0.9811546736227335,1.0,352441.91543999495,483480.9593942133,34187.266496222604,285026.1115426901,419857.7193372998,77.4725014694986,6.738302780907458,75.98235249999561,77.99452862998878,95.50253730498952,0.0013448562299939143,0.00013045258330442538,0.0010876094046322056,0.001602103055355623,20000,NEW_M7,7.545,7.545,24.455,-0.22999999999999998,0,1.0,1.0,200,Conditional on observed actual elimination; NA means absent/unavailable,256.0,1.196608543641558
0.0025,CPC-v2,1024,True,200,1.0,200,0.9811546736227335,1.0,1.0,200,0.9811546736227335,1.0,0.0,0,0.0,0.018845326377266575,1.0,200,0.9811546736227335,1.0,1.0,200,0.9811546736227335,1.0,1.0,200,0.9811546736227335,1.0,0.0,0.0,0.0,0.0,0.0,43.11549059149918,4.4943129388386565,41.96340054999746,47.28729757999245,52.8406148300055,0.0,0.0,0.0,0.0,20000,NEW_M7,29.005,46.305,2.995,0.0,0,1.0,1.0,200,Conditional on observed actual elimination; NA means absent/unavailable,256.0,-0.0
0.005,CPC-v2,256,False,300,0.83,249,0.7833857374317239,0.8682699015600757,1.0,300,0.9873570287754538,1.0,0.0,0,0.0,0.012642971224546034,0.36666666666666664,110,0.3141415065082282,0.4225632858183173,0.7133333333333334,214,0.6597183711272249,0.7615539611503023,0.9933333333333333,298,0.9760224167496929,0.998169851642088,724639.0743297121,758775.5680323452,43807.927845798564,638428.153381677,810849.9952777472,21.53937220766694,2.6321103176430487,20.082494150003185,25.129005119996147,25.586515029996374,0.0027650949870497345,0.00016716333133360445,0.002436129307738479,0.0030940606663609894,20000,M6_REUSED,4.6033333333333335,4.6033333333333335,27.39666666666667,-0.17000000000000004,2,0.9933333333333333,1.0,298,Conditional on observed actual elimination; NA means absent/unavailable,256.0,1.756750028990057
0.005,CPC-v2,256,True,300,1.0,300,0.9873570287754538,1.0,1.0,300,0.9873570287754538,1.0,0.0,0,0.0,0.012642971224546034,1.0,300,0.9873570287754538,1.0,1.0,300,0.9873570287754538,1.0,1.0,300,0.9873570287754538,1.0,0.0,0.0,0.0,0.0,0.0,9.008852935666606,1.0620130766280607,8.761550299990631,10.553609029996734,10.890428299998895,0.0,0.0,0.0,0.0,20000,M6_REUSED,15.966666666666667,26.153333333333332,16.033333333333335,0.0,0,1.0,1.0,300,Conditional on observed actual elimination; NA means absent/unavailable,256.0,-0.0
0.005,CPC-v2,512,False,300,0.9133333333333333,274,0.8760440413057516,0.9401711024819569,1.0,300,0.9873570287754538,1.0,0.0,0,0.0,0.012642971224546034,0.43666666666666665,131,0.3816939930978369,0.49324078325727216,0.8366666666666667,251,0.7906268325698749,0.8741935668055973,1.0,300,0.9873570287754538,1.0,521862.1157470406,583164.0209293142,33668.99044652441,455603.9105198366,588120.3209742446,43.152540326999805,5.159117257449413,40.12390394999966,50.088828720002496,52.22436506999802,0.0019913338533642795,0.00012847493324704472,0.0017385042204961889,0.0022441634862323707,20000,M6_REUSED,6.82,6.82,25.18,-0.08666666666666667,0,1.0,1.0166666666666666,300,Conditional on observed actual elimination; NA means absent/unavailable,260.26666666666665,1.493309060058239
0.005,CPC-v2,512,True,300,1.0,300,0.9873570287754538,1.0,1.0,300,0.9873570287754538,1.0,0.0,0,0.0,0.012642971224546034,1.0,300,0.9873570287754538,1.0,1.0,300,0.9873570287754538,1.0,1.0,300,0.9873570287754538,1.0,0.0,0.0,0.0,0.0,0.0,19.336534242666723,2.120713595455937,18.35965209999995,22.431361969996942,22.85950401000373,0.0,0.0,0.0,0.0,20000,M6_REUSED,26.716666666666665,38.71333333333333,5.283333333333333,0.0,0,1.0,1.0,300,Conditional on observed actual elimination; NA means absent/unavailable,256.0,-0.0
0.005,CPC-v2,1024,False,300,0.97,291,0.9439774608583589,0.9841381461905676,1.0,300,0.9873570287754538,1.0,0.0,0,0.0,0.012642971224546034,0.5766666666666667,173,0.5201332672229635,0.6312614771892728,0.9,270,0.8608335376153785,0.9290520854049847,1.0,300,0.9873570287754538,1.0,349704.1227909508,470359.81506382383,27156.236584308124,296262.5591165243,403145.68646537734,86.74761481899993,10.86716348860111,80.19887300000119,100.45957761000028,105.37086399999752,0.001334409295792283,0.00010362341240825927,0.0011304857081042418,0.001538332883480324,20000,M6_REUSED,6.873333333333333,6.873333333333333,25.126666666666665,-0.030000000000000027,0,1.0,1.0133333333333334,300,Conditional on observed actual elimination; NA means absent/unavailable,258.56,1.2039140425009551
0.005,CPC-v2,1024,True,300,1.0,300,0.9873570287754538,1.0,1.0,300,0.9873570287754538,1.0,0.0,0,0.0,0.012642971224546034,1.0,300,0.9873570287754538,1.0,1.0,300,0.9873570287754538,1.0,1.0,300,0.9873570287754538,1.0,0.0,0.0,0.0,0.0,0.0,41.98851483733408,5.670001655653114,39.34481724999205,48.328617319997285,50.042213799993625,0.0,0.0,0.0,0.0,20000,M6_REUSED,26.8,38.68,5.2,0.0,0,1.0,1.0,300,Conditional on observed actual elimination; NA means absent/unavailable,256.0,-0.0
0.01,CPC-v2,256,False,200,0.945,189,0.9042130012276914,0.9690146582965411,1.0,200,0.9811546736227335,1.0,0.0,0,0.0,0.018845326377266575,0.3,60,0.24074744682371402,0.36679068372719265,0.68,136,0.6124810156588646,0.7407346668453195,0.95,190,0.9104218518612239,0.972617354399236,797489.6921246178,789408.4374113423,55819.605921943636,687415.8549292871,907563.5293199484,19.24260809099993,1.6774355056636006,18.91054530000838,19.720065230006004,23.29218901998538,0.003043080104336571,0.00021299777776492092,0.002623057742561955,0.0034631024661111874,20000,NEW_M7,3.71,3.71,28.29,-0.05500000000000005,10,0.95,1.0,190,Conditional on observed actual elimination; NA means absent/unavailable,256.0,1.8210761894903231
0.01,CPC-v2,256,True,200,1.0,200,0.9811546736227335,1.0,1.0,200,0.9811546736227335,1.0,0.0,0,0.0,0.018845326377266575,1.0,200,0.9811546736227335,1.0,1.0,200,0.9811546736227335,1.0,1.0,200,0.9811546736227335,1.0,0.0,0.0,0.0,0.0,0.0,8.331968466999388,0.7949015514241644,8.015173600004346,9.112688620007248,9.75163122499507,0.0,0.0,0.0,0.0,20000,NEW_M7,15.735,20.445,16.265,0.0,0,1.0,1.0,200,Conditional on observed actual elimination; NA means absent/unavailable,256.0,-0.0
0.01,CPC-v2,512,False,200,0.995,199,0.9722262956021069,0.9991168312843989,1.0,200,0.9811546736227335,1.0,0.0,0,0.0,0.018845326377266575,0.43,86,0.36334322333434416,0.4992951223584731,0.855,171,0.7995133246921847,0.8971064935799559,1.0,200,0.9811546736227335,1.0,496085.746895652,555060.4785304017,39248.70283374971,418689.0104892469,573482.483302057,38.65971421399896,3.936278906069073,37.7509866499895,39.09008931000717,47.47798986499256,0.0018929757730175253,0.00014976613226963016,0.0015976434683811543,0.002188308077653896,20000,NEW_M7,6.145,6.145,25.855,-0.0050000000000000044,0,1.0,1.015,200,Conditional on observed actual elimination; NA means absent/unavailable,259.84,1.432315318622748
0.01,CPC-v2,512,True,200,1.0,200,0.9811546736227335,1.0,1.0,200,0.9811546736227335,1.0,0.0,0,0.0,0.018845326377266575,1.0,200,0.9811546736227335,1.0,1.0,200,0.9811546736227335,1.0,1.0,200,0.9811546736227335,1.0,0.0,0.0,0.0,0.0,0.0,17.472275588499034,2.4704396082356945,17.089992350011016,17.940453450000497,20.505707195022836,0.0,0.0,0.0,0.0,20000,NEW_M7,22.14,27.095,9.86,0.0,0,1.0,1.0,200,Conditional on observed actual elimination; NA means absent/unavailable,256.0,-0.0
0.01,CPC-v2,1024,False,200,1.0,200,0.9811546736227335,1.0,1.0,200,0.9811546736227335,1.0,0.0,0,0.0,0.018845326377266575,0.625,125,0.5561430369897816,0.6891456314159018,0.925,185,0.8799563897637055,0.954025082815618,1.0,200,0.9811546736227335,1.0,302618.4428605178,450735.94476868905,31871.84430704652,239768.55090186445,365468.33481917117,77.42538011350138,6.571619323214777,75.98153819999425,78.27235010998848,95.22624250502705,0.0011547386402208876,0.00012161734033313423,0.0009149145300564707,0.001394562750385304,20000,NEW_M7,5.855,5.855,26.145,0.0,0,1.0,1.04,200,Conditional on observed actual elimination; NA means absent/unavailable,263.68,1.1114386879157387
0.01,CPC-v2,1024,True,200,1.0,200,0.9811546736227335,1.0,1.0,200,0.9811546736227335,1.0,0.0,0,0.0,0.018845326377266575,1.0,200,0.9811546736227335,1.0,1.0,200,0.9811546736227335,1.0,1.0,200,0.9811546736227335,1.0,0.0,0.0,0.0,0.0,0.0,35.994599760001435,3.610728315041925,35.195173400003114,36.80790725999541,43.271148830010496,0.0,0.0,0.0,0.0,20000,NEW_M7,22.16,27.19,9.84,0.0,0,1.0,1.0,200,Conditional on observed actual elimination; NA means absent/unavailable,256.0,-0.0
