scenario,method,budget,crn,M,PGS,PGS_count,PGS_ci_low,PGS_ci_high,preservation,preservation_count,preservation_ci_low,preservation_ci_high,false_elimination,false_elimination_count,false_elimination_ci_low,false_elimination_ci_high,exact_PCS,exact_PCS_count,exact_PCS_ci_low,exact_PCS_ci_high,top3_PCS,top3_PCS_count,top3_PCS_ci_low,top3_PCS_ci_high,certification_frequency,certification_count,certification_ci_low,certification_ci_high,EOC_mean,EOC_sd,EOC_mcse,EOC_ci_low,EOC_ci_high,runtime_mean,runtime_sd,runtime_median,runtime_p90,runtime_p95,nEOC,nEOC_mcse,nEOC_ci_low,nEOC_ci_high,reference_nref,source,mean_eliminated,mean_certificates,mean_final_active_set_size,PGS_minus_preservation,no_elimination_count,any_elimination_frequency,mean_first_elimination_stage,first_elimination_observed_count,first_elimination_summary_scope,mean_budget_at_first_elimination,selection_entropy_nats
BASELINE,CPC-v2,512,False,300,0.9133333333333333,274,0.8760440413057516,0.9401711024819569,1.0,300,0.9873570287754538,1.0,0.0,0,0.0,0.012642971224546034,0.43666666666666665,131,0.3816939930978369,0.49324078325727216,0.8366666666666667,251,0.7906268325698749,0.8741935668055973,1.0,300,0.9873570287754538,1.0,521862.1157470406,583164.0209293142,33668.99044652441,455603.9105198366,588120.3209742446,43.152540326999805,5.159117257449413,40.12390394999966,50.088828720002496,52.22436506999802,0.0019913338533642795,0.00012847493324704472,0.0017385042204961889,0.0022441634862323707,20000,M6_REUSED,6.82,6.82,25.18,-0.08666666666666667,0,1.0,1.0166666666666666,300,Conditional on observed actual elimination; NA means absent/unavailable,260.26666666666665,1.493309060058239
BASELINE,CPC-v2,512,True,300,1.0,300,0.9873570287754538,1.0,1.0,300,0.9873570287754538,1.0,0.0,0,0.0,0.012642971224546034,1.0,300,0.9873570287754538,1.0,1.0,300,0.9873570287754538,1.0,1.0,300,0.9873570287754538,1.0,0.0,0.0,0.0,0.0,0.0,19.336534242666723,2.120713595455937,18.35965209999995,22.431361969996942,22.85950401000373,0.0,0.0,0.0,0.0,20000,M6_REUSED,26.716666666666665,38.71333333333333,5.283333333333333,0.0,0,1.0,1.0,300,Conditional on observed actual elimination; NA means absent/unavailable,256.0,-0.0
BOOKING_EARLY,CPC-v2,512,False,60,0.9666666666666667,58,0.886362257256914,0.9908106807438021,1.0,60,0.93982814785791,1.0,0.0,0,0.0,0.06017185214208986,0.4,24,0.2856949053488255,0.5263394650795924,0.7333333333333333,44,0.6099128690331636,0.8286735999671945,1.0,60,0.93982814785791,1.0,534662.88800453,484384.67701775103,62533.79290826027,409533.0574207723,659792.7185882876,46.419741364997755,3.582474835890528,44.990790749987355,52.37531065998191,53.33787836501142,0.0020401793441105383,0.0002386179319018636,0.001562705965245928,0.0025176527229751476,3000,NEW_M7,5.333333333333333,5.333333333333333,26.666666666666668,-0.033333333333333326,0,1.0,1.1,60,Conditional on observed actual elimination; NA means absent/unavailable,281.6,1.5902216974995134
BOOKING_EARLY,CPC-v2,512,True,60,1.0,60,0.93982814785791,1.0,1.0,60,0.93982814785791,1.0,0.0,0,0.0,0.06017185214208986,1.0,60,0.93982814785791,1.0,1.0,60,0.93982814785791,1.0,1.0,60,0.93982814785791,1.0,0.0,0.0,0.0,0.0,0.0,20.554147025000322,1.479374333185619,20.226457649987424,22.557309619997977,23.152066564984853,0.0,0.0,0.0,0.0,3000,NEW_M7,24.666666666666668,33.233333333333334,7.333333333333333,0.0,0,1.0,1.0,60,Conditional on observed actual elimination; NA means absent/unavailable,256.0,-0.0
BOOKING_LATE,CPC-v2,512,False,60,0.9166666666666666,55,0.8193105798166558,0.9638795433982692,1.0,60,0.93982814785791,1.0,0.0,0,0.0,0.06017185214208986,0.31666666666666665,19,0.21305867552366523,0.44233767026176773,0.9166666666666666,55,0.8193105798166558,0.9638795433982692,1.0,60,0.93982814785791,1.0,259841.16037217976,466290.66022278956,60197.865384497505,139385.50996702057,380296.8107773389,46.32595358833205,3.4632934291027233,44.806836650008336,52.40947848997894,52.579428969982835,0.0009915080699159043,0.00022970444418793853,0.0005318705387695051,0.0014511456010623035,3000,NEW_M7,6.716666666666667,6.716666666666667,25.283333333333335,-0.08333333333333337,0,1.0,1.0,60,Conditional on observed actual elimination; NA means absent/unavailable,256.0,1.2149700928614862
BOOKING_LATE,CPC-v2,512,True,60,1.0,60,0.93982814785791,1.0,1.0,60,0.93982814785791,1.0,0.0,0,0.0,0.06017185214208986,0.8166666666666667,49,0.7008024625353194,0.8944220311080237,1.0,60,0.93982814785791,1.0,1.0,60,0.93982814785791,1.0,13722.484268078208,29206.80548935854,3770.5823752068327,6177.566362588255,21267.40217356816,20.52506703499918,1.406309322306013,20.216900100000203,22.667982959988876,22.966573565002182,5.236258132316409e-05,1.4387877763266512e-05,2.3572504418368844e-05,8.115265822795933e-05,3000,NEW_M7,25.533333333333335,35.61666666666667,6.466666666666667,0.0,0,1.0,1.0,60,Conditional on observed actual elimination; NA means absent/unavailable,256.0,0.4764105187520543
CAP_HIGH,CPC-v2,512,False,60,0.9333333333333333,56,0.8407464268680283,0.9737713012754938,1.0,60,0.93982814785791,1.0,0.0,0,0.0,0.06017185214208986,0.5833333333333334,35,0.45728081022640116,0.6993572144165838,0.85,51,0.7388541093022145,0.9190255941983225,1.0,60,0.93982814785791,1.0,449448.06098920404,599935.3854472346,77451.32522125557,294468.3171946604,604427.8047837476,46.500079591664935,3.7022674205705743,45.06421839998802,52.211684230004906,53.59044633498852,0.0017150145836808827,0.00029554060593233914,0.0011236391971728662,0.002306389970188899,3000,NEW_M7,6.883333333333334,6.883333333333334,25.116666666666667,-0.06666666666666665,0,1.0,1.0,60,Conditional on observed actual elimination; NA means absent/unavailable,256.0,1.2684009567952157
CAP_HIGH,CPC-v2,512,True,60,1.0,60,0.93982814785791,1.0,1.0,60,0.93982814785791,1.0,0.0,0,0.0,0.06017185214208986,1.0,60,0.93982814785791,1.0,1.0,60,0.93982814785791,1.0,1.0,60,0.93982814785791,1.0,0.0,0.0,0.0,0.0,0.0,20.894127245000952,1.2897630842303585,20.486501099992893,22.855074249999596,23.525974840013077,0.0,0.0,0.0,0.0,3000,NEW_M7,26.966666666666665,39.5,5.033333333333333,0.0,0,1.0,1.0,60,Conditional on observed actual elimination; NA means absent/unavailable,256.0,-0.0
CAP_LOW,CPC-v2,512,False,60,0.95,57,0.8629948352365147,0.9828504978356043,1.0,60,0.93982814785791,1.0,0.0,0,0.0,0.06017185214208986,0.36666666666666664,22,0.25620916687225426,0.49316999369896963,0.9,54,0.7985053527602123,0.9533571655261158,1.0,60,0.93982814785791,1.0,368722.5361622736,413831.7801427612,53425.453087476104,261818.4514619624,475626.6208625848,46.470901073335455,3.467783118568683,44.91702074999921,52.2591824900097,53.15998047500034,0.0014069802091443233,0.00020386211252779494,0.0009990530642088955,0.0018149073540797511,3000,NEW_M7,6.783333333333333,6.833333333333333,25.216666666666665,-0.050000000000000044,0,1.0,1.0,60,Conditional on observed actual elimination; NA means absent/unavailable,256.0,1.302620696094084
CAP_LOW,CPC-v2,512,True,60,1.0,60,0.93982814785791,1.0,1.0,60,0.93982814785791,1.0,0.0,0,0.0,0.06017185214208986,1.0,60,0.93982814785791,1.0,1.0,60,0.93982814785791,1.0,1.0,60,0.93982814785791,1.0,0.0,0.0,0.0,0.0,0.0,20.77266664666531,1.3547610423195033,20.38102689999505,22.726898019984947,23.264876279998862,0.0,0.0,0.0,0.0,3000,NEW_M7,26.45,37.833333333333336,5.55,0.0,0,1.0,1.0,60,Conditional on observed actual elimination; NA means absent/unavailable,256.0,-0.0
DISPERSION_HIGH,CPC-v2,512,False,60,0.9333333333333333,56,0.8407464268680283,0.9737713012754938,1.0,60,0.93982814785791,1.0,0.0,0,0.0,0.06017185214208986,0.31666666666666665,19,0.21305867552366523,0.44233767026176773,0.8,48,0.6821819419437211,0.8817149467710251,1.0,60,0.93982814785791,1.0,434296.7608644282,635461.3625033208,82037.70913778785,270139.6840507651,598453.8376780913,47.42269554666466,4.558387428630319,45.69283034998807,53.40788788000355,54.448608254993445,0.0016571998928831828,0.0003130414385889545,0.0010308054211165829,0.002283594364649783,3000,NEW_M7,6.016666666666667,6.016666666666667,25.983333333333334,-0.06666666666666665,0,1.0,1.0166666666666666,60,Conditional on observed actual elimination; NA means absent/unavailable,260.26666666666665,1.6500584282242878
DISPERSION_HIGH,CPC-v2,512,True,60,1.0,60,0.93982814785791,1.0,1.0,60,0.93982814785791,1.0,0.0,0,0.0,0.06017185214208986,0.5333333333333333,32,0.4089342702715789,0.6537209395856151,1.0,60,0.93982814785791,1.0,1.0,60,0.93982814785791,1.0,23076.971694091957,24878.512507481162,3211.8021539962488,16650.170428611524,29503.77295957239,21.43062454500032,2.037294446763011,20.9457640999899,23.403063799999654,23.731193130010794,8.805765657426943e-05,1.2255670926420017e-05,6.353411569513223e-05,0.00011258119745340664,3000,NEW_M7,24.55,32.8,7.45,0.0,0,1.0,1.0,60,Conditional on observed actual elimination; NA means absent/unavailable,256.0,0.6909233093138181
DISPERSION_LOW,CPC-v2,512,False,60,0.9,54,0.7985053527602123,0.9533571655261158,1.0,60,0.93982814785791,1.0,0.0,0,0.0,0.06017185214208986,0.5666666666666667,34,0.44103438776125564,0.6842760319531324,0.8,48,0.6821819419437211,0.8817149467710251,1.0,60,0.93982814785791,1.0,530841.3661570192,698608.9413157799,90190.02650758701,350371.5399656793,711311.192348359,46.372372015000046,3.898087115462411,44.86073875000875,52.37590325998899,52.954324554999765,0.0020255970902992495,0.00034414924479292066,0.0013369560420960476,0.002714238138502451,3000,NEW_M7,6.533333333333333,6.533333333333333,25.466666666666665,-0.09999999999999998,0,1.0,1.0,60,Conditional on observed actual elimination; NA means absent/unavailable,256.0,1.3824273117512829
DISPERSION_LOW,CPC-v2,512,True,60,1.0,60,0.93982814785791,1.0,1.0,60,0.93982814785791,1.0,0.0,0,0.0,0.06017185214208986,1.0,60,0.93982814785791,1.0,1.0,60,0.93982814785791,1.0,1.0,60,0.93982814785791,1.0,0.0,0.0,0.0,0.0,0.0,21.170706158334603,1.8611446113182761,20.69587959999626,22.955233350006164,23.48226168501569,0.0,0.0,0.0,0.0,3000,NEW_M7,27.016666666666666,40.1,4.983333333333333,0.0,0,1.0,1.0,60,Conditional on observed actual elimination; NA means absent/unavailable,256.0,-0.0
ETA_HIGH,CPC-v2,512,False,60,0.8333333333333334,50,0.7196838683638547,0.9068682302080855,1.0,60,0.93982814785791,1.0,0.0,0,0.0,0.06017185214208986,0.8333333333333334,50,0.7196838683638547,0.9068682302080855,0.9666666666666667,58,0.886362257256914,0.9908106807438021,1.0,60,0.93982814785791,1.0,270907.16442714236,611995.6986683831,79008.30496310734,112811.91136537629,429002.4174889084,46.48806174000056,4.078239980458811,44.8687299000012,52.67850692998327,54.20160845000791,0.0010337339909612918,0.0003014817662032155,0.00043047037021077015,0.0016369976117118134,3000,NEW_M7,18.0,19.966666666666665,14.0,-0.16666666666666663,0,1.0,1.0,60,Conditional on observed actual elimination; NA means absent/unavailable,256.0,0.5841976342901942
ETA_HIGH,CPC-v2,512,True,60,1.0,60,0.93982814785791,1.0,1.0,60,0.93982814785791,1.0,0.0,0,0.0,0.06017185214208986,1.0,60,0.93982814785791,1.0,1.0,60,0.93982814785791,1.0,1.0,60,0.93982814785791,1.0,0.0,0.0,0.0,0.0,0.0,21.566130993334323,2.164316082515112,20.881088800015277,24.287617709994084,25.998022720016888,0.0,0.0,0.0,0.0,3000,NEW_M7,28.85,46.266666666666666,3.15,0.0,0,1.0,1.0,60,Conditional on observed actual elimination; NA means absent/unavailable,256.0,-0.0
ETA_LOW,CPC-v2,512,False,60,1.0,60,0.93982814785791,1.0,1.0,60,0.93982814785791,1.0,0.0,0,0.0,0.06017185214208986,1.0,60,0.93982814785791,1.0,1.0,60,0.93982814785791,1.0,1.0,60,0.93982814785791,1.0,0.0,0.0,0.0,0.0,0.0,46.49653638666738,4.008389639476232,44.79588474999764,53.01080591999344,53.74229970001324,0.0,0.0,0.0,0.0,3000,NEW_M7,26.466666666666665,39.016666666666666,5.533333333333333,0.0,0,1.0,1.0,60,Conditional on observed actual elimination; NA means absent/unavailable,256.0,-0.0
ETA_LOW,CPC-v2,512,True,60,1.0,60,0.93982814785791,1.0,1.0,60,0.93982814785791,1.0,0.0,0,0.0,0.06017185214208986,1.0,60,0.93982814785791,1.0,1.0,60,0.93982814785791,1.0,1.0,60,0.93982814785791,1.0,0.0,0.0,0.0,0.0,0.0,24.563187964999816,2.3588382237725103,23.87382224999601,27.33333292999014,27.68630283999082,0.0,0.0,0.0,0.0,3000,NEW_M7,31.0,57.0,1.0,0.0,0,1.0,1.0,60,Conditional on observed actual elimination; NA means absent/unavailable,256.0,-0.0
