policy_id,nref,mean_revenue,std,standard_error,rank,regret_vs_plugin_best,paired_gap_mcse_vs_plugin_best,epsilon_optimal_plugin,epsilon_boundary_distance_mcse,epsilon_fraction,epsilon
HYB_08,20000,268678399.50079864,4388626.822887009,31032.27786560577,1,0.0,0.0,True,,0.0025,655166.529290625
HYB_06,20000,268143210.39003772,4614015.138684677,32626.013930613237,2,535189.1107608974,3892.1268924268,True,30.825669831879473,0.0025,655166.529290625
VEL_06,20000,267788929.3804133,4603872.692144607,32554.29600335018,3,889470.1203853488,4285.479154488512,False,54.673837544938145,0.0025,655166.529290625
HYB_07,20000,267481912.5311216,4378883.835319306,30963.384539824383,4,1196486.9696770608,1929.9519159153592,False,280.48390010260556,0.0025,655166.529290625
HYB_04,20000,266930072.4402596,4224565.248993681,29872.187351284672,5,1748327.0605390668,3065.982226932262,False,356.54496677961123,0.0025,655166.529290625
VEL_05,20000,266907280.2257156,4525763.407044989,32001.97995167445,6,1771119.275083065,2229.765716357538,False,500.4798206402683,0.0025,655166.529290625
VEL_04,20000,266017862.1758597,4458131.597330892,31523.75083894689,7,2660537.324938923,1287.948004180672,False,1557.0277597689317,0.0025,655166.529290625
HYB_03,20000,265968483.08843413,4273605.818669412,30218.95654499428,8,2709916.4123645127,4026.076590313025,False,510.36035628774073,0.0025,655166.529290625
HYB_02,20000,265220753.86514032,4261413.632190019,30132.744767623582,9,3457645.635658324,4246.851797523898,False,659.8956685989533,0.0025,655166.529290625
HYB_05,20000,264767824.59115112,4118494.101219436,29122.151072490586,10,3910574.909647525,4977.399966135918,False,654.0379319534886,0.0025,655166.529290625
VEL_03,20000,264705944.5575793,4364669.000159219,30862.87047647292,11,3972454.943219334,2757.7140716613776,False,1202.9123860292802,0.0025,655166.529290625
INV_06,20000,264594218.60783568,4012315.370466799,28371.354067160883,12,4084180.8929629615,7186.49616561814,False,477.1468994970782,0.0025,655166.529290625
STATIC_115,20000,264339341.1236016,4667560.080403556,33004.633844489814,13,4339058.377197087,5528.17890655017,False,666.3843392516713,0.0025,655166.529290625
TIME_HIGH_EARLY_NORMALIZE,20000,264301033.3558183,4404963.313999641,31147.79430207113,14,4377366.144980341,4428.92930171409,False,840.4287723105324,0.0025,655166.529290625
HYB_01,20000,264114091.32758915,4204756.300186586,29732.11693098793,15,4564308.173209488,5102.360767911283,False,766.1437169444059,0.0025,655166.529290625
VEL_02,20000,263507985.74883413,4281809.813590894,30276.96754941228,16,5170413.7519645095,4532.058107538264,False,996.2906731411017,0.0025,655166.529290625
STATIC_130,20000,263247597.5508844,4990785.679523431,35290.183974397296,17,5430801.949914277,8793.268934525582,False,543.1012580398587,0.0025,655166.529290625
VEL_01,20000,262785000.6326807,4232935.300291806,29931.37255160251,18,5893398.8681179285,5559.82736688599,False,942.1573716525646,0.0025,655166.529290625
TIME_MILD_INCREASE,20000,262761073.52937785,4358571.103340257,30819.75183455628,19,5917325.9714208245,5843.88470702751,False,900.4557252476659,0.0025,655166.529290625
TIME_MODERATE_INCREASE,20000,262513039.1744388,4612194.393438577,32613.13931750993,20,6165360.326359838,6366.845432203696,False,865.4511650618197,0.0025,655166.529290625
STATIC_100,20000,261964591.04835936,4178978.663648584,29549.841514998097,21,6713808.452439278,6676.700452074279,False,907.4305439697222,0.0025,655166.529290625
INV_03,20000,261880429.79678303,4080715.31435524,28855.014708723844,22,6797969.704015583,7328.347214376008,False,838.2249087044661,0.0025,655166.529290625
INV_01,20000,261874668.94550675,4033853.23137576,28523.649742170677,23,6803730.555291891,7634.763101801576,False,805.3378924816133,0.0025,655166.529290625
INV_02,20000,261802152.3082688,4030648.3246245375,28500.98762920208,24,6876247.192529887,7683.365283623202,False,809.6817518879724,0.0025,655166.529290625
TIME_FLAT_THEN_SURGE,20000,261265703.6663953,4599760.49118385,32525.218351500647,25,7412695.834403336,6878.173120836004,False,982.4599041629488,0.0025,655166.529290625
TIME_LATE_SURGE,20000,261056122.111932,4694355.581107048,33194.1066470171,26,7622277.388866663,7377.665658310657,False,944.3516665366715,0.0025,655166.529290625
TIME_EARLY_DISCOUNT,20000,256248109.70990476,3853948.558868213,27251.53160319836,27,12430289.790893912,11491.743241648595,False,1024.659445829564,0.0025,655166.529290625
INV_05,20000,255605819.60553625,3363451.593877284,23783.19430223329,28,13072579.89526242,13158.834687128998,False,943.6560045942057,0.0025,655166.529290625
INV_07,20000,254422996.77484584,3313975.9350667936,23433.348563747597,29,14255402.725952804,13568.436251383606,False,1002.3436706109246,0.0025,655166.529290625
STATIC_085,20000,253396117.6901086,3511755.651202983,24831.862348358096,30,15282281.810690043,13266.97640927755,False,1102.5206369682492,0.0025,655166.529290625
INV_08,20000,249661188.11835116,3097628.080348377,21903.53821208205,31,19017211.38244751,15495.023685628335,False,1185.0285114560825,0.0025,655166.529290625
INV_04,20000,246387115.8796721,2983421.575515786,21095.97627185466,32,22291283.621126533,16670.75893717884,False,1297.8483567165865,0.0025,655166.529290625
HYB_08,20000,268678399.50079864,4388626.822887009,31032.27786560577,1,0.0,0.0,True,,0.005,1310333.05858125
HYB_06,20000,268143210.39003772,4614015.138684677,32626.013930613237,2,535189.1107608974,3892.1268924268,True,199.15690552859613,0.005,1310333.05858125
VEL_06,20000,267788929.3804133,4603872.692144607,32554.29600335018,3,889470.1203853488,4285.479154488512,True,98.20674025566058,0.005,1310333.05858125
HYB_07,20000,267481912.5311216,4378883.835319306,30963.384539824383,4,1196486.9696770608,1929.9519159153592,True,58.98908048711306,0.005,1310333.05858125
HYB_04,20000,266930072.4402596,4224565.248993681,29872.187351284672,5,1748327.0605390668,3065.982226932262,False,142.85601465996155,0.005,1310333.05858125
VEL_05,20000,266907280.2257156,4525763.407044989,32001.97995167445,6,1771119.275083065,2229.765716357538,False,206.65230123572718,0.005,1310333.05858125
VEL_04,20000,266017862.1758597,4458131.597330892,31523.75083894689,7,2660537.324938923,1287.948004180672,False,1048.337558639726,0.005,1310333.05858125
HYB_03,20000,265968483.08843413,4273605.818669412,30218.95654499428,8,2709916.4123645127,4026.076590313025,False,347.62958984703414,0.005,1310333.05858125
HYB_02,20000,265220753.86514032,4261413.632190019,30132.744767623582,9,3457645.635658324,4246.851797523898,False,505.62456131128755,0.005,1310333.05858125
HYB_05,20000,264767824.59115112,4118494.101219436,29122.151072490586,10,3910574.909647525,4977.399966135918,False,522.409665439225,0.005,1310333.05858125
VEL_03,20000,264705944.5575793,4364669.000159219,30862.87047647292,11,3972454.943219334,2757.7140716613776,False,965.3364400589564,0.005,1310333.05858125
INV_06,20000,264594218.60783568,4012315.370466799,28371.354067160883,12,4084180.8929629615,7186.49616561814,False,385.98056277444925,0.005,1310333.05858125
STATIC_115,20000,264339341.1236016,4667560.080403556,33004.633844489814,13,4339058.377197087,5528.17890655017,False,547.8703511254299,0.005,1310333.05858125
TIME_HIGH_EARLY_NORMALIZE,20000,264301033.3558183,4404963.313999641,31147.79430207113,14,4377366.144980341,4428.92930171409,False,692.4998972578055,0.005,1310333.05858125
HYB_01,20000,264114091.32758915,4204756.300186586,29732.11693098793,15,4564308.173209488,5102.360767911283,False,637.7391295206857,0.005,1310333.05858125
VEL_02,20000,263507985.74883413,4281809.813590894,30276.96754941228,16,5170413.7519645095,4532.058107538264,False,851.7279791630891,0.005,1310333.05858125
STATIC_130,20000,263247597.5508844,4990785.679523431,35290.183974397296,17,5430801.949914277,8793.268934525582,False,468.59352557210696,0.005,1310333.05858125
VEL_01,20000,262785000.6326807,4232935.300291806,29931.37255160251,18,5893398.8681179285,5559.82736688599,False,824.3180061368728,0.005,1310333.05858125
TIME_MILD_INCREASE,20000,262761073.52937785,4358571.103340257,30819.75183455628,19,5917325.9714208245,5843.88470702751,False,788.344251093708,0.005,1310333.05858125
TIME_MODERATE_INCREASE,20000,262513039.1744388,4612194.393438577,32613.13931750993,20,6165360.326359838,6366.845432203696,False,762.548316819773,0.005,1310333.05858125
STATIC_100,20000,261964591.04835936,4178978.663648584,29549.841514998097,21,6713808.452439278,6676.700452074279,False,809.3032528034573,0.005,1310333.05858125
INV_03,20000,261880429.79678303,4080715.31435524,28855.014708723844,22,6797969.704015583,7328.347214376008,False,748.8232318836154,0.005,1310333.05858125
INV_01,20000,261874668.94550675,4033853.23137576,28523.649742170677,23,6803730.555291891,7634.763101801576,False,719.5242895505643,0.005,1310333.05858125
INV_02,20000,261802152.3082688,4030648.3246245375,28500.98762920208,24,6876247.192529887,7683.365283623202,False,724.4109746821707,0.005,1310333.05858125
TIME_FLAT_THEN_SURGE,20000,261265703.6663953,4599760.49118385,32525.218351500647,25,7412695.834403336,6878.173120836004,False,887.2069179730646,0.005,1310333.05858125
TIME_LATE_SURGE,20000,261056122.111932,4694355.581107048,33194.1066470171,26,7622277.388866663,7377.665658310657,False,855.5476247660058,0.005,1310333.05858125
TIME_EARLY_DISCOUNT,20000,256248109.70990476,3853948.558868213,27251.53160319836,27,12430289.790893912,11491.743241648595,False,967.6475099105506,0.005,1310333.05858125
INV_05,20000,255605819.60553625,3363451.593877284,23783.19430223329,28,13072579.89526242,13158.834687128998,False,893.8669051132722,0.005,1310333.05858125
INV_07,20000,254422996.77484584,3313975.9350667936,23433.348563747597,29,14255402.725952804,13568.436251383606,False,954.0575956976262,0.005,1310333.05858125
STATIC_085,20000,253396117.6901086,3511755.651202983,24831.862348358096,30,15282281.810690043,13266.97640927755,False,1053.1373781849993,0.005,1310333.05858125
INV_08,20000,249661188.11835116,3097628.080348377,21903.53821208205,31,19017211.38244751,15495.023685628335,False,1142.7461282482209,0.005,1310333.05858125
INV_04,20000,246387115.8796721,2983421.575515786,21095.97627185466,32,22291283.621126533,16670.75893717884,False,1258.5480146170144,0.005,1310333.05858125
HYB_08,20000,268678399.50079864,4388626.822887009,31032.27786560577,1,0.0,0.0,True,,0.01,2620666.1171625
HYB_06,20000,268143210.39003772,4614015.138684677,32626.013930613237,2,535189.1107608974,3892.1268924268,True,535.8193769220294,0.01,2620666.1171625
VEL_06,20000,267788929.3804133,4603872.692144607,32554.29600335018,3,889470.1203853488,4285.479154488512,True,403.96789585685804,0.01,2620666.1171625
HYB_07,20000,267481912.5311216,4378883.835319306,30963.384539824383,4,1196486.9696770608,1929.9519159153592,True,737.9350416665503,0.01,2620666.1171625
HYB_04,20000,266930072.4402596,4224565.248993681,29872.187351284672,5,1748327.0605390668,3065.982226932262,True,284.52188957933777,0.01,2620666.1171625
VEL_05,20000,266907280.2257156,4525763.407044989,32001.97995167445,6,1771119.275083065,2229.765716357538,True,381.002737573355,0.01,2620666.1171625
VEL_04,20000,266017862.1758597,4458131.597330892,31523.75083894689,7,2660537.324938923,1287.948004180672,False,30.95715638131459,0.01,2620666.1171625
HYB_03,20000,265968483.08843413,4273605.818669412,30218.95654499428,8,2709916.4123645127,4026.076590313025,False,22.168056965621084,0.01,2620666.1171625
HYB_02,20000,265220753.86514032,4261413.632190019,30132.744767623582,9,3457645.635658324,4246.851797523898,False,197.0823467359563,0.01,2620666.1171625
HYB_05,20000,264767824.59115112,4118494.101219436,29122.151072490586,10,3910574.909647525,4977.399966135918,False,259.15313241069794,0.01,2620666.1171625
VEL_03,20000,264705944.5575793,4364669.000159219,30862.87047647292,11,3972454.943219334,2757.7140716613776,False,490.1845481183088,0.01,2620666.1171625
INV_06,20000,264594218.60783568,4012315.370466799,28371.354067160883,12,4084180.8929629615,7186.49616561814,False,203.6478893291914,0.01,2620666.1171625
STATIC_115,20000,264339341.1236016,4667560.080403556,33004.633844489814,13,4339058.377197087,5528.17890655017,False,310.8423748729471,0.01,2620666.1171625
TIME_HIGH_EARLY_NORMALIZE,20000,264301033.3558183,4404963.313999641,31147.79430207113,14,4377366.144980341,4428.92930171409,False,396.6421471523514,0.01,2620666.1171625
HYB_01,20000,264114091.32758915,4204756.300186586,29732.11693098793,15,4564308.173209488,5102.360767911283,False,380.92995467324494,0.01,2620666.1171625
VEL_02,20000,263507985.74883413,4281809.813590894,30276.96754941228,16,5170413.7519645095,4532.058107538264,False,562.6025912070638,0.01,2620666.1171625
STATIC_130,20000,263247597.5508844,4990785.679523431,35290.183974397296,17,5430801.949914277,8793.268934525582,False,319.5780606366033,0.01,2620666.1171625
VEL_01,20000,262785000.6326807,4232935.300291806,29931.37255160251,18,5893398.8681179285,5559.82736688599,False,588.6392751054889,0.01,2620666.1171625
TIME_MILD_INCREASE,20000,262761073.52937785,4358571.103340257,30819.75183455628,19,5917325.9714208245,5843.88470702751,False,564.1213027857918,0.01,2620666.1171625
TIME_MODERATE_INCREASE,20000,262513039.1744388,4612194.393438577,32613.13931750993,20,6165360.326359838,6366.845432203696,False,556.7426203356796,0.01,2620666.1171625
STATIC_100,20000,261964591.04835936,4178978.663648584,29549.841514998097,21,6713808.452439278,6676.700452074279,False,613.0486704709276,0.01,2620666.1171625
INV_03,20000,261880429.79678303,4080715.31435524,28855.014708723844,22,6797969.704015583,7328.347214376008,False,570.0198782419142,0.01,2620666.1171625
INV_01,20000,261874668.94550675,4033853.23137576,28523.649742170677,23,6803730.555291891,7634.763101801576,False,547.8970836884661,0.01,2620666.1171625
INV_02,20000,261802152.3082688,4030648.3246245375,28500.98762920208,24,6876247.192529887,7683.365283623202,False,553.8694202705675,0.01,2620666.1171625
TIME_FLAT_THEN_SURGE,20000,261265703.6663953,4599760.49118385,32525.218351500647,25,7412695.834403336,6878.173120836004,False,696.7009455932961,0.01,2620666.1171625
TIME_LATE_SURGE,20000,261056122.111932,4694355.581107048,33194.1066470171,26,7622277.388866663,7377.665658310657,False,677.9395412246746,0.01,2620666.1171625
TIME_EARLY_DISCOUNT,20000,256248109.70990476,3853948.558868213,27251.53160319836,27,12430289.790893912,11491.743241648595,False,853.6236380725238,0.01,2620666.1171625
INV_05,20000,255605819.60553625,3363451.593877284,23783.19430223329,28,13072579.89526242,13158.834687128998,False,794.2887061514051,0.01,2620666.1171625
INV_07,20000,254422996.77484584,3313975.9350667936,23433.348563747597,29,14255402.725952804,13568.436251383606,False,857.485445871029,0.01,2620666.1171625
STATIC_085,20000,253396117.6901086,3511755.651202983,24831.862348358096,30,15282281.810690043,13266.97640927755,False,954.3708606184994,0.01,2620666.1171625
INV_08,20000,249661188.11835116,3097628.080348377,21903.53821208205,31,19017211.38244751,15495.023685628335,False,1058.1813618324984,0.01,2620666.1171625
INV_04,20000,246387115.8796721,2983421.575515786,21095.97627185466,32,22291283.621126533,16670.75893717884,False,1179.9473304178707,0.01,2620666.1171625
