scenario,contrast,metric,effect,ci_low,ci_high,interval,n_new,n_comparator
BASELINE,CPC-v2 minus SH OFF,PGS,-0.07999999999999996,-0.11760163838543719,-0.04806359935996906,Independent Newcombe-Wilson 95%,300,300
BASELINE,CPC-v2 minus SH OFF,preservation,1.0,0.9821201386255541,1.0,Independent Newcombe-Wilson 95%,300,300
BASELINE,CPC-v2 minus SH OFF,EOC,320228.9650402678,243399.4219348596,397058.508145676,Independent Welch 95%,300,300
BASELINE,CPC-v2 minus SH OFF,nEOC,0.001221937288932451,0.0009287692939625515,0.0015151052839023505,Independent Welch 95%,300,300
BASELINE,CPC-v2 minus SH OFF,mean_eliminated,-24.18,-24.418570743187452,-23.941429256812548,Independent Welch 95%,300,300
BASELINE,CPC-v2 ON minus OFF,PGS,0.08666666666666667,0.05700000904806202,0.12395595869424836,Independent Newcombe-Wilson 95%,300,300
BASELINE,CPC-v2 ON minus OFF,preservation,0.0,-0.012642971224546162,0.012642971224546162,Independent Newcombe-Wilson 95%,300,300
BASELINE,CPC-v2 ON minus OFF,EOC,-521862.1157470406,-588120.3209742446,-455603.9105198366,Independent Welch 95%,300,300
BASELINE,CPC-v2 ON minus OFF,nEOC,-0.00199133385336428,-0.0022441634862323707,-0.001738504220496189,Independent Welch 95%,300,300
BASELINE,CPC-v2 ON minus OFF,mean_eliminated,19.896666666666665,19.64567672589673,20.1476566074366,Independent Welch 95%,300,300
BOOKING_EARLY,CPC-v2 minus SH OFF,PGS,-0.016666666666666607,-0.09813442471513022,0.059164286997275495,Independent Newcombe-Wilson 95%,60,60
BOOKING_EARLY,CPC-v2 minus SH OFF,preservation,1.0,0.9149041506275479,1.0,Independent Newcombe-Wilson 95%,60,60
BOOKING_EARLY,CPC-v2 minus SH OFF,EOC,242731.85483493906,75920.52347604683,409543.18619383126,Independent Welch 95%,60,60
BOOKING_EARLY,CPC-v2 minus SH OFF,nEOC,0.0009262219755706784,0.0002896993362826734,0.0015627446148586833,Independent Welch 95%,60,60
BOOKING_EARLY,CPC-v2 minus SH OFF,mean_eliminated,-25.666666666666668,-26.139104512383206,-25.19422882095013,Independent Welch 95%,60,60
BOOKING_EARLY,CPC-v2 ON minus OFF,PGS,0.033333333333333326,-0.03150172821492504,0.11363774274308602,Independent Newcombe-Wilson 95%,60,60
BOOKING_EARLY,CPC-v2 ON minus OFF,preservation,0.0,-0.06017185214208998,0.06017185214208998,Independent Newcombe-Wilson 95%,60,60
BOOKING_EARLY,CPC-v2 ON minus OFF,EOC,-534662.88800453,-659792.7185882877,-409533.0574207723,Independent Welch 95%,60,60
BOOKING_EARLY,CPC-v2 ON minus OFF,nEOC,-0.002040179344110538,-0.0025176527229751476,-0.0015627059652459278,Independent Welch 95%,60,60
BOOKING_EARLY,CPC-v2 ON minus OFF,mean_eliminated,19.333333333333336,18.821008709729934,19.845657956936737,Independent Welch 95%,60,60
BOOKING_LATE,CPC-v2 minus SH OFF,PGS,-0.08333333333333337,-0.18068942018334422,-0.006849952658293662,Independent Newcombe-Wilson 95%,60,60
BOOKING_LATE,CPC-v2 minus SH OFF,preservation,1.0,0.9149041506275479,1.0,Independent Newcombe-Wilson 95%,60,60
BOOKING_LATE,CPC-v2 minus SH OFF,EOC,180223.78756105405,50093.669687455214,310353.9054346529,Independent Welch 95%,60,60
BOOKING_LATE,CPC-v2 minus SH OFF,nEOC,0.0006877022081553431,0.00019114861431372883,0.0011842558019969575,Independent Welch 95%,60,60
BOOKING_LATE,CPC-v2 minus SH OFF,mean_eliminated,-24.28333333333333,-24.763901057297076,-23.802765609369587,Independent Welch 95%,60,60
BOOKING_LATE,CPC-v2 ON minus OFF,PGS,0.08333333333333337,0.006849952658293662,0.18068942018334422,Independent Newcombe-Wilson 95%,60,60
BOOKING_LATE,CPC-v2 ON minus OFF,preservation,0.0,-0.06017185214208998,0.06017185214208998,Independent Newcombe-Wilson 95%,60,60
BOOKING_LATE,CPC-v2 ON minus OFF,EOC,-246118.67610410156,-366790.7314625385,-125446.62074566462,Independent Welch 95%,60,60
BOOKING_LATE,CPC-v2 ON minus OFF,nEOC,-0.0009391454885927402,-0.0013996087828985918,-0.00047868219428688874,Independent Welch 95%,60,60
BOOKING_LATE,CPC-v2 ON minus OFF,mean_eliminated,18.81666666666667,18.210686049183728,19.422647284149612,Independent Welch 95%,60,60
CAP_HIGH,CPC-v2 minus SH OFF,PGS,-0.06666666666666665,-0.15925357313197175,0.005830788747304513,Independent Newcombe-Wilson 95%,60,60
CAP_HIGH,CPC-v2 minus SH OFF,preservation,1.0,0.9149041506275479,1.0,Independent Newcombe-Wilson 95%,60,60
CAP_HIGH,CPC-v2 minus SH OFF,EOC,308427.1864665488,135095.13147269527,481759.2414604024,Independent Welch 95%,60,60
CAP_HIGH,CPC-v2 minus SH OFF,nEOC,0.0011769037820067493,0.0005154992106318686,0.0018383083533816298,Independent Welch 95%,60,60
CAP_HIGH,CPC-v2 minus SH OFF,mean_eliminated,-24.116666666666667,-24.665366570571948,-23.567966762761387,Independent Welch 95%,60,60
CAP_HIGH,CPC-v2 ON minus OFF,PGS,0.06666666666666665,-0.005830788747304513,0.15925357313197175,Independent Newcombe-Wilson 95%,60,60
CAP_HIGH,CPC-v2 ON minus OFF,preservation,0.0,-0.06017185214208998,0.06017185214208998,Independent Newcombe-Wilson 95%,60,60
CAP_HIGH,CPC-v2 ON minus OFF,EOC,-449448.06098920404,-604427.8047837476,-294468.3171946604,Independent Welch 95%,60,60
CAP_HIGH,CPC-v2 ON minus OFF,nEOC,-0.0017150145836808829,-0.0023063899701888995,-0.0011236391971728662,Independent Welch 95%,60,60
CAP_HIGH,CPC-v2 ON minus OFF,mean_eliminated,20.083333333333332,19.517850610099195,20.64881605656747,Independent Welch 95%,60,60
CAP_LOW,CPC-v2 minus SH OFF,PGS,-0.033333333333333326,-0.12141338854627613,0.04570181913614109,Independent Newcombe-Wilson 95%,60,60
CAP_LOW,CPC-v2 minus SH OFF,preservation,1.0,0.9149041506275479,1.0,Independent Newcombe-Wilson 95%,60,60
CAP_LOW,CPC-v2 minus SH OFF,EOC,169342.49674099288,38470.10137819454,300214.89210379124,Independent Welch 95%,60,60
CAP_LOW,CPC-v2 minus SH OFF,nEOC,0.0006461811202578782,0.00014679512634691364,0.001145567114168843,Independent Welch 95%,60,60
CAP_LOW,CPC-v2 minus SH OFF,mean_eliminated,-24.21666666666667,-24.872420731822587,-23.56091260151075,Independent Welch 95%,60,60
CAP_LOW,CPC-v2 ON minus OFF,PGS,0.050000000000000044,-0.018555138379676372,0.13700516476348534,Independent Newcombe-Wilson 95%,60,60
CAP_LOW,CPC-v2 ON minus OFF,preservation,0.0,-0.06017185214208998,0.06017185214208998,Independent Newcombe-Wilson 95%,60,60
CAP_LOW,CPC-v2 ON minus OFF,EOC,-368722.5361622736,-475626.62086258485,-261818.45146196237,Independent Welch 95%,60,60
CAP_LOW,CPC-v2 ON minus OFF,nEOC,-0.0014069802091443231,-0.0018149073540797511,-0.0009990530642088951,Independent Welch 95%,60,60
CAP_LOW,CPC-v2 ON minus OFF,mean_eliminated,19.666666666666664,18.988347775236708,20.34498555809662,Independent Welch 95%,60,60
DISPERSION_HIGH,CPC-v2 minus SH OFF,PGS,-0.06666666666666665,-0.15925357313197175,0.005830788747304513,Independent Newcombe-Wilson 95%,60,60
DISPERSION_HIGH,CPC-v2 minus SH OFF,preservation,1.0,0.9149041506275479,1.0,Independent Newcombe-Wilson 95%,60,60
DISPERSION_HIGH,CPC-v2 minus SH OFF,EOC,346706.5728134766,171917.07666084138,521496.06896611187,Independent Welch 95%,60,60
DISPERSION_HIGH,CPC-v2 minus SH OFF,nEOC,0.0013229711734086512,0.0006560052634518085,0.001989937083365494,Independent Welch 95%,60,60
DISPERSION_HIGH,CPC-v2 minus SH OFF,mean_eliminated,-24.983333333333334,-25.490022290387127,-24.47664437627954,Independent Welch 95%,60,60
DISPERSION_HIGH,CPC-v2 ON minus OFF,PGS,0.06666666666666665,-0.005830788747304513,0.15925357313197175,Independent Newcombe-Wilson 95%,60,60
DISPERSION_HIGH,CPC-v2 ON minus OFF,preservation,0.0,-0.06017185214208998,0.06017185214208998,Independent Newcombe-Wilson 95%,60,60
DISPERSION_HIGH,CPC-v2 ON minus OFF,EOC,-411219.7891703362,-575492.11917495,-246947.45916572242,Independent Welch 95%,60,60
DISPERSION_HIGH,CPC-v2 ON minus OFF,nEOC,-0.0015691422363089136,-0.0021959764939383365,-0.0009423079786794906,Independent Welch 95%,60,60
DISPERSION_HIGH,CPC-v2 ON minus OFF,mean_eliminated,18.533333333333335,17.765605123055735,19.301061543610935,Independent Welch 95%,60,60
DISPERSION_LOW,CPC-v2 minus SH OFF,PGS,-0.09999999999999998,-0.20149464723978772,-0.01957836794001963,Independent Newcombe-Wilson 95%,60,60
DISPERSION_LOW,CPC-v2 minus SH OFF,preservation,1.0,0.9149041506275479,1.0,Independent Newcombe-Wilson 95%,60,60
DISPERSION_LOW,CPC-v2 minus SH OFF,EOC,329559.46886556153,126468.31269760398,532650.6250335191,Independent Welch 95%,60,60
DISPERSION_LOW,CPC-v2 minus SH OFF,nEOC,0.0012575408469904159,0.0004825807906981153,0.0020325009032827164,Independent Welch 95%,60,60
DISPERSION_LOW,CPC-v2 minus SH OFF,mean_eliminated,-24.46666666666667,-24.836509720382566,-24.09682361295077,Independent Welch 95%,60,60
DISPERSION_LOW,CPC-v2 ON minus OFF,PGS,0.09999999999999998,0.01957836794001963,0.20149464723978772,Independent Newcombe-Wilson 95%,60,60
DISPERSION_LOW,CPC-v2 ON minus OFF,preservation,0.0,-0.06017185214208998,0.06017185214208998,Independent Newcombe-Wilson 95%,60,60
DISPERSION_LOW,CPC-v2 ON minus OFF,EOC,-530841.3661570192,-711311.192348359,-350371.5399656793,Independent Welch 95%,60,60
DISPERSION_LOW,CPC-v2 ON minus OFF,nEOC,-0.002025597090299249,-0.0027142381385024507,-0.0013369560420960472,Independent Welch 95%,60,60
DISPERSION_LOW,CPC-v2 ON minus OFF,mean_eliminated,20.483333333333334,20.101029546286192,20.865637120380477,Independent Welch 95%,60,60
ETA_HIGH,CPC-v2 minus SH OFF,PGS,-0.1333333333333333,-0.24951910829569984,-0.024447249608049088,Independent Newcombe-Wilson 95%,60,60
ETA_HIGH,CPC-v2 minus SH OFF,preservation,0.033333333333333326,-0.03150172821492504,0.11363774274308602,Independent Newcombe-Wilson 95%,60,60
ETA_HIGH,CPC-v2 minus SH OFF,EOC,218681.11247299018,45488.85016017925,391873.3747858011,Independent Welch 95%,60,60
ETA_HIGH,CPC-v2 minus SH OFF,nEOC,0.0008344485817589191,0.00017357743461586712,0.001495319728901971,Independent Welch 95%,60,60
ETA_HIGH,CPC-v2 minus SH OFF,mean_eliminated,-13.0,-13.965401702430853,-12.034598297569147,Independent Welch 95%,60,60
ETA_HIGH,CPC-v2 ON minus OFF,PGS,0.16666666666666663,0.0716507056464782,0.2803161316361453,Independent Newcombe-Wilson 95%,60,60
ETA_HIGH,CPC-v2 ON minus OFF,preservation,0.0,-0.06017185214208998,0.06017185214208998,Independent Newcombe-Wilson 95%,60,60
ETA_HIGH,CPC-v2 ON minus OFF,EOC,-270907.16442714236,-429002.4174889084,-112811.91136537629,Independent Welch 95%,60,60
ETA_HIGH,CPC-v2 ON minus OFF,nEOC,-0.0010337339909612918,-0.0016369976117118134,-0.00043047037021077,Independent Welch 95%,60,60
ETA_HIGH,CPC-v2 ON minus OFF,mean_eliminated,10.850000000000001,9.863452551394714,11.83654744860529,Independent Welch 95%,60,60
ETA_LOW,CPC-v2 minus SH OFF,PGS,0.0,-0.06017185214208998,0.06017185214208998,Independent Newcombe-Wilson 95%,60,60
ETA_LOW,CPC-v2 minus SH OFF,preservation,0.0,-0.06017185214208998,0.06017185214208998,Independent Newcombe-Wilson 95%,60,60
ETA_LOW,CPC-v2 minus SH OFF,EOC,0.0,0.0,0.0,Independent Welch 95%,60,60
ETA_LOW,CPC-v2 minus SH OFF,nEOC,0.0,0.0,0.0,Independent Welch 95%,60,60
ETA_LOW,CPC-v2 minus SH OFF,mean_eliminated,-4.533333333333335,-5.396640196144848,-3.6700264705218224,Independent Welch 95%,60,60
ETA_LOW,CPC-v2 ON minus OFF,PGS,0.0,-0.06017185214208998,0.06017185214208998,Independent Newcombe-Wilson 95%,60,60
ETA_LOW,CPC-v2 ON minus OFF,preservation,0.0,-0.06017185214208998,0.06017185214208998,Independent Newcombe-Wilson 95%,60,60
ETA_LOW,CPC-v2 ON minus OFF,EOC,0.0,0.0,0.0,Independent Welch 95%,60,60
ETA_LOW,CPC-v2 ON minus OFF,nEOC,0.0,0.0,0.0,Independent Welch 95%,60,60
ETA_LOW,CPC-v2 ON minus OFF,mean_eliminated,4.533333333333335,3.6700264705218224,5.396640196144848,Independent Welch 95%,60,60
