policy_id,nref,mean_revenue,std,standard_error,rank,regret_vs_plugin_best,paired_gap_mcse_vs_plugin_best,epsilon_optimal_plugin,epsilon_boundary_distance_mcse,scenario,baseline_rank,rank_difference
HYB_01,3000,262903082.59897074,4151320.909741404,75792.40352360782,15,4439312.11000073,12765.13561776675,False,245.1191389666483,BOOKING_EARLY,15,0
HYB_02,3000,263469880.59618008,4166328.3020740096,76066.39976727108,13,3872514.112791389,11506.385655908414,False,222.6747069697325,BOOKING_EARLY,9,4
HYB_03,3000,263541423.13563418,4138872.6772784935,75565.13093290768,11,3800971.5733372867,12371.16003328395,False,201.3261899494555,BOOKING_EARLY,8,3
HYB_04,3000,266635202.8624125,4234063.5556248715,77303.07064420906,2,707191.8465589583,6849.582314020267,True,88.05518123166935,BOOKING_EARLY,5,-3
HYB_05,3000,265489904.79099533,4204333.727401069,76760.28072591139,7,1852489.917976141,10836.87752841727,False,50.02888128736407,BOOKING_EARLY,10,-3
HYB_06,3000,266174025.15367436,4469586.527899741,81603.11213506272,5,1168369.5552971065,7843.467904442364,True,18.09958362980469,BOOKING_EARLY,2,3
HYB_07,3000,266564732.51461482,4342919.941075536,79290.50723886926,3,777662.1943566501,5580.753472457891,True,95.447839947318,BOOKING_EARLY,4,-1
HYB_08,3000,267342394.70897147,4319833.4755279785,78869.00797375382,1,0.0,0.0,True,,BOOKING_EARLY,1,0
INV_01,3000,261507513.0523378,4044252.055568669,73837.60263571989,19,5834881.656633675,17643.40961642586,False,256.44411689224233,BOOKING_EARLY,23,-4
INV_02,3000,261371548.52172238,4037795.7019820814,73719.72628576643,21,5970846.187249094,17837.481389657845,False,261.27641155494103,BOOKING_EARLY,24,-3
INV_03,3000,261232980.15639737,4068931.5895589767,74288.18721822678,22,6109414.552574098,17293.440821573822,False,277.50877014630447,BOOKING_EARLY,22,0
INV_04,3000,251255812.363446,3231016.9227918796,58990.028409801336,32,16086582.345525473,36732.774493081444,False,402.2633599247262,BOOKING_EARLY,32,0
INV_05,3000,258605338.1816838,3558265.886926928,64964.74972903351,27,8737056.527287662,28408.455232609074,False,261.42651572907545,BOOKING_EARLY,28,-1
INV_06,3000,264935252.17036772,4095677.7382980287,74776.50285125236,8,2407142.538603753,15011.638023127305,False,73.06394401015604,BOOKING_EARLY,12,-4
INV_07,3000,257485144.0404284,3510440.9876326346,64091.59052390359,28,9857250.66854307,29543.893157181305,False,289.2955767369576,BOOKING_EARLY,29,-1
INV_08,3000,254312674.07481462,3338469.326720773,60951.831926135055,29,13029720.634156853,33730.52025564507,False,347.44164889108913,BOOKING_EARLY,31,-2
STATIC_085,3000,252640719.43,3506998.1196160954,64028.73264139787,31,14701675.278971463,33275.27077749243,False,402.44126967249775,BOOKING_EARLY,30,1
STATIC_100,3000,261006163.17875,4132804.1600242145,75454.33547321508,23,6336231.530221462,16171.641940976664,False,310.7846741835962,BOOKING_EARLY,21,2
STATIC_115,3000,263254261.31657812,4591619.742898057,83831.1236223779,14,4088133.3923933506,13632.977016906123,False,203.75596103238328,BOOKING_EARLY,13,1
STATIC_130,3000,262100398.9621875,4909405.7052244805,89633.07495653353,17,5241995.746783972,22942.887781882364,False,171.36738520368365,BOOKING_EARLY,17,0
TIME_EARLY_DISCOUNT,3000,252995054.82425046,3703922.6246405193,67624.06575897842,30,14347339.88472101,32761.68081117122,False,397.934614566367,BOOKING_EARLY,27,3
TIME_FLAT_THEN_SURGE,3000,259894618.71839583,4422794.785706836,80748.81571159537,25,7447775.990575641,15646.05233903613,False,392.2678257110117,BOOKING_EARLY,25,0
TIME_HIGH_EARLY_NORMALIZE,3000,263818765.7584185,4433639.011540107,80946.80328184747,10,3523628.95055297,10846.965238240045,False,204.0474771845802,BOOKING_EARLY,14,-4
TIME_LATE_SURGE,3000,259505377.87338436,4485311.934522086,81890.21746616269,26,7837016.835587114,16743.326897809,False,389.8080600612256,BOOKING_EARLY,26,0
TIME_MILD_INCREASE,3000,261380607.9870053,4258700.556622582,77752.8786840665,20,5961786.721966177,14545.6252926345,False,319.7836854590427,BOOKING_EARLY,19,1
TIME_MODERATE_INCREASE,3000,260730290.10902494,4431021.166785113,80899.0081943689,24,6612104.599946529,15205.819595174818,False,348.6672657255293,BOOKING_EARLY,20,4
VEL_01,3000,261751134.62818852,4182801.615394358,76367.15994401793,18,5591260.08078295,13573.160078689609,False,315.3964881710135,BOOKING_EARLY,18,0
VEL_02,3000,262415320.43366748,4228223.176859287,77196.44040439956,16,4927074.27530399,11176.983397416701,False,323.58831431731977,BOOKING_EARLY,16,0
VEL_03,3000,263532982.1464937,4306310.036208302,78622.10488140584,12,3809412.5624777675,7076.204811648513,False,353.1666437611658,BOOKING_EARLY,11,1
VEL_04,3000,264782843.36257333,4394642.998799771,80234.83675415943,9,2559551.346398145,4254.376386800494,False,293.6313513991577,BOOKING_EARLY,7,2
VEL_05,3000,265646926.38540438,4458830.52088986,81406.7352127962,6,1695468.3235670924,6610.578995225711,False,58.260443641017616,BOOKING_EARLY,6,0
VEL_06,3000,266478955.09727266,4528522.5705835745,82679.13213599681,4,863439.6116988063,11545.228913374747,True,38.708062892086375,BOOKING_EARLY,3,1
HYB_01,3000,264932797.2154727,4127686.2838864024,75360.89626630851,12,4481195.825152874,22897.5038987915,False,138.4807173998987,BOOKING_LATE,15,-3
HYB_02,3000,266416308.83352908,4212331.363276796,76906.296911773,9,2997684.2070964873,19465.602027986224,False,86.68373811862006,BOOKING_LATE,9,0
HYB_03,3000,267556143.3824495,4250608.90502702,77605.14601385444,6,1857849.6581760645,17318.351227441555,False,31.61482247381925,BOOKING_LATE,8,-2
HYB_04,3000,266726574.88420197,4095007.342834976,74764.26316066692,8,2687418.1564235985,19674.9044950314,False,69.9919584458522,BOOKING_LATE,5,3
HYB_05,3000,263614154.50299165,3930734.1654563355,71765.05899922263,19,5799838.537633926,24831.504040319604,False,180.79877367729884,BOOKING_LATE,10,9
HYB_06,3000,269413993.0406256,4597352.505197454,83935.78906331773,1,0.0,0.0,True,,BOOKING_LATE,2,-1
HYB_07,3000,267884019.0932706,4290573.211949645,78334.79109374048,4,1529973.9473549724,13327.032776672511,False,16.480854549872443,BOOKING_LATE,4,0
HYB_08,3000,269339143.12643605,4314320.3670758605,78768.35284504724,2,74849.9141895175,11937.72594206593,True,103.49401137097315,BOOKING_LATE,1,1
INV_01,3000,262015887.90928218,3916613.1936482126,71507.24650611584,25,7398105.1313433945,30692.26209870676,False,198.3487581718083,BOOKING_LATE,23,2
INV_02,3000,261974933.70449832,3914732.990478811,71472.91884983005,26,7439059.336127251,30775.18757427379,False,199.14505030244717,BOOKING_LATE,24,2
INV_03,3000,262267891.68430611,3977943.62654314,72626.98189138614,23,7146101.356319457,29372.0879446896,False,198.68414900321378,BOOKING_LATE,22,1
INV_04,3000,242061289.52444974,2760727.313206327,50403.75415212451,32,27352703.516175836,54857.8147912059,False,474.7248966571917,BOOKING_LATE,32,0
INV_05,3000,251726188.66107044,3110183.420131258,56783.92057281524,29,17687804.379555136,46807.95790111748,False,349.88647348323855,BOOKING_LATE,28,1
INV_06,3000,263684874.0939627,3815065.974650547,69653.25642288456,18,5729118.946662873,31666.856397286017,False,139.53977094045658,BOOKING_LATE,12,6
INV_07,3000,250565402.49035734,3065584.2039050576,55969.654013677224,30,18848590.550268233,47601.415760032665,False,368.4398291870247,BOOKING_LATE,29,1
INV_08,3000,245249958.26284322,2863847.492635148,52286.462432362685,31,24164034.77778235,52386.100630784415,False,436.2550646835364,BOOKING_LATE,31,0
STATIC_085,3000,253952776.52645314,3444161.402532897,62881.496395196606,28,15461216.514172435,43241.20350526027,False,327.2546161641809,BOOKING_LATE,30,-2
STATIC_100,3000,262673389.0171875,4101677.688341497,74886.04645067608,21,6740604.023438066,26562.459641291418,False,204.4340410560265,BOOKING_LATE,21,0
STATIC_115,3000,265128495.8002656,4598353.637139645,83954.06714824363,11,4285497.240359962,15197.06242525692,False,195.77232089499788,BOOKING_LATE,13,-2
STATIC_130,3000,264082801.01775,4952236.935719771,90415.06266013267,15,5331192.022875577,16315.255611744455,False,246.4478068857182,BOOKING_LATE,17,-2
TIME_EARLY_DISCOUNT,3000,258897081.088881,3892326.9378343793,71063.8421678966,27,10516911.951744586,35295.8928395252,False,260.83994914143625,BOOKING_LATE,27,0
TIME_FLAT_THEN_SURGE,3000,262342976.1838646,4658727.69216426,85056.34154241162,22,7071016.856760979,19028.11818531949,False,302.7458491730513,BOOKING_LATE,25,-3
TIME_HIGH_EARLY_NORMALIZE,3000,264398622.51451448,4240598.531956639,77422.38244253144,13,5015370.526111096,21060.56698408841,False,175.92296875620966,BOOKING_LATE,14,-1
TIME_LATE_SURGE,3000,262073088.51839575,4782122.5489338515,87309.21309350576,24,7340904.5222298205,18206.312731355472,False,331.23519037781523,BOOKING_LATE,26,-2
TIME_MILD_INCREASE,3000,263835410.37681112,4315318.07923156,78786.5684934997,16,5578582.663814455,21602.096942853823,False,197.58496670598373,BOOKING_LATE,19,-3
TIME_MODERATE_INCREASE,3000,263792082.95431396,4641788.043166428,84747.06728000054,17,5621910.086311609,16881.853795763487,False,255.3971311380716,BOOKING_LATE,20,-3
VEL_01,3000,263540584.51967126,4155758.121222678,75873.41555096497,20,5873408.520954311,23650.732860387157,False,192.93590136548372,BOOKING_LATE,18,2
VEL_02,3000,264295811.14782,4204894.667615116,76770.52204619955,14,5118181.892805576,21005.612940913852,False,181.27768253824948,BOOKING_LATE,16,-2
VEL_03,3000,265526433.11361104,4291063.326442063,78343.73931918241,10,3887559.9270145297,16417.364192459958,False,156.9817687066313,BOOKING_LATE,11,-1
VEL_04,3000,266844233.96778393,4390906.862171475,80166.62454385147,7,2569759.0728416443,11142.167551784625,False,113.03240670247091,BOOKING_LATE,7,0
VEL_05,3000,267723156.51791412,4463292.253195391,81488.19492710583,5,1690836.5227114558,7757.91455152338,False,49.04713265441785,BOOKING_LATE,6,-1
VEL_06,3000,268612694.49795365,4546945.980485244,83015.49604230709,3,801298.5426719189,6313.991008412812,True,80.62008882038151,BOOKING_LATE,3,0
HYB_01,3000,264316686.92445332,4223854.239042634,77116.67487791562,15,4561646.024388909,12842.158696702945,False,253.17495621996878,CAP_HIGH,15,0
HYB_02,3000,265422271.84872907,4276019.803793562,78069.08342921827,9,3456061.1001131535,10703.195465882683,False,200.47546065766886,CAP_HIGH,9,0
HYB_03,3000,266195008.62618822,4286963.824796232,78268.89300165071,7,2683324.322654009,10127.544920226534,False,135.56999992472487,CAP_HIGH,8,-1
HYB_04,3000,267193508.3706235,4231114.015761916,77249.21966030233,5,1684824.5782187283,7822.009226490342,False,47.87663997751495,CAP_HIGH,5,0
HYB_05,3000,265024051.7920021,4122312.229547567,75262.77990675389,10,3854281.156840116,12749.180846356297,False,199.53816083689202,CAP_HIGH,10,0
HYB_06,3000,268195504.98846298,4582872.296784589,83671.41783714766,2,682827.9603792429,9743.08165294504,True,64.40519750877087,CAP_HIGH,2,0
HYB_07,3000,267634505.59930265,4376152.466337452,79897.24736316298,4,1243827.349539578,4904.735090634464,True,13.559490535720055,CAP_HIGH,4,0
HYB_08,3000,268878332.9488422,4388021.401316425,80113.9434772145,1,0.0,0.0,True,,CAP_HIGH,1,0
INV_01,3000,262140642.97157633,4067246.465535409,74257.42120356338,22,6737689.977265894,19310.138050636546,False,281.0625643614047,CAP_HIGH,23,-1
INV_02,3000,262069066.38142374,4064092.999824592,74199.84706009227,24,6809266.567418486,19435.51080370716,False,282.93228638932203,CAP_HIGH,24,0
INV_03,3000,262120475.35393408,4111899.5486379224,75072.67123281003,23,6757857.594908148,18518.17505959269,False,294.1717809015419,CAP_HIGH,22,1
INV_04,3000,247258326.8814462,3079159.222430715,56217.49880917899,32,21620006.067396015,42851.52212164215,False,473.95452957684716,CAP_HIGH,32,0
INV_05,3000,256272220.08362767,3433805.13967269,62692.417769196996,28,12606112.865214556,33783.00078487193,False,334.36283172605465,CAP_HIGH,28,0
INV_06,3000,264955296.88290933,4041043.0470415717,73779.01442380263,11,3923036.0659328997,18192.319202489347,False,143.6157192643223,CAP_HIGH,12,-1
INV_07,3000,255107186.9753326,3387991.3406905187,61855.97606427891,29,13771145.97350964,34841.01818718722,False,357.64778308088745,CAP_HIGH,29,0
INV_08,3000,250470464.56396407,3185356.871913252,58156.39374836607,31,18407868.38487816,39864.64605693994,False,428.8896808935906,CAP_HIGH,31,0
STATIC_085,3000,253859870.2894375,3579359.8975545364,65349.87191066666,30,15018462.659404725,33830.12783037842,False,405.20478283602563,CAP_HIGH,30,0
STATIC_100,3000,262155985.9840625,4206376.567885248,76797.57771973037,21,6722346.964779735,16855.235060578456,False,321.08801133579385,CAP_HIGH,21,0
STATIC_115,3000,264403971.10221875,4647004.147940104,84842.29988822897,14,4474361.84662348,13944.712201090135,False,226.89810606452536,CAP_HIGH,13,1
STATIC_130,3000,263243840.68125,4929832.131169459,90006.00876517598,17,5634492.2675922215,21805.42863845011,False,198.30654470080276,CAP_HIGH,17,0
TIME_EARLY_DISCOUNT,3000,256561443.7485059,3907801.2399574406,71346.36297904495,27,12316889.200336337,29120.0527175025,False,377.9717107153325,CAP_HIGH,27,0
TIME_FLAT_THEN_SURGE,3000,261338414.72303125,4581679.229101064,83649.63550105107,25,7539918.225810975,17573.5294086707,False,354.48685476669675,CAP_HIGH,25,0
TIME_HIGH_EARLY_NORMALIZE,3000,264428821.86467004,4414122.163114082,80590.4760107027,13,4449511.084172189,11216.331794176383,False,279.8756387735273,CAP_HIGH,14,-1
TIME_LATE_SURGE,3000,261115858.2703375,4666852.182229495,85204.67375831013,26,7762474.678504735,18826.991789718268,False,342.70698643673427,CAP_HIGH,26,0
TIME_MILD_INCREASE,3000,262896752.6453982,4374722.048044009,79871.13161763009,19,5981580.303444028,14866.849645021228,False,314.2055887023204,CAP_HIGH,19,0
TIME_MODERATE_INCREASE,3000,262591272.12121704,4596788.559572675,83925.49287198781,20,6287060.827625185,16264.435422092862,False,305.98835064903494,CAP_HIGH,20,0
VEL_01,3000,262948633.0138699,4253645.20849961,77660.58107730007,18,5929699.934972316,14011.272676013157,False,329.6893139692636,CAP_HIGH,18,0
VEL_02,3000,263647537.89403248,4296870.791473738,78449.76863917477,16,5230795.054809749,11417.129163588332,False,343.3842203284948,CAP_HIGH,16,0
VEL_03,3000,264806863.7936049,4370308.622955018,79790.55386839343,12,4071469.155237317,6973.068041376353,False,395.9714834664184,CAP_HIGH,11,1
VEL_04,3000,266078893.77109355,4453484.643222294,81309.13328652323,8,2799439.17774868,3307.4978837738845,False,450.22133694257934,CAP_HIGH,7,1
VEL_05,3000,266944065.66244093,4511390.922040868,82366.35245752711,6,1934267.2864013016,5596.081284641359,False,111.49484721254156,CAP_HIGH,6,0
VEL_06,3000,267806359.47043568,4572718.536394651,83486.03638351194,3,1071973.4784065485,10657.42833446464,True,22.36558132921052,CAP_HIGH,3,0
HYB_01,3000,263584690.2337781,4098655.404949175,74830.86735770448,15,4598595.442747921,13120.751829122211,False,250.61539361396933,CAP_LOW,15,0
HYB_02,3000,264699719.01422596,4166228.74092585,76064.58203771448,9,3483566.6623000503,10946.986034876016,False,198.52346543560876,CAP_LOW,9,0
HYB_03,3000,265429874.65090898,4185479.384489912,76416.04909526544,8,2753411.0256170332,10412.266220516678,False,138.59403289096605,CAP_LOW,8,0
HYB_04,3000,266339632.7291807,4111450.463532343,75064.47209805786,6,1843652.9473453164,8093.105403308659,False,65.89805299533504,CAP_LOW,5,1
HYB_05,3000,264154239.46700895,3990602.8075199947,72858.10585740492,11,4029046.2095170617,13179.47710778542,False,206.2838402996888,CAP_LOW,10,1
HYB_06,3000,267829729.62037387,4512010.018853187,82377.65556717334,2,353556.05615213513,9771.442243402333,True,97.91563810092923,CAP_LOW,2,0
HYB_07,3000,267026006.8959216,4271618.322709965,77988.72374668765,4,1157278.780604422,5112.195979095681,True,29.939047447062542,CAP_LOW,4,0
HYB_08,3000,268183285.676526,4290249.622661066,78328.88318864976,1,0.0,0.0,True,,CAP_LOW,1,0
INV_01,3000,261269713.689519,3912005.6840160443,71423.12527413381,23,6913571.987007022,19662.50266382598,False,284.9707905562963,CAP_LOW,23,0
INV_02,3000,261195594.16105193,3909066.3568782173,71369.46074822465,24,6987691.515474081,19784.264932239017,False,286.96332546787806,CAP_LOW,24,0
INV_03,3000,261306164.25162932,3964791.5654805135,72386.85920732994,22,6877121.424896687,18895.69250691214,False,294.60621061012074,CAP_LOW,22,0
INV_04,3000,245017021.1679294,2823067.3467336036,51541.92223874176,32,23166264.5085966,42887.79287053139,False,509.60727953507643,CAP_LOW,32,0
INV_05,3000,254511577.06810996,3207647.4992012423,58563.363061251825,28,13671708.60841605,33909.72349568971,False,364.53778667366794,CAP_LOW,28,0
INV_06,3000,263892958.73513213,3887549.420175649,70976.61702821107,13,4290326.941393882,18468.91226051873,False,161.35188909760592,CAP_LOW,12,1
INV_07,3000,253303349.28718826,3156140.861425612,57622.98481555314,29,14879936.389337748,34999.75916283605,False,387.70562013367135,CAP_LOW,29,0
INV_08,3000,248374044.48499212,2937695.2090773843,53634.731102884616,31,19809241.191533893,39924.990528545146,False,463.341578496468,CAP_LOW,31,0
STATIC_085,3000,252516109.87332812,3361177.685584134,61366.42793924789,30,15667175.80319789,34000.967204672655,False,422.2480689503333,CAP_LOW,30,0
STATIC_100,3000,261448189.9803125,4072978.8025017837,74362.07887902019,21,6735095.696213514,17262.26442642283,False,314.2555636749917,CAP_LOW,21,0
STATIC_115,3000,264002862.79125,4581127.370223508,83639.55998252453,12,4180422.8852760196,14568.357496881792,False,197.0084703995686,CAP_LOW,13,-1
STATIC_130,3000,263006865.72428125,4897214.129197269,89410.4882498121,17,5176419.952244759,22317.150528712657,False,173.23389420569188,CAP_LOW,17,0
TIME_EARLY_DISCOUNT,3000,255566230.66694194,3733128.585980125,68157.29122028928,27,12617055.00958407,29423.003370903374,False,384.2817066793433,CAP_LOW,27,0
TIME_FLAT_THEN_SURGE,3000,260913176.30090624,4528363.319946083,82676.22463044844,25,7270109.375619769,18250.15782979622,False,326.56026170405266,CAP_LOW,25,0
TIME_HIGH_EARLY_NORMALIZE,3000,263873502.64500827,4302253.954688959,78548.05130329839,14,4309783.031517744,11581.126712776162,False,258.9946597879407,CAP_LOW,14,0
TIME_LATE_SURGE,3000,260732878.2785285,4624989.490202495,84440.36906694082,26,7450407.3979974985,19355.479610423507,False,317.22666981135586,CAP_LOW,26,0
TIME_MILD_INCREASE,3000,262313286.90252838,4268331.7128268825,77928.71873433155,18,5869998.773997635,15300.543687697578,False,298.00677730704365,CAP_LOW,19,-1
TIME_MODERATE_INCREASE,3000,262156590.31270102,4535740.122580622,82810.90600395514,20,6026695.363824993,16882.20853072635,False,279.3687980254337,CAP_LOW,20,0
VEL_01,3000,262298950.9086598,4127792.499691539,75362.83549272307,19,5884334.767866224,14377.728803074562,False,318.1310325109805,CAP_LOW,18,1
VEL_02,3000,263050082.65027988,4178720.130502408,76292.64256590334,16,5133203.0262461305,11722.524346778291,False,326.1132034855208,CAP_LOW,16,0
VEL_03,3000,264297398.0381568,4263836.423845759,77846.64636174934,10,3885887.6383692026,7178.0180143306425,False,358.81138423530774,CAP_LOW,11,-1
VEL_04,3000,265664569.91222903,4358886.55962687,79582.01647712413,7,2518715.7642969787,3343.7002296687974,False,361.39086123621263,CAP_LOW,7,0
VEL_05,3000,266589751.08982125,4422910.4890017975,80750.92815508298,5,1593534.5867047608,5574.5349201125955,False,50.8027184656672,CAP_LOW,6,-1
VEL_06,3000,267510089.8365063,4495058.242002586,82068.15988147774,3,673195.8400197029,10750.63550750864,True,59.26507489873943,CAP_LOW,3,0
HYB_01,3000,262729207.95287326,4459748.84115376,81423.50137024795,15,4153912.7620966733,13732.49798078772,False,207.06936986218372,DISPERSION_HIGH,15,0
HYB_02,3000,263765675.3584872,4517678.209586707,82481.14209800636,9,3117445.356482744,11765.509975854508,False,153.59404748371284,DISPERSION_HIGH,9,0
HYB_03,3000,264395515.0111581,4531013.47491268,82724.60961898476,8,2487605.7038118243,11372.48417436362,False,103.51939182157199,DISPERSION_HIGH,8,0
HYB_04,3000,264855369.1572486,4455829.08769582,81351.93679062219,6,2027751.5577213466,9103.473254681461,False,78.80711889510569,DISPERSION_HIGH,5,1
HYB_05,3000,262975608.6444614,4341978.831495092,79273.32500732614,14,3907512.0705085397,13965.168657929105,False,185.97548483259246,DISPERSION_HIGH,10,4
HYB_06,3000,266833670.06133974,4903040.973198967,89516.8713797719,2,49450.65363019705,11652.818008534075,True,108.20407596065014,DISPERSION_HIGH,2,0
HYB_07,3000,265671870.17513722,4625134.1943874145,84443.0109918157,4,1211250.5398327112,5423.777317117787,True,18.268176024820942,DISPERSION_HIGH,4,0
HYB_08,3000,266883120.71496993,4647582.999796421,84852.86822886759,1,0.0,0.0,True,,DISPERSION_HIGH,1,0
INV_01,3000,260536885.3278187,4282359.244462038,78184.82525108795,23,6346235.387151241,19889.70045668613,False,253.191461557538,DISPERSION_HIGH,23,0
INV_02,3000,260456867.17468655,4279083.238953319,78125.0138472334,24,6426253.540283382,20022.727740395552,False,255.50567075737834,DISPERSION_HIGH,24,0
INV_03,3000,260567402.78550643,4333283.146856571,79114.5642530105,22,6315717.929463506,19222.502265237043,False,260.39195115269933,DISPERSION_HIGH,22,0
INV_04,3000,244471755.67730442,3187239.9559513438,58190.77400187743,32,22411365.037665516,44940.317569599945,False,469.5345542764509,DISPERSION_HIGH,32,0
INV_05,3000,253536433.7036391,3564365.9455462443,65076.12105263028,28,13346687.011330843,35318.197453574176,False,340.79751574443736,DISPERSION_HIGH,28,0
INV_06,3000,263011646.68257445,4254681.936113907,77679.50904731137,13,3871474.032395482,18868.871302757325,False,135.73366062653523,DISPERSION_HIGH,12,1
INV_07,3000,252453798.46590042,3513384.480174111,64145.33109933075,29,14429322.249069512,36314.7863755293,False,361.2575069236394,DISPERSION_HIGH,29,0
INV_08,3000,247628773.01032048,3297992.461825249,60212.82886078947,31,19254347.70464945,41838.113356465794,False,428.89158249520045,DISPERSION_HIGH,31,0
STATIC_085,3000,252002846.23696876,3716252.0505324025,67849.16924838084,30,14880274.478001177,34643.300609544975,False,391.70463497006165,DISPERSION_HIGH,30,0
STATIC_100,3000,260716266.4253125,4440383.055234968,81069.93211052999,21,6166854.289657444,17884.49957921068,False,271.54918199229445,DISPERSION_HIGH,21,0
STATIC_115,3000,263341659.77917188,4948867.935159563,90353.55340669688,11,3541460.935798049,16630.49284771383,False,134.1588549207373,DISPERSION_HIGH,13,-2
STATIC_130,3000,262522194.5864375,5284133.031675976,96474.62861023641,16,4360926.1285324395,25541.66710426912,False,119.43594196485724,DISPERSION_HIGH,17,-1
TIME_EARLY_DISCOUNT,3000,254863908.5050551,4084868.6621298194,74579.15702314836,27,12019212.209914833,30304.547087121387,False,353.37532418970113,DISPERSION_HIGH,27,0
TIME_FLAT_THEN_SURGE,3000,260190674.71970832,4886081.690923048,89207.23866438461,25,6692445.99526161,20102.465011120814,False,267.73397857939017,DISPERSION_HIGH,25,0
TIME_HIGH_EARLY_NORMALIZE,3000,263152219.57212615,4673370.066918811,85323.67350736201,12,3730901.142843783,12716.258401135166,False,190.35222530917204,DISPERSION_HIGH,14,-2
TIME_LATE_SURGE,3000,260055824.35325012,4988020.243567962,91068.37348981953,26,6827296.361719817,21842.805603081702,False,252.5757635438647,DISPERSION_HIGH,26,0
TIME_MILD_INCREASE,3000,261580853.50173992,4624871.585618524,84438.21643359835,18,5302267.213230014,16585.44217716892,False,240.689039942749,DISPERSION_HIGH,19,-1
TIME_MODERATE_INCREASE,3000,261459299.1411842,4898777.043682214,89439.02303377396,20,5423821.573785722,19115.771273617403,False,215.18820539988863,DISPERSION_HIGH,20,0
VEL_01,3000,261540095.66753024,4494984.114259217,82066.8065002384,19,5343025.047439694,15070.109190750727,False,267.5954060992144,DISPERSION_HIGH,18,1
VEL_02,3000,262265581.54340056,4544172.874106071,82964.86627836594,17,4617539.171569377,12482.980989457443,False,264.93720656798587,DISPERSION_HIGH,16,1
VEL_03,3000,263464398.1954455,4628552.769241053,84505.4253438776,10,3418722.5195244253,8129.31859934768,False,259.3562344957619,DISPERSION_HIGH,11,-1
VEL_04,3000,264764364.82671162,4726288.920137672,86289.83516153785,7,2118755.888258308,4924.974554217948,False,164.14761554142285,DISPERSION_HIGH,7,0
VEL_05,3000,265608572.46901286,4797876.0784731405,87596.83187647218,5,1274548.2459570765,7027.638177665099,True,5.092011244674355,DISPERSION_HIGH,6,-1
VEL_06,3000,266334422.54288095,4873910.1694152225,88985.0181014181,3,548698.1720889807,12103.07580609177,True,62.929035453030885,DISPERSION_HIGH,3,0
HYB_01,3000,264812386.43705705,4063816.060758054,74194.79086763236,15,4731218.375838965,13192.096609232512,False,259.31324023685534,DISPERSION_LOW,15,0
HYB_02,3000,265943539.6319063,4123164.115772594,75278.33315014973,9,3600065.1809897125,10808.634528549272,False,211.8428665860154,DISPERSION_LOW,9,0
HYB_03,3000,266736266.63144746,4137871.6570326984,75546.85488726964,7,2807338.181448549,10091.758399638482,False,148.3393739311998,DISPERSION_LOW,8,-1
HYB_04,3000,267952579.77685434,4109916.4266145863,75036.46454392781,5,1591025.036041677,7442.747591866904,False,37.71348873461118,DISPERSION_LOW,5,0
HYB_05,3000,265649368.49605417,3992086.045508053,72885.18595421186,10,3894236.3168418407,12551.724542648006,False,205.86041778411044,DISPERSION_LOW,10,0
HYB_06,3000,268758909.3619906,4488989.198677084,81957.35481708263,2,784695.4509054422,9551.605508608553,True,55.03133553851943,DISPERSION_LOW,2,0
HYB_07,3000,268359109.72776464,4262252.371278571,77817.72565097192,4,1184495.085131377,4763.208347989788,True,26.4187422124796,DISPERSION_LOW,4,0
HYB_08,3000,269543604.812896,4267575.294833291,77914.90849439845,1,0.0,0.0,True,,DISPERSION_LOW,1,0
INV_01,3000,262565442.79178014,3883808.8112325678,70908.32316498003,22,6978162.021115869,19961.935312421076,False,283.9318369601108,DISPERSION_LOW,23,-1
INV_02,3000,262495980.83018842,3880374.7755526933,70845.62653814186,24,7047623.98270759,20089.03932657527,False,285.5930953620379,DISPERSION_LOW,24,0
INV_03,3000,262556799.45049748,3929089.350086658,71735.02891652583,23,6986805.362398535,19133.455360381784,False,296.67784500499226,DISPERSION_LOW,22,1
INV_04,3000,247443645.4088302,2897396.753898939,52898.98533842311,32,22099959.404065818,42613.481621717736,False,487.8650031470145,DISPERSION_LOW,32,0
INV_05,3000,256673057.38685197,3260794.990758616,59533.69906127812,28,12870547.426044047,33672.016838701755,False,343.31814523731714,DISPERSION_LOW,28,0
INV_06,3000,265402249.70952326,3867810.199850443,70616.22982022174,11,4141355.1033727527,18716.574562639515,False,151.25748759832132,DISPERSION_LOW,12,-1
INV_07,3000,255437749.31426036,3214349.78989914,58685.72958799168,29,14105855.49863565,34799.212345475054,False,367.69574877226216,DISPERSION_LOW,29,0
INV_08,3000,250739716.98058325,3011094.770122673,54974.81761273402,31,18803887.832312763,39555.177107705975,False,442.2570205183961,DISPERSION_LOW,31,0
STATIC_085,3000,254113818.124375,3387485.5600092253,61846.74181466909,30,15429786.688521028,34372.92325042476,False,410.7725585942213,DISPERSION_LOW,30,0
STATIC_100,3000,262603736.9553125,4025036.654303673,73486.77901157484,21,6939867.857583523,17310.20580978247,False,325.2147814337868,DISPERSION_LOW,21,0
STATIC_115,3000,264840089.59667188,4518646.046686635,82498.8123050604,14,4703515.216224134,12916.57824603368,False,262.6997717979091,DISPERSION_LOW,13,1
STATIC_130,3000,263592699.98221874,4858546.669163969,88704.52024642318,17,5950904.830677271,21593.1787989792,False,214.90915326998544,DISPERSION_LOW,17,0
TIME_EARLY_DISCOUNT,3000,256959302.119592,3706067.8786785463,67663.23255991863,27,12584302.693304002,29749.37606272925,False,378.96491042200574,DISPERSION_LOW,27,0
TIME_FLAT_THEN_SURGE,3000,261800557.7342604,4451014.9789450485,81264.04359205283,25,7743047.078635603,16236.18147958048,False,396.1962378989475,DISPERSION_LOW,25,0
TIME_HIGH_EARLY_NORMALIZE,3000,264883858.76243883,4249342.316762269,77582.02138173192,13,4659746.05045718,11057.960064957446,False,302.89610128817367,DISPERSION_LOW,14,-1
TIME_LATE_SURGE,3000,261546141.777119,4550482.192186536,83080.05813953748,26,7997463.035777003,17349.425194382708,False,385.4381284839841,DISPERSION_LOW,26,0
TIME_MILD_INCREASE,3000,263354583.67630094,4203050.157905785,76736.84606035496,19,6189021.13659507,14545.488093440032,False,335.40903176800873,DISPERSION_LOW,19,0
TIME_MODERATE_INCREASE,3000,263032562.3004913,4460589.0003271075,81438.84050795251,20,6511042.51240471,14837.267660983074,False,350.5166566145829,DISPERSION_LOW,20,0
VEL_01,3000,263417686.31292355,4082827.193990432,74541.88508480268,18,6125918.499972463,14353.020557297505,False,335.510244841308,DISPERSION_LOW,18,0
VEL_02,3000,264136783.19299686,4135459.0860808725,75502.80756953974,16,5406821.619899154,11631.509587684437,False,352.18889950925274,DISPERSION_LOW,16,0
VEL_03,3000,265326604.28024772,4225346.138794174,77143.91311616413,12,4217000.532648295,6907.541591791485,False,420.7962319794292,DISPERSION_LOW,11,1
VEL_04,3000,266632509.26238525,4327516.607558265,79009.28213126311,8,2911095.550510764,2802.5544883201196,False,571.1797927929058,DISPERSION_LOW,7,1
VEL_05,3000,267534317.06751412,4401452.256485778,80359.15622197582,6,2009287.7453818917,5430.727092632521,False,128.70370299933936,DISPERSION_LOW,6,0
VEL_06,3000,268486114.98078775,4484123.159348115,81868.51350020984,3,1057489.8321082592,10695.896786327638,True,23.639273220754667,DISPERSION_LOW,3,0
HYB_01,3000,266344900.31721088,4007693.2782539288,73170.1337353835,11,7232648.38796106,11918.91554820471,False,496.8837395841655,ETA_HIGH,15,-4
HYB_02,3000,266957301.51979488,3995627.025862818,72949.83511474477,8,6620247.185377061,11537.377652106681,False,460.23579074108244,ETA_HIGH,9,-1
HYB_03,3000,267271917.46541512,3935519.679236392,71852.43012744225,7,6305631.239756823,12598.841627108888,False,396.4886875335591,ETA_HIGH,8,-1
HYB_04,3000,273577548.70517194,3857190.3640565686,70422.33903284489,1,0.0,0.0,True,,ETA_HIGH,5,-4
HYB_05,3000,271808348.54439366,3800086.846176004,69379.77620430873,4,1769200.160778284,7482.0343767394215,False,61.32918924077474,ETA_HIGH,10,-6
HYB_06,3000,265283681.30056995,4076089.1434369567,74418.86567541106,14,8293867.404601991,15922.169440019843,False,438.6044484910367,ETA_HIGH,2,12
HYB_07,3000,271828990.0714719,3945269.3182610343,72030.43336815323,3,1748558.6337000132,5789.65209683182,False,75.69117587541511,ETA_HIGH,4,-1
HYB_08,3000,272010767.1465474,3958536.940119139,72272.6658940243,2,1566781.5586245656,8239.758617938603,False,31.123302506096113,ETA_HIGH,1,1
INV_01,3000,265063924.1148468,3940660.777959099,71946.29331880184,15,8513624.590325147,16641.2626734753,False,432.85727009317065,ETA_HIGH,23,-8
INV_02,3000,264987858.89285278,3937508.023553241,71888.7321619231,16,8589689.81231916,16752.728211885642,False,434.51768939780135,ETA_HIGH,24,-8
INV_03,3000,264011691.1217156,3991914.762759824,72882.0587733813,18,9565857.583456337,16505.342852031594,False,500.17285910900904,ETA_HIGH,22,-4
INV_04,3000,257418287.92189056,2781815.311390197,50788.76656205562,27,16159260.783281386,39398.716975338204,False,376.8886112203828,ETA_HIGH,32,-5
INV_05,3000,266501001.6784052,3165676.8603629423,57797.087539763845,10,7076547.026766747,29812.865131209233,False,193.413613311161,ETA_HIGH,28,-18
INV_06,3000,270454643.36486375,3836454.0482788314,70043.74743581098,5,3122905.3403081894,14850.281583248707,False,122.05642509644682,ETA_HIGH,12,-7
INV_07,3000,265379148.92353764,3120582.514976505,56973.78120029449,13,8198399.781634301,31011.757157424297,False,222.1114620525148,ETA_HIGH,29,-16
INV_08,3000,261098057.77819613,2896446.730332325,52881.64036050325,23,12479490.926975816,36084.023527957135,False,309.53194173983786,ETA_HIGH,31,-8
STATIC_085,3000,260580765.30320314,3455989.843108961,63097.453185983926,24,12996783.401968807,29851.700523893775,False,391.4835717326568,ETA_HIGH,30,-6
STATIC_100,3000,261887165.766875,4092852.457482295,74724.92051678356,21,11690382.938296944,16479.243828797247,False,629.88629742687,ETA_HIGH,21,0
STATIC_115,3000,255118887.61442187,4488687.924867119,81951.85433502584,28,18458661.09075007,22012.827490833573,False,779.0152373342136,ETA_HIGH,13,15
STATIC_130,3000,245017761.5153125,4701595.988659991,85839.00597549601,32,28559787.18985945,30402.432830353704,False,896.2918949062662,ETA_HIGH,17,15
TIME_EARLY_DISCOUNT,3000,258238452.55000296,3768819.9163142336,68808.92277800127,26,15339096.15516898,26599.674823687106,False,527.4035562305095,ETA_HIGH,27,-1
TIME_FLAT_THEN_SURGE,3000,249803610.31598958,4373860.243987504,79855.39730023353,30,23773938.38918236,22926.33415414507,False,979.8167111919066,ETA_HIGH,25,5
TIME_HIGH_EARLY_NORMALIZE,3000,261332712.71272954,4278348.831423686,78111.60546155399,22,12244835.9924424,15292.992765109213,False,715.0008570466398,ETA_HIGH,14,8
TIME_LATE_SURGE,3000,246933841.86636505,4437348.761010217,81014.5337307632,31,26643706.838806897,24984.398870133035,False,1013.9677128878127,ETA_HIGH,26,5
TIME_MILD_INCREASE,3000,259179107.46815354,4235069.323901473,77321.43337663298,25,14398441.237018406,17796.357390701483,False,735.4374769566964,ETA_HIGH,19,6
TIME_MODERATE_INCREASE,3000,252303412.91466123,4407018.89904163,80460.78874522277,29,21274135.790510714,22566.112656280053,False,884.6806286936453,ETA_HIGH,20,9
VEL_01,3000,262797530.49896,4106471.7757961485,74973.57411206159,20,10780018.206211954,14209.130458035617,False,666.4507146019876,ETA_HIGH,18,2
VEL_02,3000,263586483.4222894,4115791.3836071775,75143.72609290165,19,9991065.282882541,12343.158059871723,False,703.282918536288,ETA_HIGH,16,3
VEL_03,3000,264856420.85927644,4124024.5607375633,75294.04265404324,17,8721127.845895499,9946.460759235702,False,745.0685190139636,ETA_HIGH,11,6
VEL_04,3000,266166203.047339,4117034.388585895,75166.42015509948,12,7411345.65783295,9445.281063425036,False,645.932350586861,ETA_HIGH,7,5
VEL_05,3000,266953015.33700863,4096677.680812604,74794.75922030039,9,6624533.368163317,10770.839065399012,False,493.3877739064705,ETA_HIGH,6,3
VEL_06,3000,267432975.4149139,4056822.140974934,74067.09994661248,6,6144573.29025805,13568.054083607118,False,356.2957666506883,ETA_HIGH,3,3
HYB_01,3000,261532857.07151952,4275085.725560653,78052.02957193031,19,20596784.432011753,27547.929190832852,False,700.1053051874575,ETA_LOW,15,4
HYB_02,3000,262722715.3110407,4392006.0151082715,80186.69223910585,16,19406926.192490578,25096.296885258173,False,721.0861911878104,ETA_LOW,9,7
HYB_03,3000,263206270.04098225,4477385.803943714,81745.50678244584,15,18923371.46254903,23623.503642194857,False,745.5726580924452,ETA_LOW,8,7
HYB_04,3000,258111787.79500785,4500381.579403386,82165.35028066539,25,24017853.708523422,24451.21499491876,False,928.6868016440513,ETA_LOW,5,20
HYB_05,3000,257064568.06805572,4353843.571282623,79489.94452801147,26,25065073.435475558,26684.444693356716,False,890.2092829688233,ETA_LOW,10,16
HYB_06,3000,270572705.5521297,5071834.510686127,92598.6056478656,6,11556935.951401591,14366.046223488032,False,713.2514216797847,ETA_LOW,2,4
HYB_07,3000,261512890.08314678,4738238.475017995,86508.00318687447,20,20616751.420384496,20819.610068552123,False,927.3189218354024,ETA_LOW,4,16
HYB_08,3000,263413941.74261016,4717420.812534901,86127.92640899049,13,18715699.76092112,19332.377067087506,False,900.3221198272465,ETA_LOW,1,12
INV_01,3000,258605645.8740381,4026881.528023764,73520.46164331624,22,23523995.629493177,33477.90411351014,False,663.5320567140137,ETA_LOW,23,-1
INV_02,3000,258535624.0441447,4023809.416290021,73464.372813458,23,23594017.459386587,33597.17010474273,False,663.260754740164,ETA_LOW,24,-1
INV_03,3000,259687365.4315805,4062631.2271719878,74173.15886489976,21,22442276.071950763,32662.6553134806,False,646.9756610586369,ETA_LOW,22,-1
INV_04,3000,233648976.59435266,3149948.3564018556,57509.92565925396,32,48480664.909178615,52676.24049918573,False,895.4764311877292,ETA_LOW,32,0
INV_05,3000,243457590.87213972,3513402.99226201,64145.66908226838,29,38672050.631391555,45004.7880161678,False,830.1720599014543,ETA_LOW,28,1
INV_06,3000,258347245.35992417,4080027.9457796994,74490.7780385002,24,23782396.14360711,31836.243910079455,False,705.864144919154,ETA_LOW,12,12
INV_07,3000,242270111.0880243,3462780.59035218,63221.434700898164,30,39859530.41550699,45907.003173305915,False,839.7236737801564,ETA_LOW,29,1
INV_08,3000,236610682.34006682,3260137.3949772683,59521.69305983931,31,45518959.16346446,50248.2223944733,False,879.8047771287055,ETA_LOW,31,0
STATIC_085,3000,245954128.33028126,3533003.4683086127,64503.52317788718,28,36175513.17325002,46672.17112271348,False,747.0228891430611,ETA_LOW,30,-2
STATIC_100,3000,261989239.93,4140620.461720281,75597.04096505513,18,20140401.57353127,30692.46680872581,False,613.5078236721157,ETA_LOW,21,-3
STATIC_115,3000,273590020.31745315,4662626.2652911125,85127.51942386696,3,8539621.186078131,14930.37921400335,False,484.19990034254863,ETA_LOW,13,-10
STATIC_130,3000,282129641.5035313,5112899.24066905,93348.34161218247,1,0.0,0.0,True,,ETA_LOW,17,-16
TIME_EARLY_DISCOUNT,3000,254303191.7553936,3868106.155179069,70621.63320053848,27,27826449.748137683,42119.80993094781,False,629.5402741139517,ETA_LOW,27,0
TIME_FLAT_THEN_SURGE,3000,273442806.9411042,4643016.1034713825,84769.48849103389,4,8686834.562427104,20301.78657040508,False,363.3424811291705,ETA_LOW,25,-21
TIME_HIGH_EARLY_NORMALIZE,3000,267471095.61909637,4377344.404133536,79919.00907043158,8,14658545.884434909,22513.07423122802,False,592.9093774024994,ETA_LOW,14,-6
TIME_LATE_SURGE,3000,276252980.33419883,4786386.162233836,87387.05566620178,2,5876661.169332445,16428.81400529307,False,277.94630271424376,ETA_LOW,26,-24
TIME_MILD_INCREASE,3000,266324380.33994308,4325915.127925291,78980.04324725093,10,15805261.163588196,26110.220356261278,False,555.1438443349267,ETA_LOW,19,-9
TIME_MODERATE_INCREASE,3000,273163239.4028311,4642294.767126371,84756.31875144351,5,8966402.1007002,18353.645320176347,False,417.14160367382476,ETA_LOW,20,-15
VEL_01,3000,262722200.7188791,4229400.433375362,77217.93406939371,17,19407440.784652174,28178.063882960676,False,642.2409928956927,ETA_LOW,18,-1
VEL_02,3000,263382609.75642762,4314896.177725592,78778.86566110422,14,18747031.74710366,25943.794063844238,False,672.0951702597163,ETA_LOW,16,-2
VEL_03,3000,264515548.9931379,4476210.326109746,81724.04559159545,12,17614092.51039338,22263.862197881386,False,732.2969980187708,ETA_LOW,11,1
VEL_04,3000,265837034.20651034,4689285.345816048,85614.2454160621,11,16292607.297020942,18801.550711953707,False,796.8637517177887,ETA_LOW,7,4
VEL_05,3000,266829285.4810347,4872661.425421189,88962.21925961539,9,15300356.022496581,17553.853868299397,False,796.9772944948569,ETA_LOW,6,3
VEL_06,3000,268077989.8373409,5126453.40400671,93595.80564578733,7,14051651.666190386,18250.13749752687,False,698.1491843190634,ETA_LOW,3,4
