scenario,method,crn,contrast,metric,effect,ci_low,ci_high,interval,n_new,n_comparator
BOOKING_EARLY,CPC-v2,False,scenario minus frozen baseline,PGS,0.053333333333333344,-0.03133699218584715,0.0977565785510702,Independent Newcombe-Wilson 95%,60,300
BOOKING_EARLY,CPC-v2,False,scenario minus frozen baseline,preservation,0.0,-0.06017185214208998,0.012642971224546162,Independent Newcombe-Wilson 95%,60,300
BOOKING_EARLY,CPC-v2,False,scenario minus frozen baseline,EOC,12800.772257489385,-128165.6072598875,153767.15177486627,Independent Welch 95%,60,300
BOOKING_EARLY,CPC-v2,False,scenario minus frozen baseline,nEOC,4.884549074625792e-05,-0.0004890573675927007,0.0005867483490852166,Independent Welch 95%,60,300
BOOKING_EARLY,CPC-v2,False,scenario minus frozen baseline,mean_eliminated,-1.4866666666666672,-2.0137154379521913,-0.9596178953811433,Independent Welch 95%,60,300
BOOKING_EARLY,CPC-v2,True,scenario minus frozen baseline,PGS,0.0,-0.06017185214208998,0.012642971224546162,Independent Newcombe-Wilson 95%,60,300
BOOKING_EARLY,CPC-v2,True,scenario minus frozen baseline,preservation,0.0,-0.06017185214208998,0.012642971224546162,Independent Newcombe-Wilson 95%,60,300
BOOKING_EARLY,CPC-v2,True,scenario minus frozen baseline,EOC,0.0,0.0,0.0,Independent Welch 95%,60,300
BOOKING_EARLY,CPC-v2,True,scenario minus frozen baseline,nEOC,0.0,0.0,0.0,Independent Welch 95%,60,300
BOOKING_EARLY,CPC-v2,True,scenario minus frozen baseline,mean_eliminated,-2.049999999999997,-2.2693574014047098,-1.8306425985952846,Independent Welch 95%,60,300
BOOKING_EARLY,SH,False,scenario minus frozen baseline,PGS,-0.010000000000000009,-0.08204715141611738,0.012087672212335629,Independent Newcombe-Wilson 95%,60,300
BOOKING_EARLY,SH,False,scenario minus frozen baseline,preservation,0.0,-0.012642971224546034,0.06017185214208986,Independent Newcombe-Wilson 95%,60,300
BOOKING_EARLY,SH,False,scenario minus frozen baseline,EOC,90297.88246281812,-28898.53548134229,209494.30040697852,Independent Welch 95%,60,300
BOOKING_EARLY,SH,False,scenario minus frozen baseline,nEOC,0.00034456080410803064,-0.00011027171791205457,0.0007993933261281159,Independent Welch 95%,60,300
BOOKING_EARLY,SH,False,scenario minus frozen baseline,mean_eliminated,0.0,0.0,0.0,Independent Welch 95%,60,300
BOOKING_EARLY,SH,True,scenario minus frozen baseline,PGS,0.0,-0.06017185214208998,0.012642971224546162,Independent Newcombe-Wilson 95%,60,300
BOOKING_EARLY,SH,True,scenario minus frozen baseline,preservation,0.0,-0.012642971224546034,0.06017185214208986,Independent Newcombe-Wilson 95%,60,300
BOOKING_EARLY,SH,True,scenario minus frozen baseline,EOC,0.0,0.0,0.0,Independent Welch 95%,60,300
BOOKING_EARLY,SH,True,scenario minus frozen baseline,nEOC,0.0,0.0,0.0,Independent Welch 95%,60,300
BOOKING_EARLY,SH,True,scenario minus frozen baseline,mean_eliminated,0.0,0.0,0.0,Independent Welch 95%,60,300
BOOKING_EARLY,Uniform,False,scenario minus frozen baseline,PGS,0.07666666666666666,-0.00046744668167589265,0.1173043069384482,Independent Newcombe-Wilson 95%,60,300
BOOKING_EARLY,Uniform,False,scenario minus frozen baseline,preservation,0.0,-0.06017185214208998,0.012642971224546162,Independent Newcombe-Wilson 95%,60,300
BOOKING_EARLY,Uniform,False,scenario minus frozen baseline,EOC,-88811.1637928263,-222978.90143689097,45356.57385123838,Independent Welch 95%,60,300
BOOKING_EARLY,Uniform,False,scenario minus frozen baseline,nEOC,-0.0003388877477035713,-0.0008508481869423305,0.00017307269153518786,Independent Welch 95%,60,300
BOOKING_EARLY,Uniform,False,scenario minus frozen baseline,mean_eliminated,0.0,0.0,0.0,Independent Welch 95%,60,300
BOOKING_EARLY,Uniform,True,scenario minus frozen baseline,PGS,0.0,-0.06017185214208998,0.012642971224546162,Independent Newcombe-Wilson 95%,60,300
BOOKING_EARLY,Uniform,True,scenario minus frozen baseline,preservation,0.0,-0.06017185214208998,0.012642971224546162,Independent Newcombe-Wilson 95%,60,300
BOOKING_EARLY,Uniform,True,scenario minus frozen baseline,EOC,0.0,0.0,0.0,Independent Welch 95%,60,300
BOOKING_EARLY,Uniform,True,scenario minus frozen baseline,nEOC,0.0,0.0,0.0,Independent Welch 95%,60,300
BOOKING_EARLY,Uniform,True,scenario minus frozen baseline,mean_eliminated,0.0,0.0,0.0,Independent Welch 95%,60,300
BOOKING_LATE,CPC-v2,False,scenario minus frozen baseline,PGS,0.0033333333333332993,-0.09765415846452088,0.06349600472674607,Independent Newcombe-Wilson 95%,60,300
BOOKING_LATE,CPC-v2,False,scenario minus frozen baseline,preservation,0.0,-0.06017185214208998,0.012642971224546162,Independent Newcombe-Wilson 95%,60,300
BOOKING_LATE,CPC-v2,False,scenario minus frozen baseline,EOC,-262020.95537486085,-398867.01924584096,-125174.8915038807,Independent Welch 95%,60,300
BOOKING_LATE,CPC-v2,False,scenario minus frozen baseline,nEOC,-0.0009998257834483756,-0.0015220062435031224,-0.0004776453233936288,Independent Welch 95%,60,300
BOOKING_LATE,CPC-v2,False,scenario minus frozen baseline,mean_eliminated,-0.1033333333333335,-0.6376655000194357,0.4309988333527687,Independent Welch 95%,60,300
BOOKING_LATE,CPC-v2,True,scenario minus frozen baseline,PGS,0.0,-0.06017185214208998,0.012642971224546162,Independent Newcombe-Wilson 95%,60,300
BOOKING_LATE,CPC-v2,True,scenario minus frozen baseline,preservation,0.0,-0.06017185214208998,0.012642971224546162,Independent Newcombe-Wilson 95%,60,300
BOOKING_LATE,CPC-v2,True,scenario minus frozen baseline,EOC,13722.484268078208,6177.566362588254,21267.40217356816,Independent Welch 95%,60,300
BOOKING_LATE,CPC-v2,True,scenario minus frozen baseline,nEOC,5.2362581323164097e-05,2.357250441836885e-05,8.115265822795935e-05,Independent Welch 95%,60,300
BOOKING_LATE,CPC-v2,True,scenario minus frozen baseline,mean_eliminated,-1.18333333333333,-1.5698960596911542,-0.796770606975506,Independent Welch 95%,60,300
BOOKING_LATE,SH,False,scenario minus frozen baseline,PGS,0.00666666666666671,-0.053699248381151934,0.023977583250307077,Independent Newcombe-Wilson 95%,60,300
BOOKING_LATE,SH,False,scenario minus frozen baseline,preservation,0.0,-0.012642971224546034,0.06017185214208986,Independent Newcombe-Wilson 95%,60,300
BOOKING_LATE,SH,False,scenario minus frozen baseline,EOC,-122015.77789564709,-185969.24431843366,-58062.311472860514,Independent Welch 95%,60,300
BOOKING_LATE,SH,False,scenario minus frozen baseline,nEOC,-0.0004655907026712676,-0.0007096258584813163,-0.00022155554686121898,Independent Welch 95%,60,300
BOOKING_LATE,SH,False,scenario minus frozen baseline,mean_eliminated,0.0,0.0,0.0,Independent Welch 95%,60,300
BOOKING_LATE,SH,True,scenario minus frozen baseline,PGS,0.0,-0.06017185214208998,0.012642971224546162,Independent Newcombe-Wilson 95%,60,300
BOOKING_LATE,SH,True,scenario minus frozen baseline,preservation,0.0,-0.012642971224546034,0.06017185214208986,Independent Newcombe-Wilson 95%,60,300
BOOKING_LATE,SH,True,scenario minus frozen baseline,EOC,6237.492849126458,848.2657737764921,11626.719924476423,Independent Welch 95%,60,300
BOOKING_LATE,SH,True,scenario minus frozen baseline,nEOC,2.3801173328710954e-05,3.236832682428635e-06,4.4365513974993276e-05,Independent Welch 95%,60,300
BOOKING_LATE,SH,True,scenario minus frozen baseline,mean_eliminated,0.0,0.0,0.0,Independent Welch 95%,60,300
BOOKING_LATE,Uniform,False,scenario minus frozen baseline,PGS,-0.039999999999999925,-0.151870986037757,0.03472525585925876,Independent Newcombe-Wilson 95%,60,300
BOOKING_LATE,Uniform,False,scenario minus frozen baseline,preservation,0.0,-0.06017185214208998,0.012642971224546162,Independent Newcombe-Wilson 95%,60,300
BOOKING_LATE,Uniform,False,scenario minus frozen baseline,EOC,-184291.3924079637,-344967.46507268306,-23615.319743244298,Independent Welch 95%,60,300
BOOKING_LATE,Uniform,False,scenario minus frozen baseline,nEOC,-0.0007032234713192057,-0.0013163350447946158,-9.011189784379555e-05,Independent Welch 95%,60,300
BOOKING_LATE,Uniform,False,scenario minus frozen baseline,mean_eliminated,0.0,0.0,0.0,Independent Welch 95%,60,300
BOOKING_LATE,Uniform,True,scenario minus frozen baseline,PGS,0.0,-0.06017185214208998,0.012642971224546162,Independent Newcombe-Wilson 95%,60,300
BOOKING_LATE,Uniform,True,scenario minus frozen baseline,preservation,0.0,-0.06017185214208998,0.012642971224546162,Independent Newcombe-Wilson 95%,60,300
BOOKING_LATE,Uniform,True,scenario minus frozen baseline,EOC,22454.97425685525,13519.429513206287,31390.519000504213,Independent Welch 95%,60,300
BOOKING_LATE,Uniform,True,scenario minus frozen baseline,nEOC,8.568422398335941e-05,5.158776016780156e-05,0.00011978068779891726,Independent Welch 95%,60,300
BOOKING_LATE,Uniform,True,scenario minus frozen baseline,mean_eliminated,0.0,0.0,0.0,Independent Welch 95%,60,300
CAP_HIGH,CPC-v2,False,scenario minus frozen baseline,PGS,0.020000000000000018,-0.07639813847626915,0.0750065500755089,Independent Newcombe-Wilson 95%,60,300
CAP_HIGH,CPC-v2,False,scenario minus frozen baseline,preservation,0.0,-0.06017185214208998,0.012642971224546162,Independent Newcombe-Wilson 95%,60,300
CAP_HIGH,CPC-v2,False,scenario minus frozen baseline,EOC,-72414.05475783657,-240392.99927768015,95564.88976200702,Independent Welch 95%,60,300
CAP_HIGH,CPC-v2,False,scenario minus frozen baseline,nEOC,-0.00027631926968339706,-0.0009172973149970104,0.0003646587756302163,Independent Welch 95%,60,300
CAP_HIGH,CPC-v2,False,scenario minus frozen baseline,mean_eliminated,0.06333333333333346,-0.5329161323510732,0.6595827990177401,Independent Welch 95%,60,300
CAP_HIGH,CPC-v2,True,scenario minus frozen baseline,PGS,0.0,-0.06017185214208998,0.012642971224546162,Independent Newcombe-Wilson 95%,60,300
CAP_HIGH,CPC-v2,True,scenario minus frozen baseline,preservation,0.0,-0.06017185214208998,0.012642971224546162,Independent Newcombe-Wilson 95%,60,300
CAP_HIGH,CPC-v2,True,scenario minus frozen baseline,EOC,0.0,0.0,0.0,Independent Welch 95%,60,300
CAP_HIGH,CPC-v2,True,scenario minus frozen baseline,nEOC,0.0,0.0,0.0,Independent Welch 95%,60,300
CAP_HIGH,CPC-v2,True,scenario minus frozen baseline,mean_eliminated,0.25,0.08810022525869499,0.411899774741305,Independent Welch 95%,60,300
CAP_HIGH,SH,False,scenario minus frozen baseline,PGS,0.00666666666666671,-0.053699248381151934,0.023977583250307077,Independent Newcombe-Wilson 95%,60,300
CAP_HIGH,SH,False,scenario minus frozen baseline,preservation,0.0,-0.012642971224546034,0.06017185214208986,Independent Newcombe-Wilson 95%,60,300
CAP_HIGH,SH,False,scenario minus frozen baseline,EOC,-60612.276184117596,-149570.81618899934,28346.263820764158,Independent Welch 95%,60,300
CAP_HIGH,SH,False,scenario minus frozen baseline,nEOC,-0.00023128576275769524,-0.0005707358721108115,0.00010816434659542104,Independent Welch 95%,60,300
CAP_HIGH,SH,False,scenario minus frozen baseline,mean_eliminated,0.0,0.0,0.0,Independent Welch 95%,60,300
CAP_HIGH,SH,True,scenario minus frozen baseline,PGS,0.0,-0.06017185214208998,0.012642971224546162,Independent Newcombe-Wilson 95%,60,300
CAP_HIGH,SH,True,scenario minus frozen baseline,preservation,0.0,-0.012642971224546034,0.06017185214208986,Independent Newcombe-Wilson 95%,60,300
CAP_HIGH,SH,True,scenario minus frozen baseline,EOC,0.0,0.0,0.0,Independent Welch 95%,60,300
CAP_HIGH,SH,True,scenario minus frozen baseline,nEOC,0.0,0.0,0.0,Independent Welch 95%,60,300
CAP_HIGH,SH,True,scenario minus frozen baseline,mean_eliminated,0.0,0.0,0.0,Independent Welch 95%,60,300
CAP_HIGH,Uniform,False,scenario minus frozen baseline,PGS,-0.07333333333333325,-0.19037380587192865,0.009555757833389786,Independent Newcombe-Wilson 95%,60,300
CAP_HIGH,Uniform,False,scenario minus frozen baseline,preservation,0.0,-0.06017185214208998,0.012642971224546162,Independent Newcombe-Wilson 95%,60,300
CAP_HIGH,Uniform,False,scenario minus frozen baseline,EOC,51914.18949992501,-149804.7377790448,253633.11677889482,Independent Welch 95%,60,300
CAP_HIGH,Uniform,False,scenario minus frozen baseline,nEOC,0.00019809539704407136,-0.0005716284756687906,0.0009678192697569333,Independent Welch 95%,60,300
CAP_HIGH,Uniform,False,scenario minus frozen baseline,mean_eliminated,0.0,0.0,0.0,Independent Welch 95%,60,300
CAP_HIGH,Uniform,True,scenario minus frozen baseline,PGS,0.0,-0.06017185214208998,0.012642971224546162,Independent Newcombe-Wilson 95%,60,300
CAP_HIGH,Uniform,True,scenario minus frozen baseline,preservation,0.0,-0.06017185214208998,0.012642971224546162,Independent Newcombe-Wilson 95%,60,300
CAP_HIGH,Uniform,True,scenario minus frozen baseline,EOC,0.0,0.0,0.0,Independent Welch 95%,60,300
CAP_HIGH,Uniform,True,scenario minus frozen baseline,nEOC,0.0,0.0,0.0,Independent Welch 95%,60,300
CAP_HIGH,Uniform,True,scenario minus frozen baseline,mean_eliminated,0.0,0.0,0.0,Independent Welch 95%,60,300
CAP_LOW,CPC-v2,False,scenario minus frozen baseline,PGS,0.036666666666666625,-0.054383674070730054,0.0863622047758904,Independent Newcombe-Wilson 95%,60,300
CAP_LOW,CPC-v2,False,scenario minus frozen baseline,preservation,0.0,-0.06017185214208998,0.012642971224546162,Independent Newcombe-Wilson 95%,60,300
CAP_LOW,CPC-v2,False,scenario minus frozen baseline,EOC,-153139.579584767,-278266.2787528577,-28012.880416676315,Independent Welch 95%,60,300
CAP_LOW,CPC-v2,False,scenario minus frozen baseline,nEOC,-0.0005843536442199568,-0.0010618150741543066,-0.00010689221428560709,Independent Welch 95%,60,300
CAP_LOW,CPC-v2,False,scenario minus frozen baseline,mean_eliminated,-0.03666666666666707,-0.7325971961979559,0.6592638628646218,Independent Welch 95%,60,300
CAP_LOW,CPC-v2,True,scenario minus frozen baseline,PGS,0.0,-0.06017185214208998,0.012642971224546162,Independent Newcombe-Wilson 95%,60,300
CAP_LOW,CPC-v2,True,scenario minus frozen baseline,preservation,0.0,-0.06017185214208998,0.012642971224546162,Independent Newcombe-Wilson 95%,60,300
CAP_LOW,CPC-v2,True,scenario minus frozen baseline,EOC,0.0,0.0,0.0,Independent Welch 95%,60,300
CAP_LOW,CPC-v2,True,scenario minus frozen baseline,nEOC,0.0,0.0,0.0,Independent Welch 95%,60,300
CAP_LOW,CPC-v2,True,scenario minus frozen baseline,mean_eliminated,-0.2666666666666657,-0.46296607544661716,-0.07036725788671425,Independent Welch 95%,60,300
CAP_LOW,SH,False,scenario minus frozen baseline,PGS,-0.010000000000000009,-0.08204715141611738,0.012087672212335629,Independent Newcombe-Wilson 95%,60,300
CAP_LOW,SH,False,scenario minus frozen baseline,preservation,0.0,-0.012642971224546034,0.06017185214208986,Independent Newcombe-Wilson 95%,60,300
CAP_LOW,SH,False,scenario minus frozen baseline,EOC,-2253.1112854920793,-88815.0302249783,84308.80765399414,Independent Welch 95%,60,300
CAP_LOW,SH,False,scenario minus frozen baseline,nEOC,-8.59747554538394e-06,-0.00033890250132718883,0.00032170755023642095,Independent Welch 95%,60,300
CAP_LOW,SH,False,scenario minus frozen baseline,mean_eliminated,0.0,0.0,0.0,Independent Welch 95%,60,300
CAP_LOW,SH,True,scenario minus frozen baseline,PGS,0.0,-0.06017185214208998,0.012642971224546162,Independent Newcombe-Wilson 95%,60,300
CAP_LOW,SH,True,scenario minus frozen baseline,preservation,0.0,-0.012642971224546034,0.06017185214208986,Independent Newcombe-Wilson 95%,60,300
CAP_LOW,SH,True,scenario minus frozen baseline,EOC,0.0,0.0,0.0,Independent Welch 95%,60,300
CAP_LOW,SH,True,scenario minus frozen baseline,nEOC,0.0,0.0,0.0,Independent Welch 95%,60,300
CAP_LOW,SH,True,scenario minus frozen baseline,mean_eliminated,0.0,0.0,0.0,Independent Welch 95%,60,300
CAP_LOW,Uniform,False,scenario minus frozen baseline,PGS,-0.023333333333333317,-0.1321117359126069,0.04697297362807254,Independent Newcombe-Wilson 95%,60,300
CAP_LOW,Uniform,False,scenario minus frozen baseline,preservation,0.0,-0.06017185214208998,0.012642971224546162,Independent Newcombe-Wilson 95%,60,300
CAP_LOW,Uniform,False,scenario minus frozen baseline,EOC,-84961.41744438611,-256118.50654194018,86195.67165316796,Independent Welch 95%,60,300
CAP_LOW,Uniform,False,scenario minus frozen baseline,nEOC,-0.0003241977941714194,-0.0009773030790326312,0.00032890749068979254,Independent Welch 95%,60,300
CAP_LOW,Uniform,False,scenario minus frozen baseline,mean_eliminated,0.0,0.0,0.0,Independent Welch 95%,60,300
CAP_LOW,Uniform,True,scenario minus frozen baseline,PGS,0.0,-0.06017185214208998,0.012642971224546162,Independent Newcombe-Wilson 95%,60,300
CAP_LOW,Uniform,True,scenario minus frozen baseline,preservation,0.0,-0.06017185214208998,0.012642971224546162,Independent Newcombe-Wilson 95%,60,300
CAP_LOW,Uniform,True,scenario minus frozen baseline,EOC,0.0,0.0,0.0,Independent Welch 95%,60,300
CAP_LOW,Uniform,True,scenario minus frozen baseline,nEOC,0.0,0.0,0.0,Independent Welch 95%,60,300
CAP_LOW,Uniform,True,scenario minus frozen baseline,mean_eliminated,0.0,0.0,0.0,Independent Welch 95%,60,300
DISPERSION_HIGH,CPC-v2,False,scenario minus frozen baseline,PGS,0.020000000000000018,-0.07639813847626915,0.0750065500755089,Independent Newcombe-Wilson 95%,60,300
DISPERSION_HIGH,CPC-v2,False,scenario minus frozen baseline,preservation,0.0,-0.06017185214208998,0.012642971224546162,Independent Newcombe-Wilson 95%,60,300
DISPERSION_HIGH,CPC-v2,False,scenario minus frozen baseline,EOC,-87565.35488261242,-264036.7778872638,88906.06812203894,Independent Welch 95%,60,300
DISPERSION_HIGH,CPC-v2,False,scenario minus frozen baseline,nEOC,-0.0003341339604810969,-0.0010075178068587654,0.0003392498858965715,Independent Welch 95%,60,300
DISPERSION_HIGH,CPC-v2,False,scenario minus frozen baseline,mean_eliminated,-0.8033333333333337,-1.3612289038437806,-0.24543776282288676,Independent Welch 95%,60,300
DISPERSION_HIGH,CPC-v2,True,scenario minus frozen baseline,PGS,0.0,-0.06017185214208998,0.012642971224546162,Independent Newcombe-Wilson 95%,60,300
DISPERSION_HIGH,CPC-v2,True,scenario minus frozen baseline,preservation,0.0,-0.06017185214208998,0.012642971224546162,Independent Newcombe-Wilson 95%,60,300
DISPERSION_HIGH,CPC-v2,True,scenario minus frozen baseline,EOC,23076.971694091957,16650.170428611524,29503.77295957239,Independent Welch 95%,60,300
DISPERSION_HIGH,CPC-v2,True,scenario minus frozen baseline,nEOC,8.805765657426943e-05,6.353411569513223e-05,0.00011258119745340662,Independent Welch 95%,60,300
DISPERSION_HIGH,CPC-v2,True,scenario minus frozen baseline,mean_eliminated,-2.1666666666666643,-2.758830618958471,-1.5745027143748578,Independent Welch 95%,60,300
DISPERSION_HIGH,SH,False,scenario minus frozen baseline,PGS,0.00666666666666671,-0.053699248381151934,0.023977583250307077,Independent Newcombe-Wilson 95%,60,300
DISPERSION_HIGH,SH,False,scenario minus frozen baseline,preservation,0.0,-0.012642971224546034,0.06017185214208986,Independent Newcombe-Wilson 95%,60,300
DISPERSION_HIGH,SH,False,scenario minus frozen baseline,EOC,-114042.96265582125,-187262.83369170866,-40823.09161993384,Independent Welch 95%,60,300
DISPERSION_HIGH,SH,False,scenario minus frozen baseline,nEOC,-0.0004351678449572971,-0.0007145619675293303,-0.0001557737223852639,Independent Welch 95%,60,300
DISPERSION_HIGH,SH,False,scenario minus frozen baseline,mean_eliminated,0.0,0.0,0.0,Independent Welch 95%,60,300
DISPERSION_HIGH,SH,True,scenario minus frozen baseline,PGS,0.0,-0.06017185214208998,0.012642971224546162,Independent Newcombe-Wilson 95%,60,300
DISPERSION_HIGH,SH,True,scenario minus frozen baseline,preservation,0.0,-0.012642971224546034,0.06017185214208986,Independent Newcombe-Wilson 95%,60,300
DISPERSION_HIGH,SH,True,scenario minus frozen baseline,EOC,15659.373649562398,9666.852237031453,21651.895062093343,Independent Welch 95%,60,300
DISPERSION_HIGH,SH,True,scenario minus frozen baseline,nEOC,5.975340981825425e-05,3.688700431437691e-05,8.261981532213159e-05,Independent Welch 95%,60,300
DISPERSION_HIGH,SH,True,scenario minus frozen baseline,mean_eliminated,0.0,0.0,0.0,Independent Welch 95%,60,300
DISPERSION_HIGH,Uniform,False,scenario minus frozen baseline,PGS,0.07666666666666666,-0.00046744668167589265,0.1173043069384482,Independent Newcombe-Wilson 95%,60,300
DISPERSION_HIGH,Uniform,False,scenario minus frozen baseline,preservation,0.0,-0.06017185214208998,0.012642971224546162,Independent Newcombe-Wilson 95%,60,300
DISPERSION_HIGH,Uniform,False,scenario minus frozen baseline,EOC,-234465.1990645752,-385883.7340024674,-83046.66412668297,Independent Welch 95%,60,300
DISPERSION_HIGH,Uniform,False,scenario minus frozen baseline,nEOC,-0.0008946778741827669,-0.0014724643153713878,-0.0003168914329941461,Independent Welch 95%,60,300
DISPERSION_HIGH,Uniform,False,scenario minus frozen baseline,mean_eliminated,0.0,0.0,0.0,Independent Welch 95%,60,300
DISPERSION_HIGH,Uniform,True,scenario minus frozen baseline,PGS,0.0,-0.06017185214208998,0.012642971224546162,Independent Newcombe-Wilson 95%,60,300
DISPERSION_HIGH,Uniform,True,scenario minus frozen baseline,preservation,0.0,-0.06017185214208998,0.012642971224546162,Independent Newcombe-Wilson 95%,60,300
DISPERSION_HIGH,Uniform,True,scenario minus frozen baseline,EOC,15659.373649562398,9666.852237031453,21651.895062093343,Independent Welch 95%,60,300
DISPERSION_HIGH,Uniform,True,scenario minus frozen baseline,nEOC,5.975340981825426e-05,3.6887004314376914e-05,8.26198153221316e-05,Independent Welch 95%,60,300
DISPERSION_HIGH,Uniform,True,scenario minus frozen baseline,mean_eliminated,0.0,0.0,0.0,Independent Welch 95%,60,300
DISPERSION_LOW,CPC-v2,False,scenario minus frozen baseline,PGS,-0.013333333333333308,-0.11831632848589962,0.05176258368839386,Independent Newcombe-Wilson 95%,60,300
DISPERSION_LOW,CPC-v2,False,scenario minus frozen baseline,preservation,0.0,-0.06017185214208998,0.012642971224546162,Independent Newcombe-Wilson 95%,60,300
DISPERSION_LOW,CPC-v2,False,scenario minus frozen baseline,EOC,8979.250409978558,-182746.2203527173,200704.7211726744,Independent Welch 95%,60,300
DISPERSION_LOW,CPC-v2,False,scenario minus frozen baseline,nEOC,3.426323693496913e-05,-0.0006973273670992627,0.000765853840969201,Independent Welch 95%,60,300
DISPERSION_LOW,CPC-v2,False,scenario minus frozen baseline,mean_eliminated,-0.28666666666666707,-0.7244463492558642,0.15111301592253001,Independent Welch 95%,60,300
DISPERSION_LOW,CPC-v2,True,scenario minus frozen baseline,PGS,0.0,-0.06017185214208998,0.012642971224546162,Independent Newcombe-Wilson 95%,60,300
DISPERSION_LOW,CPC-v2,True,scenario minus frozen baseline,preservation,0.0,-0.06017185214208998,0.012642971224546162,Independent Newcombe-Wilson 95%,60,300
DISPERSION_LOW,CPC-v2,True,scenario minus frozen baseline,EOC,0.0,0.0,0.0,Independent Welch 95%,60,300
DISPERSION_LOW,CPC-v2,True,scenario minus frozen baseline,nEOC,0.0,0.0,0.0,Independent Welch 95%,60,300
DISPERSION_LOW,CPC-v2,True,scenario minus frozen baseline,mean_eliminated,0.3000000000000007,0.1729686881138888,0.42703131188611265,Independent Welch 95%,60,300
DISPERSION_LOW,SH,False,scenario minus frozen baseline,PGS,0.00666666666666671,-0.053699248381151934,0.023977583250307077,Independent Newcombe-Wilson 95%,60,300
DISPERSION_LOW,SH,False,scenario minus frozen baseline,preservation,0.0,-0.012642971224546034,0.06017185214208986,Independent Newcombe-Wilson 95%,60,300
DISPERSION_LOW,SH,False,scenario minus frozen baseline,EOC,-351.25341531515005,-103972.96739417677,103270.46056354647,Independent Welch 95%,60,300
DISPERSION_LOW,SH,False,scenario minus frozen baseline,nEOC,-1.3403211229955558e-06,-0.00039674251791659926,0.00039406187567060815,Independent Welch 95%,60,300
DISPERSION_LOW,SH,False,scenario minus frozen baseline,mean_eliminated,0.0,0.0,0.0,Independent Welch 95%,60,300
DISPERSION_LOW,SH,True,scenario minus frozen baseline,PGS,0.0,-0.06017185214208998,0.012642971224546162,Independent Newcombe-Wilson 95%,60,300
DISPERSION_LOW,SH,True,scenario minus frozen baseline,preservation,0.0,-0.012642971224546034,0.06017185214208986,Independent Newcombe-Wilson 95%,60,300
DISPERSION_LOW,SH,True,scenario minus frozen baseline,EOC,0.0,0.0,0.0,Independent Welch 95%,60,300
DISPERSION_LOW,SH,True,scenario minus frozen baseline,nEOC,0.0,0.0,0.0,Independent Welch 95%,60,300
DISPERSION_LOW,SH,True,scenario minus frozen baseline,mean_eliminated,0.0,0.0,0.0,Independent Welch 95%,60,300
DISPERSION_LOW,Uniform,False,scenario minus frozen baseline,PGS,0.043333333333333335,-0.048056874127478125,0.09375530854367133,Independent Newcombe-Wilson 95%,60,300
DISPERSION_LOW,Uniform,False,scenario minus frozen baseline,preservation,0.0,-0.06017185214208998,0.012642971224546162,Independent Newcombe-Wilson 95%,60,300
DISPERSION_LOW,Uniform,False,scenario minus frozen baseline,EOC,-10780.530302104424,-178726.0113578195,157164.95075361064,Independent Welch 95%,60,300
DISPERSION_LOW,Uniform,False,scenario minus frozen baseline,nEOC,-4.1136603520393594e-05,-0.0006819869581529645,0.0005997137511121773,Independent Welch 95%,60,300
DISPERSION_LOW,Uniform,False,scenario minus frozen baseline,mean_eliminated,0.0,0.0,0.0,Independent Welch 95%,60,300
DISPERSION_LOW,Uniform,True,scenario minus frozen baseline,PGS,0.0,-0.06017185214208998,0.012642971224546162,Independent Newcombe-Wilson 95%,60,300
DISPERSION_LOW,Uniform,True,scenario minus frozen baseline,preservation,0.0,-0.06017185214208998,0.012642971224546162,Independent Newcombe-Wilson 95%,60,300
DISPERSION_LOW,Uniform,True,scenario minus frozen baseline,EOC,0.0,0.0,0.0,Independent Welch 95%,60,300
DISPERSION_LOW,Uniform,True,scenario minus frozen baseline,nEOC,0.0,0.0,0.0,Independent Welch 95%,60,300
DISPERSION_LOW,Uniform,True,scenario minus frozen baseline,mean_eliminated,0.0,0.0,0.0,Independent Welch 95%,60,300
ETA_HIGH,CPC-v2,False,scenario minus frozen baseline,PGS,-0.07999999999999996,-0.19677528308988834,0.0024492107803264773,Independent Newcombe-Wilson 95%,60,300
ETA_HIGH,CPC-v2,False,scenario minus frozen baseline,preservation,0.0,-0.06017185214208998,0.012642971224546162,Independent Newcombe-Wilson 95%,60,300
ETA_HIGH,CPC-v2,False,scenario minus frozen baseline,EOC,-250954.95131989825,-421808.8107815838,-80101.09185821272,Independent Welch 95%,60,300
ETA_HIGH,CPC-v2,False,scenario minus frozen baseline,nEOC,-0.0009575998624029882,-0.0016095480764191858,-0.00030565164838679043,Independent Welch 95%,60,300
ETA_HIGH,CPC-v2,False,scenario minus frozen baseline,mean_eliminated,11.18,10.186968269033741,12.173031730966258,Independent Welch 95%,60,300
ETA_HIGH,CPC-v2,True,scenario minus frozen baseline,PGS,0.0,-0.06017185214208998,0.012642971224546162,Independent Newcombe-Wilson 95%,60,300
ETA_HIGH,CPC-v2,True,scenario minus frozen baseline,preservation,0.0,-0.06017185214208998,0.012642971224546162,Independent Newcombe-Wilson 95%,60,300
ETA_HIGH,CPC-v2,True,scenario minus frozen baseline,EOC,0.0,0.0,0.0,Independent Welch 95%,60,300
ETA_HIGH,CPC-v2,True,scenario minus frozen baseline,nEOC,0.0,0.0,0.0,Independent Welch 95%,60,300
ETA_HIGH,CPC-v2,True,scenario minus frozen baseline,mean_eliminated,2.1333333333333364,1.9080875177232297,2.358579148943443,Independent Welch 95%,60,300
ETA_HIGH,SH,False,scenario minus frozen baseline,PGS,-0.026666666666666616,-0.10711658947582846,0.0030419389674365693,Independent Newcombe-Wilson 95%,60,300
ETA_HIGH,SH,False,scenario minus frozen baseline,preservation,0.9666666666666667,0.8853731067001239,0.9908106807438021,Independent Newcombe-Wilson 95%,60,300
ETA_HIGH,SH,False,scenario minus frozen baseline,EOC,-149407.09875262063,-232098.535163523,-66715.66234171827,Independent Welch 95%,60,300
ETA_HIGH,SH,False,scenario minus frozen baseline,nEOC,-0.0005701111552294562,-0.0008856471018705175,-0.00025457520858839503,Independent Welch 95%,60,300
ETA_HIGH,SH,False,scenario minus frozen baseline,mean_eliminated,0.0,0.0,0.0,Independent Welch 95%,60,300
ETA_HIGH,SH,True,scenario minus frozen baseline,PGS,0.0,-0.06017185214208998,0.012642971224546162,Independent Newcombe-Wilson 95%,60,300
ETA_HIGH,SH,True,scenario minus frozen baseline,preservation,1.0,0.938514257655988,1.0,Independent Newcombe-Wilson 95%,60,300
ETA_HIGH,SH,True,scenario minus frozen baseline,EOC,0.0,0.0,0.0,Independent Welch 95%,60,300
ETA_HIGH,SH,True,scenario minus frozen baseline,nEOC,0.0,0.0,0.0,Independent Welch 95%,60,300
ETA_HIGH,SH,True,scenario minus frozen baseline,mean_eliminated,0.0,0.0,0.0,Independent Welch 95%,60,300
ETA_HIGH,Uniform,False,scenario minus frozen baseline,PGS,-0.05666666666666664,-0.17127766240098966,0.022249447216978135,Independent Newcombe-Wilson 95%,60,300
ETA_HIGH,Uniform,False,scenario minus frozen baseline,preservation,0.0,-0.06017185214208998,0.012642971224546162,Independent Newcombe-Wilson 95%,60,300
ETA_HIGH,Uniform,False,scenario minus frozen baseline,EOC,-310350.0195552459,-478226.96323648,-142473.07587401173,Independent Welch 95%,60,300
ETA_HIGH,Uniform,False,scenario minus frozen baseline,nEOC,-0.0011842409741660426,-0.001824829802257586,-0.0005436521460744991,Independent Welch 95%,60,300
ETA_HIGH,Uniform,False,scenario minus frozen baseline,mean_eliminated,0.0,0.0,0.0,Independent Welch 95%,60,300
ETA_HIGH,Uniform,True,scenario minus frozen baseline,PGS,0.0,-0.06017185214208998,0.012642971224546162,Independent Newcombe-Wilson 95%,60,300
ETA_HIGH,Uniform,True,scenario minus frozen baseline,preservation,0.0,-0.06017185214208998,0.012642971224546162,Independent Newcombe-Wilson 95%,60,300
ETA_HIGH,Uniform,True,scenario minus frozen baseline,EOC,0.0,0.0,0.0,Independent Welch 95%,60,300
ETA_HIGH,Uniform,True,scenario minus frozen baseline,nEOC,0.0,0.0,0.0,Independent Welch 95%,60,300
ETA_HIGH,Uniform,True,scenario minus frozen baseline,mean_eliminated,0.0,0.0,0.0,Independent Welch 95%,60,300
ETA_LOW,CPC-v2,False,scenario minus frozen baseline,PGS,0.08666666666666667,0.020781026022560087,0.12395595869424836,Independent Newcombe-Wilson 95%,60,300
ETA_LOW,CPC-v2,False,scenario minus frozen baseline,preservation,0.0,-0.06017185214208998,0.012642971224546162,Independent Newcombe-Wilson 95%,60,300
ETA_LOW,CPC-v2,False,scenario minus frozen baseline,EOC,-521862.1157470406,-588120.3209742446,-455603.9105198366,Independent Welch 95%,60,300
ETA_LOW,CPC-v2,False,scenario minus frozen baseline,nEOC,-0.00199133385336428,-0.0022441634862323707,-0.001738504220496189,Independent Welch 95%,60,300
ETA_LOW,CPC-v2,False,scenario minus frozen baseline,mean_eliminated,19.646666666666665,18.752544485710587,20.540788847622743,Independent Welch 95%,60,300
ETA_LOW,CPC-v2,True,scenario minus frozen baseline,PGS,0.0,-0.06017185214208998,0.012642971224546162,Independent Newcombe-Wilson 95%,60,300
ETA_LOW,CPC-v2,True,scenario minus frozen baseline,preservation,0.0,-0.06017185214208998,0.012642971224546162,Independent Newcombe-Wilson 95%,60,300
ETA_LOW,CPC-v2,True,scenario minus frozen baseline,EOC,0.0,0.0,0.0,Independent Welch 95%,60,300
ETA_LOW,CPC-v2,True,scenario minus frozen baseline,nEOC,0.0,0.0,0.0,Independent Welch 95%,60,300
ETA_LOW,CPC-v2,True,scenario minus frozen baseline,mean_eliminated,4.283333333333335,4.204781777565176,4.361884889101494,Independent Welch 95%,60,300
ETA_LOW,SH,False,scenario minus frozen baseline,PGS,0.00666666666666671,-0.053699248381151934,0.023977583250307077,Independent Newcombe-Wilson 95%,60,300
ETA_LOW,SH,False,scenario minus frozen baseline,preservation,1.0,0.938514257655988,1.0,Independent Newcombe-Wilson 95%,60,300
ETA_LOW,SH,False,scenario minus frozen baseline,EOC,-201633.1507067728,-240761.64530340352,-162504.6561101421,Independent Welch 95%,60,300
ETA_LOW,SH,False,scenario minus frozen baseline,nEOC,-0.0007693965644318288,-0.000918704003255805,-0.0006200891256078527,Independent Welch 95%,60,300
ETA_LOW,SH,False,scenario minus frozen baseline,mean_eliminated,0.0,0.0,0.0,Independent Welch 95%,60,300
ETA_LOW,SH,True,scenario minus frozen baseline,PGS,0.0,-0.06017185214208998,0.012642971224546162,Independent Newcombe-Wilson 95%,60,300
ETA_LOW,SH,True,scenario minus frozen baseline,preservation,1.0,0.938514257655988,1.0,Independent Newcombe-Wilson 95%,60,300
ETA_LOW,SH,True,scenario minus frozen baseline,EOC,0.0,0.0,0.0,Independent Welch 95%,60,300
ETA_LOW,SH,True,scenario minus frozen baseline,nEOC,0.0,0.0,0.0,Independent Welch 95%,60,300
ETA_LOW,SH,True,scenario minus frozen baseline,mean_eliminated,0.0,0.0,0.0,Independent Welch 95%,60,300
ETA_LOW,Uniform,False,scenario minus frozen baseline,PGS,0.09333333333333338,0.026978807380550973,0.13158539701707328,Independent Newcombe-Wilson 95%,60,300
ETA_LOW,Uniform,False,scenario minus frozen baseline,preservation,0.0,-0.06017185214208998,0.012642971224546162,Independent Newcombe-Wilson 95%,60,300
ETA_LOW,Uniform,False,scenario minus frozen baseline,EOC,-558861.8268258453,-626140.443104674,-491583.2105470166,Independent Welch 95%,60,300
ETA_LOW,Uniform,False,scenario minus frozen baseline,nEOC,-0.0021325182294910094,-0.0023892415710804905,-0.0018757948879015286,Independent Welch 95%,60,300
ETA_LOW,Uniform,False,scenario minus frozen baseline,mean_eliminated,0.0,0.0,0.0,Independent Welch 95%,60,300
ETA_LOW,Uniform,True,scenario minus frozen baseline,PGS,0.0,-0.06017185214208998,0.012642971224546162,Independent Newcombe-Wilson 95%,60,300
ETA_LOW,Uniform,True,scenario minus frozen baseline,preservation,0.0,-0.06017185214208998,0.012642971224546162,Independent Newcombe-Wilson 95%,60,300
ETA_LOW,Uniform,True,scenario minus frozen baseline,EOC,0.0,0.0,0.0,Independent Welch 95%,60,300
ETA_LOW,Uniform,True,scenario minus frozen baseline,nEOC,0.0,0.0,0.0,Independent Welch 95%,60,300
ETA_LOW,Uniform,True,scenario minus frozen baseline,mean_eliminated,0.0,0.0,0.0,Independent Welch 95%,60,300
