scenario,method,crn,policy_id,selection_count,selection_frequency,M
BASELINE,CPC-v2,False,HYB_01,0,0.0,300
BASELINE,CPC-v2,False,HYB_02,0,0.0,300
BASELINE,CPC-v2,False,HYB_03,2,0.006666666666666667,300
BASELINE,CPC-v2,False,HYB_04,13,0.043333333333333335,300
BASELINE,CPC-v2,False,HYB_05,0,0.0,300
BASELINE,CPC-v2,False,HYB_06,74,0.24666666666666667,300
BASELINE,CPC-v2,False,HYB_07,23,0.07666666666666666,300
BASELINE,CPC-v2,False,HYB_08,131,0.43666666666666665,300
BASELINE,CPC-v2,False,INV_01,0,0.0,300
BASELINE,CPC-v2,False,INV_02,0,0.0,300
BASELINE,CPC-v2,False,INV_03,0,0.0,300
BASELINE,CPC-v2,False,INV_04,0,0.0,300
BASELINE,CPC-v2,False,INV_05,0,0.0,300
BASELINE,CPC-v2,False,INV_06,0,0.0,300
BASELINE,CPC-v2,False,INV_07,0,0.0,300
BASELINE,CPC-v2,False,INV_08,0,0.0,300
BASELINE,CPC-v2,False,STATIC_085,0,0.0,300
BASELINE,CPC-v2,False,STATIC_100,0,0.0,300
BASELINE,CPC-v2,False,STATIC_115,0,0.0,300
BASELINE,CPC-v2,False,STATIC_130,0,0.0,300
BASELINE,CPC-v2,False,TIME_EARLY_DISCOUNT,0,0.0,300
BASELINE,CPC-v2,False,TIME_FLAT_THEN_SURGE,0,0.0,300
BASELINE,CPC-v2,False,TIME_HIGH_EARLY_NORMALIZE,0,0.0,300
BASELINE,CPC-v2,False,TIME_LATE_SURGE,0,0.0,300
BASELINE,CPC-v2,False,TIME_MILD_INCREASE,0,0.0,300
BASELINE,CPC-v2,False,TIME_MODERATE_INCREASE,0,0.0,300
BASELINE,CPC-v2,False,VEL_01,0,0.0,300
BASELINE,CPC-v2,False,VEL_02,0,0.0,300
BASELINE,CPC-v2,False,VEL_03,0,0.0,300
BASELINE,CPC-v2,False,VEL_04,1,0.0033333333333333335,300
BASELINE,CPC-v2,False,VEL_05,10,0.03333333333333333,300
BASELINE,CPC-v2,False,VEL_06,46,0.15333333333333332,300
BASELINE,CPC-v2,True,HYB_01,0,0.0,300
BASELINE,CPC-v2,True,HYB_02,0,0.0,300
BASELINE,CPC-v2,True,HYB_03,0,0.0,300
BASELINE,CPC-v2,True,HYB_04,0,0.0,300
BASELINE,CPC-v2,True,HYB_05,0,0.0,300
BASELINE,CPC-v2,True,HYB_06,0,0.0,300
BASELINE,CPC-v2,True,HYB_07,0,0.0,300
BASELINE,CPC-v2,True,HYB_08,300,1.0,300
BASELINE,CPC-v2,True,INV_01,0,0.0,300
BASELINE,CPC-v2,True,INV_02,0,0.0,300
BASELINE,CPC-v2,True,INV_03,0,0.0,300
BASELINE,CPC-v2,True,INV_04,0,0.0,300
BASELINE,CPC-v2,True,INV_05,0,0.0,300
BASELINE,CPC-v2,True,INV_06,0,0.0,300
BASELINE,CPC-v2,True,INV_07,0,0.0,300
BASELINE,CPC-v2,True,INV_08,0,0.0,300
BASELINE,CPC-v2,True,STATIC_085,0,0.0,300
BASELINE,CPC-v2,True,STATIC_100,0,0.0,300
BASELINE,CPC-v2,True,STATIC_115,0,0.0,300
BASELINE,CPC-v2,True,STATIC_130,0,0.0,300
BASELINE,CPC-v2,True,TIME_EARLY_DISCOUNT,0,0.0,300
BASELINE,CPC-v2,True,TIME_FLAT_THEN_SURGE,0,0.0,300
BASELINE,CPC-v2,True,TIME_HIGH_EARLY_NORMALIZE,0,0.0,300
BASELINE,CPC-v2,True,TIME_LATE_SURGE,0,0.0,300
BASELINE,CPC-v2,True,TIME_MILD_INCREASE,0,0.0,300
BASELINE,CPC-v2,True,TIME_MODERATE_INCREASE,0,0.0,300
BASELINE,CPC-v2,True,VEL_01,0,0.0,300
BASELINE,CPC-v2,True,VEL_02,0,0.0,300
BASELINE,CPC-v2,True,VEL_03,0,0.0,300
BASELINE,CPC-v2,True,VEL_04,0,0.0,300
BASELINE,CPC-v2,True,VEL_05,0,0.0,300
BASELINE,CPC-v2,True,VEL_06,0,0.0,300
BASELINE,SH,False,HYB_01,0,0.0,300
BASELINE,SH,False,HYB_02,0,0.0,300
BASELINE,SH,False,HYB_03,0,0.0,300
BASELINE,SH,False,HYB_04,2,0.006666666666666667,300
BASELINE,SH,False,HYB_05,0,0.0,300
BASELINE,SH,False,HYB_06,56,0.18666666666666668,300
BASELINE,SH,False,HYB_07,4,0.013333333333333334,300
BASELINE,SH,False,HYB_08,213,0.71,300
BASELINE,SH,False,INV_01,0,0.0,300
BASELINE,SH,False,INV_02,0,0.0,300
BASELINE,SH,False,INV_03,0,0.0,300
BASELINE,SH,False,INV_04,0,0.0,300
BASELINE,SH,False,INV_05,0,0.0,300
BASELINE,SH,False,INV_06,0,0.0,300
BASELINE,SH,False,INV_07,0,0.0,300
BASELINE,SH,False,INV_08,0,0.0,300
BASELINE,SH,False,STATIC_085,0,0.0,300
BASELINE,SH,False,STATIC_100,0,0.0,300
BASELINE,SH,False,STATIC_115,0,0.0,300
BASELINE,SH,False,STATIC_130,0,0.0,300
BASELINE,SH,False,TIME_EARLY_DISCOUNT,0,0.0,300
BASELINE,SH,False,TIME_FLAT_THEN_SURGE,0,0.0,300
BASELINE,SH,False,TIME_HIGH_EARLY_NORMALIZE,0,0.0,300
BASELINE,SH,False,TIME_LATE_SURGE,0,0.0,300
BASELINE,SH,False,TIME_MILD_INCREASE,0,0.0,300
BASELINE,SH,False,TIME_MODERATE_INCREASE,0,0.0,300
BASELINE,SH,False,VEL_01,0,0.0,300
BASELINE,SH,False,VEL_02,0,0.0,300
BASELINE,SH,False,VEL_03,0,0.0,300
BASELINE,SH,False,VEL_04,0,0.0,300
BASELINE,SH,False,VEL_05,0,0.0,300
BASELINE,SH,False,VEL_06,25,0.08333333333333333,300
BASELINE,SH,True,HYB_01,0,0.0,300
BASELINE,SH,True,HYB_02,0,0.0,300
BASELINE,SH,True,HYB_03,0,0.0,300
BASELINE,SH,True,HYB_04,0,0.0,300
BASELINE,SH,True,HYB_05,0,0.0,300
BASELINE,SH,True,HYB_06,0,0.0,300
BASELINE,SH,True,HYB_07,0,0.0,300
BASELINE,SH,True,HYB_08,300,1.0,300
BASELINE,SH,True,INV_01,0,0.0,300
BASELINE,SH,True,INV_02,0,0.0,300
BASELINE,SH,True,INV_03,0,0.0,300
BASELINE,SH,True,INV_04,0,0.0,300
BASELINE,SH,True,INV_05,0,0.0,300
BASELINE,SH,True,INV_06,0,0.0,300
BASELINE,SH,True,INV_07,0,0.0,300
BASELINE,SH,True,INV_08,0,0.0,300
BASELINE,SH,True,STATIC_085,0,0.0,300
BASELINE,SH,True,STATIC_100,0,0.0,300
BASELINE,SH,True,STATIC_115,0,0.0,300
BASELINE,SH,True,STATIC_130,0,0.0,300
BASELINE,SH,True,TIME_EARLY_DISCOUNT,0,0.0,300
BASELINE,SH,True,TIME_FLAT_THEN_SURGE,0,0.0,300
BASELINE,SH,True,TIME_HIGH_EARLY_NORMALIZE,0,0.0,300
BASELINE,SH,True,TIME_LATE_SURGE,0,0.0,300
BASELINE,SH,True,TIME_MILD_INCREASE,0,0.0,300
BASELINE,SH,True,TIME_MODERATE_INCREASE,0,0.0,300
BASELINE,SH,True,VEL_01,0,0.0,300
BASELINE,SH,True,VEL_02,0,0.0,300
BASELINE,SH,True,VEL_03,0,0.0,300
BASELINE,SH,True,VEL_04,0,0.0,300
BASELINE,SH,True,VEL_05,0,0.0,300
BASELINE,SH,True,VEL_06,0,0.0,300
BASELINE,Uniform,False,HYB_01,0,0.0,300
BASELINE,Uniform,False,HYB_02,0,0.0,300
BASELINE,Uniform,False,HYB_03,2,0.006666666666666667,300
BASELINE,Uniform,False,HYB_04,14,0.04666666666666667,300
BASELINE,Uniform,False,HYB_05,0,0.0,300
BASELINE,Uniform,False,HYB_06,72,0.24,300
BASELINE,Uniform,False,HYB_07,28,0.09333333333333334,300
BASELINE,Uniform,False,HYB_08,123,0.41,300
BASELINE,Uniform,False,INV_01,0,0.0,300
BASELINE,Uniform,False,INV_02,0,0.0,300
BASELINE,Uniform,False,INV_03,0,0.0,300
BASELINE,Uniform,False,INV_04,0,0.0,300
BASELINE,Uniform,False,INV_05,0,0.0,300
BASELINE,Uniform,False,INV_06,0,0.0,300
BASELINE,Uniform,False,INV_07,0,0.0,300
BASELINE,Uniform,False,INV_08,0,0.0,300
BASELINE,Uniform,False,STATIC_085,0,0.0,300
BASELINE,Uniform,False,STATIC_100,0,0.0,300
BASELINE,Uniform,False,STATIC_115,0,0.0,300
BASELINE,Uniform,False,STATIC_130,0,0.0,300
BASELINE,Uniform,False,TIME_EARLY_DISCOUNT,0,0.0,300
BASELINE,Uniform,False,TIME_FLAT_THEN_SURGE,0,0.0,300
BASELINE,Uniform,False,TIME_HIGH_EARLY_NORMALIZE,0,0.0,300
BASELINE,Uniform,False,TIME_LATE_SURGE,0,0.0,300
BASELINE,Uniform,False,TIME_MILD_INCREASE,0,0.0,300
BASELINE,Uniform,False,TIME_MODERATE_INCREASE,0,0.0,300
BASELINE,Uniform,False,VEL_01,0,0.0,300
BASELINE,Uniform,False,VEL_02,0,0.0,300
BASELINE,Uniform,False,VEL_03,0,0.0,300
BASELINE,Uniform,False,VEL_04,1,0.0033333333333333335,300
BASELINE,Uniform,False,VEL_05,11,0.03666666666666667,300
BASELINE,Uniform,False,VEL_06,49,0.16333333333333333,300
BASELINE,Uniform,True,HYB_01,0,0.0,300
BASELINE,Uniform,True,HYB_02,0,0.0,300
BASELINE,Uniform,True,HYB_03,0,0.0,300
BASELINE,Uniform,True,HYB_04,0,0.0,300
BASELINE,Uniform,True,HYB_05,0,0.0,300
BASELINE,Uniform,True,HYB_06,0,0.0,300
BASELINE,Uniform,True,HYB_07,0,0.0,300
BASELINE,Uniform,True,HYB_08,300,1.0,300
BASELINE,Uniform,True,INV_01,0,0.0,300
BASELINE,Uniform,True,INV_02,0,0.0,300
BASELINE,Uniform,True,INV_03,0,0.0,300
BASELINE,Uniform,True,INV_04,0,0.0,300
BASELINE,Uniform,True,INV_05,0,0.0,300
BASELINE,Uniform,True,INV_06,0,0.0,300
BASELINE,Uniform,True,INV_07,0,0.0,300
BASELINE,Uniform,True,INV_08,0,0.0,300
BASELINE,Uniform,True,STATIC_085,0,0.0,300
BASELINE,Uniform,True,STATIC_100,0,0.0,300
BASELINE,Uniform,True,STATIC_115,0,0.0,300
BASELINE,Uniform,True,STATIC_130,0,0.0,300
BASELINE,Uniform,True,TIME_EARLY_DISCOUNT,0,0.0,300
BASELINE,Uniform,True,TIME_FLAT_THEN_SURGE,0,0.0,300
BASELINE,Uniform,True,TIME_HIGH_EARLY_NORMALIZE,0,0.0,300
BASELINE,Uniform,True,TIME_LATE_SURGE,0,0.0,300
BASELINE,Uniform,True,TIME_MILD_INCREASE,0,0.0,300
BASELINE,Uniform,True,TIME_MODERATE_INCREASE,0,0.0,300
BASELINE,Uniform,True,VEL_01,0,0.0,300
BASELINE,Uniform,True,VEL_02,0,0.0,300
BASELINE,Uniform,True,VEL_03,0,0.0,300
BASELINE,Uniform,True,VEL_04,0,0.0,300
BASELINE,Uniform,True,VEL_05,0,0.0,300
BASELINE,Uniform,True,VEL_06,0,0.0,300
BOOKING_EARLY,CPC-v2,False,HYB_01,0,0.0,60
BOOKING_EARLY,CPC-v2,False,HYB_02,0,0.0,60
BOOKING_EARLY,CPC-v2,False,HYB_03,0,0.0,60
BOOKING_EARLY,CPC-v2,False,HYB_04,9,0.15,60
BOOKING_EARLY,CPC-v2,False,HYB_05,1,0.016666666666666666,60
BOOKING_EARLY,CPC-v2,False,HYB_06,5,0.08333333333333333,60
BOOKING_EARLY,CPC-v2,False,HYB_07,11,0.18333333333333332,60
BOOKING_EARLY,CPC-v2,False,HYB_08,24,0.4,60
BOOKING_EARLY,CPC-v2,False,INV_01,0,0.0,60
BOOKING_EARLY,CPC-v2,False,INV_02,0,0.0,60
BOOKING_EARLY,CPC-v2,False,INV_03,0,0.0,60
BOOKING_EARLY,CPC-v2,False,INV_04,0,0.0,60
BOOKING_EARLY,CPC-v2,False,INV_05,0,0.0,60
BOOKING_EARLY,CPC-v2,False,INV_06,0,0.0,60
BOOKING_EARLY,CPC-v2,False,INV_07,0,0.0,60
BOOKING_EARLY,CPC-v2,False,INV_08,0,0.0,60
BOOKING_EARLY,CPC-v2,False,STATIC_085,0,0.0,60
BOOKING_EARLY,CPC-v2,False,STATIC_100,0,0.0,60
BOOKING_EARLY,CPC-v2,False,STATIC_115,0,0.0,60
BOOKING_EARLY,CPC-v2,False,STATIC_130,0,0.0,60
BOOKING_EARLY,CPC-v2,False,TIME_EARLY_DISCOUNT,0,0.0,60
BOOKING_EARLY,CPC-v2,False,TIME_FLAT_THEN_SURGE,0,0.0,60
BOOKING_EARLY,CPC-v2,False,TIME_HIGH_EARLY_NORMALIZE,0,0.0,60
BOOKING_EARLY,CPC-v2,False,TIME_LATE_SURGE,0,0.0,60
BOOKING_EARLY,CPC-v2,False,TIME_MILD_INCREASE,0,0.0,60
BOOKING_EARLY,CPC-v2,False,TIME_MODERATE_INCREASE,0,0.0,60
BOOKING_EARLY,CPC-v2,False,VEL_01,0,0.0,60
BOOKING_EARLY,CPC-v2,False,VEL_02,0,0.0,60
BOOKING_EARLY,CPC-v2,False,VEL_03,0,0.0,60
BOOKING_EARLY,CPC-v2,False,VEL_04,0,0.0,60
BOOKING_EARLY,CPC-v2,False,VEL_05,1,0.016666666666666666,60
BOOKING_EARLY,CPC-v2,False,VEL_06,9,0.15,60
BOOKING_EARLY,CPC-v2,True,HYB_01,0,0.0,60
BOOKING_EARLY,CPC-v2,True,HYB_02,0,0.0,60
BOOKING_EARLY,CPC-v2,True,HYB_03,0,0.0,60
BOOKING_EARLY,CPC-v2,True,HYB_04,0,0.0,60
BOOKING_EARLY,CPC-v2,True,HYB_05,0,0.0,60
BOOKING_EARLY,CPC-v2,True,HYB_06,0,0.0,60
BOOKING_EARLY,CPC-v2,True,HYB_07,0,0.0,60
BOOKING_EARLY,CPC-v2,True,HYB_08,60,1.0,60
BOOKING_EARLY,CPC-v2,True,INV_01,0,0.0,60
BOOKING_EARLY,CPC-v2,True,INV_02,0,0.0,60
BOOKING_EARLY,CPC-v2,True,INV_03,0,0.0,60
BOOKING_EARLY,CPC-v2,True,INV_04,0,0.0,60
BOOKING_EARLY,CPC-v2,True,INV_05,0,0.0,60
BOOKING_EARLY,CPC-v2,True,INV_06,0,0.0,60
BOOKING_EARLY,CPC-v2,True,INV_07,0,0.0,60
BOOKING_EARLY,CPC-v2,True,INV_08,0,0.0,60
BOOKING_EARLY,CPC-v2,True,STATIC_085,0,0.0,60
BOOKING_EARLY,CPC-v2,True,STATIC_100,0,0.0,60
BOOKING_EARLY,CPC-v2,True,STATIC_115,0,0.0,60
BOOKING_EARLY,CPC-v2,True,STATIC_130,0,0.0,60
BOOKING_EARLY,CPC-v2,True,TIME_EARLY_DISCOUNT,0,0.0,60
BOOKING_EARLY,CPC-v2,True,TIME_FLAT_THEN_SURGE,0,0.0,60
BOOKING_EARLY,CPC-v2,True,TIME_HIGH_EARLY_NORMALIZE,0,0.0,60
BOOKING_EARLY,CPC-v2,True,TIME_LATE_SURGE,0,0.0,60
BOOKING_EARLY,CPC-v2,True,TIME_MILD_INCREASE,0,0.0,60
BOOKING_EARLY,CPC-v2,True,TIME_MODERATE_INCREASE,0,0.0,60
BOOKING_EARLY,CPC-v2,True,VEL_01,0,0.0,60
BOOKING_EARLY,CPC-v2,True,VEL_02,0,0.0,60
BOOKING_EARLY,CPC-v2,True,VEL_03,0,0.0,60
BOOKING_EARLY,CPC-v2,True,VEL_04,0,0.0,60
BOOKING_EARLY,CPC-v2,True,VEL_05,0,0.0,60
BOOKING_EARLY,CPC-v2,True,VEL_06,0,0.0,60
BOOKING_EARLY,SH,False,HYB_01,0,0.0,60
BOOKING_EARLY,SH,False,HYB_02,0,0.0,60
BOOKING_EARLY,SH,False,HYB_03,0,0.0,60
BOOKING_EARLY,SH,False,HYB_04,6,0.1,60
BOOKING_EARLY,SH,False,HYB_05,0,0.0,60
BOOKING_EARLY,SH,False,HYB_06,2,0.03333333333333333,60
BOOKING_EARLY,SH,False,HYB_07,3,0.05,60
BOOKING_EARLY,SH,False,HYB_08,40,0.6666666666666666,60
BOOKING_EARLY,SH,False,INV_01,0,0.0,60
BOOKING_EARLY,SH,False,INV_02,0,0.0,60
BOOKING_EARLY,SH,False,INV_03,0,0.0,60
BOOKING_EARLY,SH,False,INV_04,0,0.0,60
BOOKING_EARLY,SH,False,INV_05,0,0.0,60
BOOKING_EARLY,SH,False,INV_06,0,0.0,60
BOOKING_EARLY,SH,False,INV_07,0,0.0,60
BOOKING_EARLY,SH,False,INV_08,0,0.0,60
BOOKING_EARLY,SH,False,STATIC_085,0,0.0,60
BOOKING_EARLY,SH,False,STATIC_100,0,0.0,60
BOOKING_EARLY,SH,False,STATIC_115,0,0.0,60
BOOKING_EARLY,SH,False,STATIC_130,0,0.0,60
BOOKING_EARLY,SH,False,TIME_EARLY_DISCOUNT,0,0.0,60
BOOKING_EARLY,SH,False,TIME_FLAT_THEN_SURGE,0,0.0,60
BOOKING_EARLY,SH,False,TIME_HIGH_EARLY_NORMALIZE,0,0.0,60
BOOKING_EARLY,SH,False,TIME_LATE_SURGE,0,0.0,60
BOOKING_EARLY,SH,False,TIME_MILD_INCREASE,0,0.0,60
BOOKING_EARLY,SH,False,TIME_MODERATE_INCREASE,0,0.0,60
BOOKING_EARLY,SH,False,VEL_01,0,0.0,60
BOOKING_EARLY,SH,False,VEL_02,0,0.0,60
BOOKING_EARLY,SH,False,VEL_03,0,0.0,60
BOOKING_EARLY,SH,False,VEL_04,0,0.0,60
BOOKING_EARLY,SH,False,VEL_05,1,0.016666666666666666,60
BOOKING_EARLY,SH,False,VEL_06,8,0.13333333333333333,60
BOOKING_EARLY,SH,True,HYB_01,0,0.0,60
BOOKING_EARLY,SH,True,HYB_02,0,0.0,60
BOOKING_EARLY,SH,True,HYB_03,0,0.0,60
BOOKING_EARLY,SH,True,HYB_04,0,0.0,60
BOOKING_EARLY,SH,True,HYB_05,0,0.0,60
BOOKING_EARLY,SH,True,HYB_06,0,0.0,60
BOOKING_EARLY,SH,True,HYB_07,0,0.0,60
BOOKING_EARLY,SH,True,HYB_08,60,1.0,60
BOOKING_EARLY,SH,True,INV_01,0,0.0,60
BOOKING_EARLY,SH,True,INV_02,0,0.0,60
BOOKING_EARLY,SH,True,INV_03,0,0.0,60
BOOKING_EARLY,SH,True,INV_04,0,0.0,60
BOOKING_EARLY,SH,True,INV_05,0,0.0,60
BOOKING_EARLY,SH,True,INV_06,0,0.0,60
BOOKING_EARLY,SH,True,INV_07,0,0.0,60
BOOKING_EARLY,SH,True,INV_08,0,0.0,60
BOOKING_EARLY,SH,True,STATIC_085,0,0.0,60
BOOKING_EARLY,SH,True,STATIC_100,0,0.0,60
BOOKING_EARLY,SH,True,STATIC_115,0,0.0,60
BOOKING_EARLY,SH,True,STATIC_130,0,0.0,60
BOOKING_EARLY,SH,True,TIME_EARLY_DISCOUNT,0,0.0,60
BOOKING_EARLY,SH,True,TIME_FLAT_THEN_SURGE,0,0.0,60
BOOKING_EARLY,SH,True,TIME_HIGH_EARLY_NORMALIZE,0,0.0,60
BOOKING_EARLY,SH,True,TIME_LATE_SURGE,0,0.0,60
BOOKING_EARLY,SH,True,TIME_MILD_INCREASE,0,0.0,60
BOOKING_EARLY,SH,True,TIME_MODERATE_INCREASE,0,0.0,60
BOOKING_EARLY,SH,True,VEL_01,0,0.0,60
BOOKING_EARLY,SH,True,VEL_02,0,0.0,60
BOOKING_EARLY,SH,True,VEL_03,0,0.0,60
BOOKING_EARLY,SH,True,VEL_04,0,0.0,60
BOOKING_EARLY,SH,True,VEL_05,0,0.0,60
BOOKING_EARLY,SH,True,VEL_06,0,0.0,60
BOOKING_EARLY,Uniform,False,HYB_01,0,0.0,60
BOOKING_EARLY,Uniform,False,HYB_02,0,0.0,60
BOOKING_EARLY,Uniform,False,HYB_03,0,0.0,60
BOOKING_EARLY,Uniform,False,HYB_04,7,0.11666666666666667,60
BOOKING_EARLY,Uniform,False,HYB_05,0,0.0,60
BOOKING_EARLY,Uniform,False,HYB_06,3,0.05,60
BOOKING_EARLY,Uniform,False,HYB_07,11,0.18333333333333332,60
BOOKING_EARLY,Uniform,False,HYB_08,27,0.45,60
BOOKING_EARLY,Uniform,False,INV_01,0,0.0,60
BOOKING_EARLY,Uniform,False,INV_02,0,0.0,60
BOOKING_EARLY,Uniform,False,INV_03,0,0.0,60
BOOKING_EARLY,Uniform,False,INV_04,0,0.0,60
BOOKING_EARLY,Uniform,False,INV_05,0,0.0,60
BOOKING_EARLY,Uniform,False,INV_06,0,0.0,60
BOOKING_EARLY,Uniform,False,INV_07,0,0.0,60
BOOKING_EARLY,Uniform,False,INV_08,0,0.0,60
BOOKING_EARLY,Uniform,False,STATIC_085,0,0.0,60
BOOKING_EARLY,Uniform,False,STATIC_100,0,0.0,60
BOOKING_EARLY,Uniform,False,STATIC_115,0,0.0,60
BOOKING_EARLY,Uniform,False,STATIC_130,0,0.0,60
BOOKING_EARLY,Uniform,False,TIME_EARLY_DISCOUNT,0,0.0,60
BOOKING_EARLY,Uniform,False,TIME_FLAT_THEN_SURGE,0,0.0,60
BOOKING_EARLY,Uniform,False,TIME_HIGH_EARLY_NORMALIZE,0,0.0,60
BOOKING_EARLY,Uniform,False,TIME_LATE_SURGE,0,0.0,60
BOOKING_EARLY,Uniform,False,TIME_MILD_INCREASE,0,0.0,60
BOOKING_EARLY,Uniform,False,TIME_MODERATE_INCREASE,0,0.0,60
BOOKING_EARLY,Uniform,False,VEL_01,0,0.0,60
BOOKING_EARLY,Uniform,False,VEL_02,0,0.0,60
BOOKING_EARLY,Uniform,False,VEL_03,0,0.0,60
BOOKING_EARLY,Uniform,False,VEL_04,0,0.0,60
BOOKING_EARLY,Uniform,False,VEL_05,1,0.016666666666666666,60
BOOKING_EARLY,Uniform,False,VEL_06,11,0.18333333333333332,60
BOOKING_EARLY,Uniform,True,HYB_01,0,0.0,60
BOOKING_EARLY,Uniform,True,HYB_02,0,0.0,60
BOOKING_EARLY,Uniform,True,HYB_03,0,0.0,60
BOOKING_EARLY,Uniform,True,HYB_04,0,0.0,60
BOOKING_EARLY,Uniform,True,HYB_05,0,0.0,60
BOOKING_EARLY,Uniform,True,HYB_06,0,0.0,60
BOOKING_EARLY,Uniform,True,HYB_07,0,0.0,60
BOOKING_EARLY,Uniform,True,HYB_08,60,1.0,60
BOOKING_EARLY,Uniform,True,INV_01,0,0.0,60
BOOKING_EARLY,Uniform,True,INV_02,0,0.0,60
BOOKING_EARLY,Uniform,True,INV_03,0,0.0,60
BOOKING_EARLY,Uniform,True,INV_04,0,0.0,60
BOOKING_EARLY,Uniform,True,INV_05,0,0.0,60
BOOKING_EARLY,Uniform,True,INV_06,0,0.0,60
BOOKING_EARLY,Uniform,True,INV_07,0,0.0,60
BOOKING_EARLY,Uniform,True,INV_08,0,0.0,60
BOOKING_EARLY,Uniform,True,STATIC_085,0,0.0,60
BOOKING_EARLY,Uniform,True,STATIC_100,0,0.0,60
BOOKING_EARLY,Uniform,True,STATIC_115,0,0.0,60
BOOKING_EARLY,Uniform,True,STATIC_130,0,0.0,60
BOOKING_EARLY,Uniform,True,TIME_EARLY_DISCOUNT,0,0.0,60
BOOKING_EARLY,Uniform,True,TIME_FLAT_THEN_SURGE,0,0.0,60
BOOKING_EARLY,Uniform,True,TIME_HIGH_EARLY_NORMALIZE,0,0.0,60
BOOKING_EARLY,Uniform,True,TIME_LATE_SURGE,0,0.0,60
BOOKING_EARLY,Uniform,True,TIME_MILD_INCREASE,0,0.0,60
BOOKING_EARLY,Uniform,True,TIME_MODERATE_INCREASE,0,0.0,60
BOOKING_EARLY,Uniform,True,VEL_01,0,0.0,60
BOOKING_EARLY,Uniform,True,VEL_02,0,0.0,60
BOOKING_EARLY,Uniform,True,VEL_03,0,0.0,60
BOOKING_EARLY,Uniform,True,VEL_04,0,0.0,60
BOOKING_EARLY,Uniform,True,VEL_05,0,0.0,60
BOOKING_EARLY,Uniform,True,VEL_06,0,0.0,60
BOOKING_LATE,CPC-v2,False,HYB_01,0,0.0,60
BOOKING_LATE,CPC-v2,False,HYB_02,0,0.0,60
BOOKING_LATE,CPC-v2,False,HYB_03,0,0.0,60
BOOKING_LATE,CPC-v2,False,HYB_04,0,0.0,60
BOOKING_LATE,CPC-v2,False,HYB_05,0,0.0,60
BOOKING_LATE,CPC-v2,False,HYB_06,19,0.31666666666666665,60
BOOKING_LATE,CPC-v2,False,HYB_07,4,0.06666666666666667,60
BOOKING_LATE,CPC-v2,False,HYB_08,29,0.48333333333333334,60
BOOKING_LATE,CPC-v2,False,INV_01,0,0.0,60
BOOKING_LATE,CPC-v2,False,INV_02,0,0.0,60
BOOKING_LATE,CPC-v2,False,INV_03,0,0.0,60
BOOKING_LATE,CPC-v2,False,INV_04,0,0.0,60
BOOKING_LATE,CPC-v2,False,INV_05,0,0.0,60
BOOKING_LATE,CPC-v2,False,INV_06,0,0.0,60
BOOKING_LATE,CPC-v2,False,INV_07,0,0.0,60
BOOKING_LATE,CPC-v2,False,INV_08,0,0.0,60
BOOKING_LATE,CPC-v2,False,STATIC_085,0,0.0,60
BOOKING_LATE,CPC-v2,False,STATIC_100,0,0.0,60
BOOKING_LATE,CPC-v2,False,STATIC_115,0,0.0,60
BOOKING_LATE,CPC-v2,False,STATIC_130,0,0.0,60
BOOKING_LATE,CPC-v2,False,TIME_EARLY_DISCOUNT,0,0.0,60
BOOKING_LATE,CPC-v2,False,TIME_FLAT_THEN_SURGE,0,0.0,60
BOOKING_LATE,CPC-v2,False,TIME_HIGH_EARLY_NORMALIZE,0,0.0,60
BOOKING_LATE,CPC-v2,False,TIME_LATE_SURGE,0,0.0,60
BOOKING_LATE,CPC-v2,False,TIME_MILD_INCREASE,0,0.0,60
BOOKING_LATE,CPC-v2,False,TIME_MODERATE_INCREASE,0,0.0,60
BOOKING_LATE,CPC-v2,False,VEL_01,0,0.0,60
BOOKING_LATE,CPC-v2,False,VEL_02,0,0.0,60
BOOKING_LATE,CPC-v2,False,VEL_03,0,0.0,60
BOOKING_LATE,CPC-v2,False,VEL_04,0,0.0,60
BOOKING_LATE,CPC-v2,False,VEL_05,1,0.016666666666666666,60
BOOKING_LATE,CPC-v2,False,VEL_06,7,0.11666666666666667,60
BOOKING_LATE,CPC-v2,True,HYB_01,0,0.0,60
BOOKING_LATE,CPC-v2,True,HYB_02,0,0.0,60
BOOKING_LATE,CPC-v2,True,HYB_03,0,0.0,60
BOOKING_LATE,CPC-v2,True,HYB_04,0,0.0,60
BOOKING_LATE,CPC-v2,True,HYB_05,0,0.0,60
BOOKING_LATE,CPC-v2,True,HYB_06,49,0.8166666666666667,60
BOOKING_LATE,CPC-v2,True,HYB_07,0,0.0,60
BOOKING_LATE,CPC-v2,True,HYB_08,11,0.18333333333333332,60
BOOKING_LATE,CPC-v2,True,INV_01,0,0.0,60
BOOKING_LATE,CPC-v2,True,INV_02,0,0.0,60
BOOKING_LATE,CPC-v2,True,INV_03,0,0.0,60
BOOKING_LATE,CPC-v2,True,INV_04,0,0.0,60
BOOKING_LATE,CPC-v2,True,INV_05,0,0.0,60
BOOKING_LATE,CPC-v2,True,INV_06,0,0.0,60
BOOKING_LATE,CPC-v2,True,INV_07,0,0.0,60
BOOKING_LATE,CPC-v2,True,INV_08,0,0.0,60
BOOKING_LATE,CPC-v2,True,STATIC_085,0,0.0,60
BOOKING_LATE,CPC-v2,True,STATIC_100,0,0.0,60
BOOKING_LATE,CPC-v2,True,STATIC_115,0,0.0,60
BOOKING_LATE,CPC-v2,True,STATIC_130,0,0.0,60
BOOKING_LATE,CPC-v2,True,TIME_EARLY_DISCOUNT,0,0.0,60
BOOKING_LATE,CPC-v2,True,TIME_FLAT_THEN_SURGE,0,0.0,60
BOOKING_LATE,CPC-v2,True,TIME_HIGH_EARLY_NORMALIZE,0,0.0,60
BOOKING_LATE,CPC-v2,True,TIME_LATE_SURGE,0,0.0,60
BOOKING_LATE,CPC-v2,True,TIME_MILD_INCREASE,0,0.0,60
BOOKING_LATE,CPC-v2,True,TIME_MODERATE_INCREASE,0,0.0,60
BOOKING_LATE,CPC-v2,True,VEL_01,0,0.0,60
BOOKING_LATE,CPC-v2,True,VEL_02,0,0.0,60
BOOKING_LATE,CPC-v2,True,VEL_03,0,0.0,60
BOOKING_LATE,CPC-v2,True,VEL_04,0,0.0,60
BOOKING_LATE,CPC-v2,True,VEL_05,0,0.0,60
BOOKING_LATE,CPC-v2,True,VEL_06,0,0.0,60
BOOKING_LATE,SH,False,HYB_01,0,0.0,60
BOOKING_LATE,SH,False,HYB_02,0,0.0,60
BOOKING_LATE,SH,False,HYB_03,0,0.0,60
BOOKING_LATE,SH,False,HYB_04,0,0.0,60
BOOKING_LATE,SH,False,HYB_05,0,0.0,60
BOOKING_LATE,SH,False,HYB_06,35,0.5833333333333334,60
BOOKING_LATE,SH,False,HYB_07,0,0.0,60
BOOKING_LATE,SH,False,HYB_08,21,0.35,60
BOOKING_LATE,SH,False,INV_01,0,0.0,60
BOOKING_LATE,SH,False,INV_02,0,0.0,60
BOOKING_LATE,SH,False,INV_03,0,0.0,60
BOOKING_LATE,SH,False,INV_04,0,0.0,60
BOOKING_LATE,SH,False,INV_05,0,0.0,60
BOOKING_LATE,SH,False,INV_06,0,0.0,60
BOOKING_LATE,SH,False,INV_07,0,0.0,60
BOOKING_LATE,SH,False,INV_08,0,0.0,60
BOOKING_LATE,SH,False,STATIC_085,0,0.0,60
BOOKING_LATE,SH,False,STATIC_100,0,0.0,60
BOOKING_LATE,SH,False,STATIC_115,0,0.0,60
BOOKING_LATE,SH,False,STATIC_130,0,0.0,60
BOOKING_LATE,SH,False,TIME_EARLY_DISCOUNT,0,0.0,60
BOOKING_LATE,SH,False,TIME_FLAT_THEN_SURGE,0,0.0,60
BOOKING_LATE,SH,False,TIME_HIGH_EARLY_NORMALIZE,0,0.0,60
BOOKING_LATE,SH,False,TIME_LATE_SURGE,0,0.0,60
BOOKING_LATE,SH,False,TIME_MILD_INCREASE,0,0.0,60
BOOKING_LATE,SH,False,TIME_MODERATE_INCREASE,0,0.0,60
BOOKING_LATE,SH,False,VEL_01,0,0.0,60
BOOKING_LATE,SH,False,VEL_02,0,0.0,60
BOOKING_LATE,SH,False,VEL_03,0,0.0,60
BOOKING_LATE,SH,False,VEL_04,0,0.0,60
BOOKING_LATE,SH,False,VEL_05,0,0.0,60
BOOKING_LATE,SH,False,VEL_06,4,0.06666666666666667,60
BOOKING_LATE,SH,True,HYB_01,0,0.0,60
BOOKING_LATE,SH,True,HYB_02,0,0.0,60
BOOKING_LATE,SH,True,HYB_03,0,0.0,60
BOOKING_LATE,SH,True,HYB_04,0,0.0,60
BOOKING_LATE,SH,True,HYB_05,0,0.0,60
BOOKING_LATE,SH,True,HYB_06,55,0.9166666666666666,60
BOOKING_LATE,SH,True,HYB_07,0,0.0,60
BOOKING_LATE,SH,True,HYB_08,5,0.08333333333333333,60
BOOKING_LATE,SH,True,INV_01,0,0.0,60
BOOKING_LATE,SH,True,INV_02,0,0.0,60
BOOKING_LATE,SH,True,INV_03,0,0.0,60
BOOKING_LATE,SH,True,INV_04,0,0.0,60
BOOKING_LATE,SH,True,INV_05,0,0.0,60
BOOKING_LATE,SH,True,INV_06,0,0.0,60
BOOKING_LATE,SH,True,INV_07,0,0.0,60
BOOKING_LATE,SH,True,INV_08,0,0.0,60
BOOKING_LATE,SH,True,STATIC_085,0,0.0,60
BOOKING_LATE,SH,True,STATIC_100,0,0.0,60
BOOKING_LATE,SH,True,STATIC_115,0,0.0,60
BOOKING_LATE,SH,True,STATIC_130,0,0.0,60
BOOKING_LATE,SH,True,TIME_EARLY_DISCOUNT,0,0.0,60
BOOKING_LATE,SH,True,TIME_FLAT_THEN_SURGE,0,0.0,60
BOOKING_LATE,SH,True,TIME_HIGH_EARLY_NORMALIZE,0,0.0,60
BOOKING_LATE,SH,True,TIME_LATE_SURGE,0,0.0,60
BOOKING_LATE,SH,True,TIME_MILD_INCREASE,0,0.0,60
BOOKING_LATE,SH,True,TIME_MODERATE_INCREASE,0,0.0,60
BOOKING_LATE,SH,True,VEL_01,0,0.0,60
BOOKING_LATE,SH,True,VEL_02,0,0.0,60
BOOKING_LATE,SH,True,VEL_03,0,0.0,60
BOOKING_LATE,SH,True,VEL_04,0,0.0,60
BOOKING_LATE,SH,True,VEL_05,0,0.0,60
BOOKING_LATE,SH,True,VEL_06,0,0.0,60
BOOKING_LATE,Uniform,False,HYB_01,0,0.0,60
BOOKING_LATE,Uniform,False,HYB_02,0,0.0,60
BOOKING_LATE,Uniform,False,HYB_03,1,0.016666666666666666,60
BOOKING_LATE,Uniform,False,HYB_04,0,0.0,60
BOOKING_LATE,Uniform,False,HYB_05,0,0.0,60
BOOKING_LATE,Uniform,False,HYB_06,21,0.35,60
BOOKING_LATE,Uniform,False,HYB_07,5,0.08333333333333333,60
BOOKING_LATE,Uniform,False,HYB_08,21,0.35,60
BOOKING_LATE,Uniform,False,INV_01,0,0.0,60
BOOKING_LATE,Uniform,False,INV_02,0,0.0,60
BOOKING_LATE,Uniform,False,INV_03,0,0.0,60
BOOKING_LATE,Uniform,False,INV_04,0,0.0,60
BOOKING_LATE,Uniform,False,INV_05,0,0.0,60
BOOKING_LATE,Uniform,False,INV_06,0,0.0,60
BOOKING_LATE,Uniform,False,INV_07,0,0.0,60
BOOKING_LATE,Uniform,False,INV_08,0,0.0,60
BOOKING_LATE,Uniform,False,STATIC_085,0,0.0,60
BOOKING_LATE,Uniform,False,STATIC_100,0,0.0,60
BOOKING_LATE,Uniform,False,STATIC_115,0,0.0,60
BOOKING_LATE,Uniform,False,STATIC_130,0,0.0,60
BOOKING_LATE,Uniform,False,TIME_EARLY_DISCOUNT,0,0.0,60
BOOKING_LATE,Uniform,False,TIME_FLAT_THEN_SURGE,0,0.0,60
BOOKING_LATE,Uniform,False,TIME_HIGH_EARLY_NORMALIZE,0,0.0,60
BOOKING_LATE,Uniform,False,TIME_LATE_SURGE,0,0.0,60
BOOKING_LATE,Uniform,False,TIME_MILD_INCREASE,0,0.0,60
BOOKING_LATE,Uniform,False,TIME_MODERATE_INCREASE,0,0.0,60
BOOKING_LATE,Uniform,False,VEL_01,0,0.0,60
BOOKING_LATE,Uniform,False,VEL_02,0,0.0,60
BOOKING_LATE,Uniform,False,VEL_03,0,0.0,60
BOOKING_LATE,Uniform,False,VEL_04,0,0.0,60
BOOKING_LATE,Uniform,False,VEL_05,2,0.03333333333333333,60
BOOKING_LATE,Uniform,False,VEL_06,10,0.16666666666666666,60
BOOKING_LATE,Uniform,True,HYB_01,0,0.0,60
BOOKING_LATE,Uniform,True,HYB_02,0,0.0,60
BOOKING_LATE,Uniform,True,HYB_03,0,0.0,60
BOOKING_LATE,Uniform,True,HYB_04,0,0.0,60
BOOKING_LATE,Uniform,True,HYB_05,0,0.0,60
BOOKING_LATE,Uniform,True,HYB_06,42,0.7,60
BOOKING_LATE,Uniform,True,HYB_07,0,0.0,60
BOOKING_LATE,Uniform,True,HYB_08,18,0.3,60
BOOKING_LATE,Uniform,True,INV_01,0,0.0,60
BOOKING_LATE,Uniform,True,INV_02,0,0.0,60
BOOKING_LATE,Uniform,True,INV_03,0,0.0,60
BOOKING_LATE,Uniform,True,INV_04,0,0.0,60
BOOKING_LATE,Uniform,True,INV_05,0,0.0,60
BOOKING_LATE,Uniform,True,INV_06,0,0.0,60
BOOKING_LATE,Uniform,True,INV_07,0,0.0,60
BOOKING_LATE,Uniform,True,INV_08,0,0.0,60
BOOKING_LATE,Uniform,True,STATIC_085,0,0.0,60
BOOKING_LATE,Uniform,True,STATIC_100,0,0.0,60
BOOKING_LATE,Uniform,True,STATIC_115,0,0.0,60
BOOKING_LATE,Uniform,True,STATIC_130,0,0.0,60
BOOKING_LATE,Uniform,True,TIME_EARLY_DISCOUNT,0,0.0,60
BOOKING_LATE,Uniform,True,TIME_FLAT_THEN_SURGE,0,0.0,60
BOOKING_LATE,Uniform,True,TIME_HIGH_EARLY_NORMALIZE,0,0.0,60
BOOKING_LATE,Uniform,True,TIME_LATE_SURGE,0,0.0,60
BOOKING_LATE,Uniform,True,TIME_MILD_INCREASE,0,0.0,60
BOOKING_LATE,Uniform,True,TIME_MODERATE_INCREASE,0,0.0,60
BOOKING_LATE,Uniform,True,VEL_01,0,0.0,60
BOOKING_LATE,Uniform,True,VEL_02,0,0.0,60
BOOKING_LATE,Uniform,True,VEL_03,0,0.0,60
BOOKING_LATE,Uniform,True,VEL_04,0,0.0,60
BOOKING_LATE,Uniform,True,VEL_05,0,0.0,60
BOOKING_LATE,Uniform,True,VEL_06,0,0.0,60
CAP_HIGH,CPC-v2,False,HYB_01,0,0.0,60
CAP_HIGH,CPC-v2,False,HYB_02,0,0.0,60
CAP_HIGH,CPC-v2,False,HYB_03,0,0.0,60
CAP_HIGH,CPC-v2,False,HYB_04,1,0.016666666666666666,60
CAP_HIGH,CPC-v2,False,HYB_05,0,0.0,60
CAP_HIGH,CPC-v2,False,HYB_06,10,0.16666666666666666,60
CAP_HIGH,CPC-v2,False,HYB_07,5,0.08333333333333333,60
CAP_HIGH,CPC-v2,False,HYB_08,35,0.5833333333333334,60
CAP_HIGH,CPC-v2,False,INV_01,0,0.0,60
CAP_HIGH,CPC-v2,False,INV_02,0,0.0,60
CAP_HIGH,CPC-v2,False,INV_03,0,0.0,60
CAP_HIGH,CPC-v2,False,INV_04,0,0.0,60
CAP_HIGH,CPC-v2,False,INV_05,0,0.0,60
CAP_HIGH,CPC-v2,False,INV_06,0,0.0,60
CAP_HIGH,CPC-v2,False,INV_07,0,0.0,60
CAP_HIGH,CPC-v2,False,INV_08,0,0.0,60
CAP_HIGH,CPC-v2,False,STATIC_085,0,0.0,60
CAP_HIGH,CPC-v2,False,STATIC_100,0,0.0,60
CAP_HIGH,CPC-v2,False,STATIC_115,0,0.0,60
CAP_HIGH,CPC-v2,False,STATIC_130,0,0.0,60
CAP_HIGH,CPC-v2,False,TIME_EARLY_DISCOUNT,0,0.0,60
CAP_HIGH,CPC-v2,False,TIME_FLAT_THEN_SURGE,0,0.0,60
CAP_HIGH,CPC-v2,False,TIME_HIGH_EARLY_NORMALIZE,0,0.0,60
CAP_HIGH,CPC-v2,False,TIME_LATE_SURGE,0,0.0,60
CAP_HIGH,CPC-v2,False,TIME_MILD_INCREASE,0,0.0,60
CAP_HIGH,CPC-v2,False,TIME_MODERATE_INCREASE,0,0.0,60
CAP_HIGH,CPC-v2,False,VEL_01,0,0.0,60
CAP_HIGH,CPC-v2,False,VEL_02,0,0.0,60
CAP_HIGH,CPC-v2,False,VEL_03,0,0.0,60
CAP_HIGH,CPC-v2,False,VEL_04,0,0.0,60
CAP_HIGH,CPC-v2,False,VEL_05,3,0.05,60
CAP_HIGH,CPC-v2,False,VEL_06,6,0.1,60
CAP_HIGH,CPC-v2,True,HYB_01,0,0.0,60
CAP_HIGH,CPC-v2,True,HYB_02,0,0.0,60
CAP_HIGH,CPC-v2,True,HYB_03,0,0.0,60
CAP_HIGH,CPC-v2,True,HYB_04,0,0.0,60
CAP_HIGH,CPC-v2,True,HYB_05,0,0.0,60
CAP_HIGH,CPC-v2,True,HYB_06,0,0.0,60
CAP_HIGH,CPC-v2,True,HYB_07,0,0.0,60
CAP_HIGH,CPC-v2,True,HYB_08,60,1.0,60
CAP_HIGH,CPC-v2,True,INV_01,0,0.0,60
CAP_HIGH,CPC-v2,True,INV_02,0,0.0,60
CAP_HIGH,CPC-v2,True,INV_03,0,0.0,60
CAP_HIGH,CPC-v2,True,INV_04,0,0.0,60
CAP_HIGH,CPC-v2,True,INV_05,0,0.0,60
CAP_HIGH,CPC-v2,True,INV_06,0,0.0,60
CAP_HIGH,CPC-v2,True,INV_07,0,0.0,60
CAP_HIGH,CPC-v2,True,INV_08,0,0.0,60
CAP_HIGH,CPC-v2,True,STATIC_085,0,0.0,60
CAP_HIGH,CPC-v2,True,STATIC_100,0,0.0,60
CAP_HIGH,CPC-v2,True,STATIC_115,0,0.0,60
CAP_HIGH,CPC-v2,True,STATIC_130,0,0.0,60
CAP_HIGH,CPC-v2,True,TIME_EARLY_DISCOUNT,0,0.0,60
CAP_HIGH,CPC-v2,True,TIME_FLAT_THEN_SURGE,0,0.0,60
CAP_HIGH,CPC-v2,True,TIME_HIGH_EARLY_NORMALIZE,0,0.0,60
CAP_HIGH,CPC-v2,True,TIME_LATE_SURGE,0,0.0,60
CAP_HIGH,CPC-v2,True,TIME_MILD_INCREASE,0,0.0,60
CAP_HIGH,CPC-v2,True,TIME_MODERATE_INCREASE,0,0.0,60
CAP_HIGH,CPC-v2,True,VEL_01,0,0.0,60
CAP_HIGH,CPC-v2,True,VEL_02,0,0.0,60
CAP_HIGH,CPC-v2,True,VEL_03,0,0.0,60
CAP_HIGH,CPC-v2,True,VEL_04,0,0.0,60
CAP_HIGH,CPC-v2,True,VEL_05,0,0.0,60
CAP_HIGH,CPC-v2,True,VEL_06,0,0.0,60
CAP_HIGH,SH,False,HYB_01,0,0.0,60
CAP_HIGH,SH,False,HYB_02,0,0.0,60
CAP_HIGH,SH,False,HYB_03,0,0.0,60
CAP_HIGH,SH,False,HYB_04,0,0.0,60
CAP_HIGH,SH,False,HYB_05,0,0.0,60
CAP_HIGH,SH,False,HYB_06,9,0.15,60
CAP_HIGH,SH,False,HYB_07,1,0.016666666666666666,60
CAP_HIGH,SH,False,HYB_08,49,0.8166666666666667,60
CAP_HIGH,SH,False,INV_01,0,0.0,60
CAP_HIGH,SH,False,INV_02,0,0.0,60
CAP_HIGH,SH,False,INV_03,0,0.0,60
CAP_HIGH,SH,False,INV_04,0,0.0,60
CAP_HIGH,SH,False,INV_05,0,0.0,60
CAP_HIGH,SH,False,INV_06,0,0.0,60
CAP_HIGH,SH,False,INV_07,0,0.0,60
CAP_HIGH,SH,False,INV_08,0,0.0,60
CAP_HIGH,SH,False,STATIC_085,0,0.0,60
CAP_HIGH,SH,False,STATIC_100,0,0.0,60
CAP_HIGH,SH,False,STATIC_115,0,0.0,60
CAP_HIGH,SH,False,STATIC_130,0,0.0,60
CAP_HIGH,SH,False,TIME_EARLY_DISCOUNT,0,0.0,60
CAP_HIGH,SH,False,TIME_FLAT_THEN_SURGE,0,0.0,60
CAP_HIGH,SH,False,TIME_HIGH_EARLY_NORMALIZE,0,0.0,60
CAP_HIGH,SH,False,TIME_LATE_SURGE,0,0.0,60
CAP_HIGH,SH,False,TIME_MILD_INCREASE,0,0.0,60
CAP_HIGH,SH,False,TIME_MODERATE_INCREASE,0,0.0,60
CAP_HIGH,SH,False,VEL_01,0,0.0,60
CAP_HIGH,SH,False,VEL_02,0,0.0,60
CAP_HIGH,SH,False,VEL_03,0,0.0,60
CAP_HIGH,SH,False,VEL_04,0,0.0,60
CAP_HIGH,SH,False,VEL_05,0,0.0,60
CAP_HIGH,SH,False,VEL_06,1,0.016666666666666666,60
CAP_HIGH,SH,True,HYB_01,0,0.0,60
CAP_HIGH,SH,True,HYB_02,0,0.0,60
CAP_HIGH,SH,True,HYB_03,0,0.0,60
CAP_HIGH,SH,True,HYB_04,0,0.0,60
CAP_HIGH,SH,True,HYB_05,0,0.0,60
CAP_HIGH,SH,True,HYB_06,0,0.0,60
CAP_HIGH,SH,True,HYB_07,0,0.0,60
CAP_HIGH,SH,True,HYB_08,60,1.0,60
CAP_HIGH,SH,True,INV_01,0,0.0,60
CAP_HIGH,SH,True,INV_02,0,0.0,60
CAP_HIGH,SH,True,INV_03,0,0.0,60
CAP_HIGH,SH,True,INV_04,0,0.0,60
CAP_HIGH,SH,True,INV_05,0,0.0,60
CAP_HIGH,SH,True,INV_06,0,0.0,60
CAP_HIGH,SH,True,INV_07,0,0.0,60
CAP_HIGH,SH,True,INV_08,0,0.0,60
CAP_HIGH,SH,True,STATIC_085,0,0.0,60
CAP_HIGH,SH,True,STATIC_100,0,0.0,60
CAP_HIGH,SH,True,STATIC_115,0,0.0,60
CAP_HIGH,SH,True,STATIC_130,0,0.0,60
CAP_HIGH,SH,True,TIME_EARLY_DISCOUNT,0,0.0,60
CAP_HIGH,SH,True,TIME_FLAT_THEN_SURGE,0,0.0,60
CAP_HIGH,SH,True,TIME_HIGH_EARLY_NORMALIZE,0,0.0,60
CAP_HIGH,SH,True,TIME_LATE_SURGE,0,0.0,60
CAP_HIGH,SH,True,TIME_MILD_INCREASE,0,0.0,60
CAP_HIGH,SH,True,TIME_MODERATE_INCREASE,0,0.0,60
CAP_HIGH,SH,True,VEL_01,0,0.0,60
CAP_HIGH,SH,True,VEL_02,0,0.0,60
CAP_HIGH,SH,True,VEL_03,0,0.0,60
CAP_HIGH,SH,True,VEL_04,0,0.0,60
CAP_HIGH,SH,True,VEL_05,0,0.0,60
CAP_HIGH,SH,True,VEL_06,0,0.0,60
CAP_HIGH,Uniform,False,HYB_01,0,0.0,60
CAP_HIGH,Uniform,False,HYB_02,0,0.0,60
CAP_HIGH,Uniform,False,HYB_03,1,0.016666666666666666,60
CAP_HIGH,Uniform,False,HYB_04,4,0.06666666666666667,60
CAP_HIGH,Uniform,False,HYB_05,0,0.0,60
CAP_HIGH,Uniform,False,HYB_06,9,0.15,60
CAP_HIGH,Uniform,False,HYB_07,4,0.06666666666666667,60
CAP_HIGH,Uniform,False,HYB_08,31,0.5166666666666667,60
CAP_HIGH,Uniform,False,INV_01,0,0.0,60
CAP_HIGH,Uniform,False,INV_02,0,0.0,60
CAP_HIGH,Uniform,False,INV_03,0,0.0,60
CAP_HIGH,Uniform,False,INV_04,0,0.0,60
CAP_HIGH,Uniform,False,INV_05,0,0.0,60
CAP_HIGH,Uniform,False,INV_06,0,0.0,60
CAP_HIGH,Uniform,False,INV_07,0,0.0,60
CAP_HIGH,Uniform,False,INV_08,0,0.0,60
CAP_HIGH,Uniform,False,STATIC_085,0,0.0,60
CAP_HIGH,Uniform,False,STATIC_100,0,0.0,60
CAP_HIGH,Uniform,False,STATIC_115,0,0.0,60
CAP_HIGH,Uniform,False,STATIC_130,0,0.0,60
CAP_HIGH,Uniform,False,TIME_EARLY_DISCOUNT,0,0.0,60
CAP_HIGH,Uniform,False,TIME_FLAT_THEN_SURGE,0,0.0,60
CAP_HIGH,Uniform,False,TIME_HIGH_EARLY_NORMALIZE,0,0.0,60
CAP_HIGH,Uniform,False,TIME_LATE_SURGE,0,0.0,60
CAP_HIGH,Uniform,False,TIME_MILD_INCREASE,0,0.0,60
CAP_HIGH,Uniform,False,TIME_MODERATE_INCREASE,0,0.0,60
CAP_HIGH,Uniform,False,VEL_01,0,0.0,60
CAP_HIGH,Uniform,False,VEL_02,0,0.0,60
CAP_HIGH,Uniform,False,VEL_03,0,0.0,60
CAP_HIGH,Uniform,False,VEL_04,0,0.0,60
CAP_HIGH,Uniform,False,VEL_05,5,0.08333333333333333,60
CAP_HIGH,Uniform,False,VEL_06,6,0.1,60
CAP_HIGH,Uniform,True,HYB_01,0,0.0,60
CAP_HIGH,Uniform,True,HYB_02,0,0.0,60
CAP_HIGH,Uniform,True,HYB_03,0,0.0,60
CAP_HIGH,Uniform,True,HYB_04,0,0.0,60
CAP_HIGH,Uniform,True,HYB_05,0,0.0,60
CAP_HIGH,Uniform,True,HYB_06,0,0.0,60
CAP_HIGH,Uniform,True,HYB_07,0,0.0,60
CAP_HIGH,Uniform,True,HYB_08,60,1.0,60
CAP_HIGH,Uniform,True,INV_01,0,0.0,60
CAP_HIGH,Uniform,True,INV_02,0,0.0,60
CAP_HIGH,Uniform,True,INV_03,0,0.0,60
CAP_HIGH,Uniform,True,INV_04,0,0.0,60
CAP_HIGH,Uniform,True,INV_05,0,0.0,60
CAP_HIGH,Uniform,True,INV_06,0,0.0,60
CAP_HIGH,Uniform,True,INV_07,0,0.0,60
CAP_HIGH,Uniform,True,INV_08,0,0.0,60
CAP_HIGH,Uniform,True,STATIC_085,0,0.0,60
CAP_HIGH,Uniform,True,STATIC_100,0,0.0,60
CAP_HIGH,Uniform,True,STATIC_115,0,0.0,60
CAP_HIGH,Uniform,True,STATIC_130,0,0.0,60
CAP_HIGH,Uniform,True,TIME_EARLY_DISCOUNT,0,0.0,60
CAP_HIGH,Uniform,True,TIME_FLAT_THEN_SURGE,0,0.0,60
CAP_HIGH,Uniform,True,TIME_HIGH_EARLY_NORMALIZE,0,0.0,60
CAP_HIGH,Uniform,True,TIME_LATE_SURGE,0,0.0,60
CAP_HIGH,Uniform,True,TIME_MILD_INCREASE,0,0.0,60
CAP_HIGH,Uniform,True,TIME_MODERATE_INCREASE,0,0.0,60
CAP_HIGH,Uniform,True,VEL_01,0,0.0,60
CAP_HIGH,Uniform,True,VEL_02,0,0.0,60
CAP_HIGH,Uniform,True,VEL_03,0,0.0,60
CAP_HIGH,Uniform,True,VEL_04,0,0.0,60
CAP_HIGH,Uniform,True,VEL_05,0,0.0,60
CAP_HIGH,Uniform,True,VEL_06,0,0.0,60
CAP_LOW,CPC-v2,False,HYB_01,0,0.0,60
CAP_LOW,CPC-v2,False,HYB_02,0,0.0,60
CAP_LOW,CPC-v2,False,HYB_03,0,0.0,60
CAP_LOW,CPC-v2,False,HYB_04,0,0.0,60
CAP_LOW,CPC-v2,False,HYB_05,0,0.0,60
CAP_LOW,CPC-v2,False,HYB_06,24,0.4,60
CAP_LOW,CPC-v2,False,HYB_07,3,0.05,60
CAP_LOW,CPC-v2,False,HYB_08,22,0.36666666666666664,60
CAP_LOW,CPC-v2,False,INV_01,0,0.0,60
CAP_LOW,CPC-v2,False,INV_02,0,0.0,60
CAP_LOW,CPC-v2,False,INV_03,0,0.0,60
CAP_LOW,CPC-v2,False,INV_04,0,0.0,60
CAP_LOW,CPC-v2,False,INV_05,0,0.0,60
CAP_LOW,CPC-v2,False,INV_06,0,0.0,60
CAP_LOW,CPC-v2,False,INV_07,0,0.0,60
CAP_LOW,CPC-v2,False,INV_08,0,0.0,60
CAP_LOW,CPC-v2,False,STATIC_085,0,0.0,60
CAP_LOW,CPC-v2,False,STATIC_100,0,0.0,60
CAP_LOW,CPC-v2,False,STATIC_115,0,0.0,60
CAP_LOW,CPC-v2,False,STATIC_130,0,0.0,60
CAP_LOW,CPC-v2,False,TIME_EARLY_DISCOUNT,0,0.0,60
CAP_LOW,CPC-v2,False,TIME_FLAT_THEN_SURGE,0,0.0,60
CAP_LOW,CPC-v2,False,TIME_HIGH_EARLY_NORMALIZE,0,0.0,60
CAP_LOW,CPC-v2,False,TIME_LATE_SURGE,0,0.0,60
CAP_LOW,CPC-v2,False,TIME_MILD_INCREASE,0,0.0,60
CAP_LOW,CPC-v2,False,TIME_MODERATE_INCREASE,0,0.0,60
CAP_LOW,CPC-v2,False,VEL_01,0,0.0,60
CAP_LOW,CPC-v2,False,VEL_02,0,0.0,60
CAP_LOW,CPC-v2,False,VEL_03,0,0.0,60
CAP_LOW,CPC-v2,False,VEL_04,0,0.0,60
CAP_LOW,CPC-v2,False,VEL_05,3,0.05,60
CAP_LOW,CPC-v2,False,VEL_06,8,0.13333333333333333,60
CAP_LOW,CPC-v2,True,HYB_01,0,0.0,60
CAP_LOW,CPC-v2,True,HYB_02,0,0.0,60
CAP_LOW,CPC-v2,True,HYB_03,0,0.0,60
CAP_LOW,CPC-v2,True,HYB_04,0,0.0,60
CAP_LOW,CPC-v2,True,HYB_05,0,0.0,60
CAP_LOW,CPC-v2,True,HYB_06,0,0.0,60
CAP_LOW,CPC-v2,True,HYB_07,0,0.0,60
CAP_LOW,CPC-v2,True,HYB_08,60,1.0,60
CAP_LOW,CPC-v2,True,INV_01,0,0.0,60
CAP_LOW,CPC-v2,True,INV_02,0,0.0,60
CAP_LOW,CPC-v2,True,INV_03,0,0.0,60
CAP_LOW,CPC-v2,True,INV_04,0,0.0,60
CAP_LOW,CPC-v2,True,INV_05,0,0.0,60
CAP_LOW,CPC-v2,True,INV_06,0,0.0,60
CAP_LOW,CPC-v2,True,INV_07,0,0.0,60
CAP_LOW,CPC-v2,True,INV_08,0,0.0,60
CAP_LOW,CPC-v2,True,STATIC_085,0,0.0,60
CAP_LOW,CPC-v2,True,STATIC_100,0,0.0,60
CAP_LOW,CPC-v2,True,STATIC_115,0,0.0,60
CAP_LOW,CPC-v2,True,STATIC_130,0,0.0,60
CAP_LOW,CPC-v2,True,TIME_EARLY_DISCOUNT,0,0.0,60
CAP_LOW,CPC-v2,True,TIME_FLAT_THEN_SURGE,0,0.0,60
CAP_LOW,CPC-v2,True,TIME_HIGH_EARLY_NORMALIZE,0,0.0,60
CAP_LOW,CPC-v2,True,TIME_LATE_SURGE,0,0.0,60
CAP_LOW,CPC-v2,True,TIME_MILD_INCREASE,0,0.0,60
CAP_LOW,CPC-v2,True,TIME_MODERATE_INCREASE,0,0.0,60
CAP_LOW,CPC-v2,True,VEL_01,0,0.0,60
CAP_LOW,CPC-v2,True,VEL_02,0,0.0,60
CAP_LOW,CPC-v2,True,VEL_03,0,0.0,60
CAP_LOW,CPC-v2,True,VEL_04,0,0.0,60
CAP_LOW,CPC-v2,True,VEL_05,0,0.0,60
CAP_LOW,CPC-v2,True,VEL_06,0,0.0,60
CAP_LOW,SH,False,HYB_01,0,0.0,60
CAP_LOW,SH,False,HYB_02,0,0.0,60
CAP_LOW,SH,False,HYB_03,0,0.0,60
CAP_LOW,SH,False,HYB_04,0,0.0,60
CAP_LOW,SH,False,HYB_05,0,0.0,60
CAP_LOW,SH,False,HYB_06,16,0.26666666666666666,60
CAP_LOW,SH,False,HYB_07,0,0.0,60
CAP_LOW,SH,False,HYB_08,36,0.6,60
CAP_LOW,SH,False,INV_01,0,0.0,60
CAP_LOW,SH,False,INV_02,0,0.0,60
CAP_LOW,SH,False,INV_03,0,0.0,60
CAP_LOW,SH,False,INV_04,0,0.0,60
CAP_LOW,SH,False,INV_05,0,0.0,60
CAP_LOW,SH,False,INV_06,0,0.0,60
CAP_LOW,SH,False,INV_07,0,0.0,60
CAP_LOW,SH,False,INV_08,0,0.0,60
CAP_LOW,SH,False,STATIC_085,0,0.0,60
CAP_LOW,SH,False,STATIC_100,0,0.0,60
CAP_LOW,SH,False,STATIC_115,0,0.0,60
CAP_LOW,SH,False,STATIC_130,0,0.0,60
CAP_LOW,SH,False,TIME_EARLY_DISCOUNT,0,0.0,60
CAP_LOW,SH,False,TIME_FLAT_THEN_SURGE,0,0.0,60
CAP_LOW,SH,False,TIME_HIGH_EARLY_NORMALIZE,0,0.0,60
CAP_LOW,SH,False,TIME_LATE_SURGE,0,0.0,60
CAP_LOW,SH,False,TIME_MILD_INCREASE,0,0.0,60
CAP_LOW,SH,False,TIME_MODERATE_INCREASE,0,0.0,60
CAP_LOW,SH,False,VEL_01,0,0.0,60
CAP_LOW,SH,False,VEL_02,0,0.0,60
CAP_LOW,SH,False,VEL_03,0,0.0,60
CAP_LOW,SH,False,VEL_04,0,0.0,60
CAP_LOW,SH,False,VEL_05,1,0.016666666666666666,60
CAP_LOW,SH,False,VEL_06,7,0.11666666666666667,60
CAP_LOW,SH,True,HYB_01,0,0.0,60
CAP_LOW,SH,True,HYB_02,0,0.0,60
CAP_LOW,SH,True,HYB_03,0,0.0,60
CAP_LOW,SH,True,HYB_04,0,0.0,60
CAP_LOW,SH,True,HYB_05,0,0.0,60
CAP_LOW,SH,True,HYB_06,0,0.0,60
CAP_LOW,SH,True,HYB_07,0,0.0,60
CAP_LOW,SH,True,HYB_08,60,1.0,60
CAP_LOW,SH,True,INV_01,0,0.0,60
CAP_LOW,SH,True,INV_02,0,0.0,60
CAP_LOW,SH,True,INV_03,0,0.0,60
CAP_LOW,SH,True,INV_04,0,0.0,60
CAP_LOW,SH,True,INV_05,0,0.0,60
CAP_LOW,SH,True,INV_06,0,0.0,60
CAP_LOW,SH,True,INV_07,0,0.0,60
CAP_LOW,SH,True,INV_08,0,0.0,60
CAP_LOW,SH,True,STATIC_085,0,0.0,60
CAP_LOW,SH,True,STATIC_100,0,0.0,60
CAP_LOW,SH,True,STATIC_115,0,0.0,60
CAP_LOW,SH,True,STATIC_130,0,0.0,60
CAP_LOW,SH,True,TIME_EARLY_DISCOUNT,0,0.0,60
CAP_LOW,SH,True,TIME_FLAT_THEN_SURGE,0,0.0,60
CAP_LOW,SH,True,TIME_HIGH_EARLY_NORMALIZE,0,0.0,60
CAP_LOW,SH,True,TIME_LATE_SURGE,0,0.0,60
CAP_LOW,SH,True,TIME_MILD_INCREASE,0,0.0,60
CAP_LOW,SH,True,TIME_MODERATE_INCREASE,0,0.0,60
CAP_LOW,SH,True,VEL_01,0,0.0,60
CAP_LOW,SH,True,VEL_02,0,0.0,60
CAP_LOW,SH,True,VEL_03,0,0.0,60
CAP_LOW,SH,True,VEL_04,0,0.0,60
CAP_LOW,SH,True,VEL_05,0,0.0,60
CAP_LOW,SH,True,VEL_06,0,0.0,60
CAP_LOW,Uniform,False,HYB_01,0,0.0,60
CAP_LOW,Uniform,False,HYB_02,0,0.0,60
CAP_LOW,Uniform,False,HYB_03,0,0.0,60
CAP_LOW,Uniform,False,HYB_04,3,0.05,60
CAP_LOW,Uniform,False,HYB_05,0,0.0,60
CAP_LOW,Uniform,False,HYB_06,12,0.2,60
CAP_LOW,Uniform,False,HYB_07,4,0.06666666666666667,60
CAP_LOW,Uniform,False,HYB_08,27,0.45,60
CAP_LOW,Uniform,False,INV_01,0,0.0,60
CAP_LOW,Uniform,False,INV_02,0,0.0,60
CAP_LOW,Uniform,False,INV_03,0,0.0,60
CAP_LOW,Uniform,False,INV_04,0,0.0,60
CAP_LOW,Uniform,False,INV_05,0,0.0,60
CAP_LOW,Uniform,False,INV_06,0,0.0,60
CAP_LOW,Uniform,False,INV_07,0,0.0,60
CAP_LOW,Uniform,False,INV_08,0,0.0,60
CAP_LOW,Uniform,False,STATIC_085,0,0.0,60
CAP_LOW,Uniform,False,STATIC_100,0,0.0,60
CAP_LOW,Uniform,False,STATIC_115,0,0.0,60
CAP_LOW,Uniform,False,STATIC_130,0,0.0,60
CAP_LOW,Uniform,False,TIME_EARLY_DISCOUNT,0,0.0,60
CAP_LOW,Uniform,False,TIME_FLAT_THEN_SURGE,0,0.0,60
CAP_LOW,Uniform,False,TIME_HIGH_EARLY_NORMALIZE,0,0.0,60
CAP_LOW,Uniform,False,TIME_LATE_SURGE,0,0.0,60
CAP_LOW,Uniform,False,TIME_MILD_INCREASE,0,0.0,60
CAP_LOW,Uniform,False,TIME_MODERATE_INCREASE,0,0.0,60
CAP_LOW,Uniform,False,VEL_01,0,0.0,60
CAP_LOW,Uniform,False,VEL_02,0,0.0,60
CAP_LOW,Uniform,False,VEL_03,0,0.0,60
CAP_LOW,Uniform,False,VEL_04,1,0.016666666666666666,60
CAP_LOW,Uniform,False,VEL_05,3,0.05,60
CAP_LOW,Uniform,False,VEL_06,10,0.16666666666666666,60
CAP_LOW,Uniform,True,HYB_01,0,0.0,60
CAP_LOW,Uniform,True,HYB_02,0,0.0,60
CAP_LOW,Uniform,True,HYB_03,0,0.0,60
CAP_LOW,Uniform,True,HYB_04,0,0.0,60
CAP_LOW,Uniform,True,HYB_05,0,0.0,60
CAP_LOW,Uniform,True,HYB_06,0,0.0,60
CAP_LOW,Uniform,True,HYB_07,0,0.0,60
CAP_LOW,Uniform,True,HYB_08,60,1.0,60
CAP_LOW,Uniform,True,INV_01,0,0.0,60
CAP_LOW,Uniform,True,INV_02,0,0.0,60
CAP_LOW,Uniform,True,INV_03,0,0.0,60
CAP_LOW,Uniform,True,INV_04,0,0.0,60
CAP_LOW,Uniform,True,INV_05,0,0.0,60
CAP_LOW,Uniform,True,INV_06,0,0.0,60
CAP_LOW,Uniform,True,INV_07,0,0.0,60
CAP_LOW,Uniform,True,INV_08,0,0.0,60
CAP_LOW,Uniform,True,STATIC_085,0,0.0,60
CAP_LOW,Uniform,True,STATIC_100,0,0.0,60
CAP_LOW,Uniform,True,STATIC_115,0,0.0,60
CAP_LOW,Uniform,True,STATIC_130,0,0.0,60
CAP_LOW,Uniform,True,TIME_EARLY_DISCOUNT,0,0.0,60
CAP_LOW,Uniform,True,TIME_FLAT_THEN_SURGE,0,0.0,60
CAP_LOW,Uniform,True,TIME_HIGH_EARLY_NORMALIZE,0,0.0,60
CAP_LOW,Uniform,True,TIME_LATE_SURGE,0,0.0,60
CAP_LOW,Uniform,True,TIME_MILD_INCREASE,0,0.0,60
CAP_LOW,Uniform,True,TIME_MODERATE_INCREASE,0,0.0,60
CAP_LOW,Uniform,True,VEL_01,0,0.0,60
CAP_LOW,Uniform,True,VEL_02,0,0.0,60
CAP_LOW,Uniform,True,VEL_03,0,0.0,60
CAP_LOW,Uniform,True,VEL_04,0,0.0,60
CAP_LOW,Uniform,True,VEL_05,0,0.0,60
CAP_LOW,Uniform,True,VEL_06,0,0.0,60
DISPERSION_HIGH,CPC-v2,False,HYB_01,0,0.0,60
DISPERSION_HIGH,CPC-v2,False,HYB_02,0,0.0,60
DISPERSION_HIGH,CPC-v2,False,HYB_03,1,0.016666666666666666,60
DISPERSION_HIGH,CPC-v2,False,HYB_04,1,0.016666666666666666,60
DISPERSION_HIGH,CPC-v2,False,HYB_05,0,0.0,60
DISPERSION_HIGH,CPC-v2,False,HYB_06,17,0.2833333333333333,60
DISPERSION_HIGH,CPC-v2,False,HYB_07,5,0.08333333333333333,60
DISPERSION_HIGH,CPC-v2,False,HYB_08,19,0.31666666666666665,60
DISPERSION_HIGH,CPC-v2,False,INV_01,0,0.0,60
DISPERSION_HIGH,CPC-v2,False,INV_02,0,0.0,60
DISPERSION_HIGH,CPC-v2,False,INV_03,0,0.0,60
DISPERSION_HIGH,CPC-v2,False,INV_04,0,0.0,60
DISPERSION_HIGH,CPC-v2,False,INV_05,0,0.0,60
DISPERSION_HIGH,CPC-v2,False,INV_06,0,0.0,60
DISPERSION_HIGH,CPC-v2,False,INV_07,0,0.0,60
DISPERSION_HIGH,CPC-v2,False,INV_08,0,0.0,60
DISPERSION_HIGH,CPC-v2,False,STATIC_085,0,0.0,60
DISPERSION_HIGH,CPC-v2,False,STATIC_100,0,0.0,60
DISPERSION_HIGH,CPC-v2,False,STATIC_115,0,0.0,60
DISPERSION_HIGH,CPC-v2,False,STATIC_130,0,0.0,60
DISPERSION_HIGH,CPC-v2,False,TIME_EARLY_DISCOUNT,0,0.0,60
DISPERSION_HIGH,CPC-v2,False,TIME_FLAT_THEN_SURGE,0,0.0,60
DISPERSION_HIGH,CPC-v2,False,TIME_HIGH_EARLY_NORMALIZE,0,0.0,60
DISPERSION_HIGH,CPC-v2,False,TIME_LATE_SURGE,0,0.0,60
DISPERSION_HIGH,CPC-v2,False,TIME_MILD_INCREASE,0,0.0,60
DISPERSION_HIGH,CPC-v2,False,TIME_MODERATE_INCREASE,0,0.0,60
DISPERSION_HIGH,CPC-v2,False,VEL_01,0,0.0,60
DISPERSION_HIGH,CPC-v2,False,VEL_02,0,0.0,60
DISPERSION_HIGH,CPC-v2,False,VEL_03,0,0.0,60
DISPERSION_HIGH,CPC-v2,False,VEL_04,2,0.03333333333333333,60
DISPERSION_HIGH,CPC-v2,False,VEL_05,3,0.05,60
DISPERSION_HIGH,CPC-v2,False,VEL_06,12,0.2,60
DISPERSION_HIGH,CPC-v2,True,HYB_01,0,0.0,60
DISPERSION_HIGH,CPC-v2,True,HYB_02,0,0.0,60
DISPERSION_HIGH,CPC-v2,True,HYB_03,0,0.0,60
DISPERSION_HIGH,CPC-v2,True,HYB_04,0,0.0,60
DISPERSION_HIGH,CPC-v2,True,HYB_05,0,0.0,60
DISPERSION_HIGH,CPC-v2,True,HYB_06,28,0.4666666666666667,60
DISPERSION_HIGH,CPC-v2,True,HYB_07,0,0.0,60
DISPERSION_HIGH,CPC-v2,True,HYB_08,32,0.5333333333333333,60
DISPERSION_HIGH,CPC-v2,True,INV_01,0,0.0,60
DISPERSION_HIGH,CPC-v2,True,INV_02,0,0.0,60
DISPERSION_HIGH,CPC-v2,True,INV_03,0,0.0,60
DISPERSION_HIGH,CPC-v2,True,INV_04,0,0.0,60
DISPERSION_HIGH,CPC-v2,True,INV_05,0,0.0,60
DISPERSION_HIGH,CPC-v2,True,INV_06,0,0.0,60
DISPERSION_HIGH,CPC-v2,True,INV_07,0,0.0,60
DISPERSION_HIGH,CPC-v2,True,INV_08,0,0.0,60
DISPERSION_HIGH,CPC-v2,True,STATIC_085,0,0.0,60
DISPERSION_HIGH,CPC-v2,True,STATIC_100,0,0.0,60
DISPERSION_HIGH,CPC-v2,True,STATIC_115,0,0.0,60
DISPERSION_HIGH,CPC-v2,True,STATIC_130,0,0.0,60
DISPERSION_HIGH,CPC-v2,True,TIME_EARLY_DISCOUNT,0,0.0,60
DISPERSION_HIGH,CPC-v2,True,TIME_FLAT_THEN_SURGE,0,0.0,60
DISPERSION_HIGH,CPC-v2,True,TIME_HIGH_EARLY_NORMALIZE,0,0.0,60
DISPERSION_HIGH,CPC-v2,True,TIME_LATE_SURGE,0,0.0,60
DISPERSION_HIGH,CPC-v2,True,TIME_MILD_INCREASE,0,0.0,60
DISPERSION_HIGH,CPC-v2,True,TIME_MODERATE_INCREASE,0,0.0,60
DISPERSION_HIGH,CPC-v2,True,VEL_01,0,0.0,60
DISPERSION_HIGH,CPC-v2,True,VEL_02,0,0.0,60
DISPERSION_HIGH,CPC-v2,True,VEL_03,0,0.0,60
DISPERSION_HIGH,CPC-v2,True,VEL_04,0,0.0,60
DISPERSION_HIGH,CPC-v2,True,VEL_05,0,0.0,60
DISPERSION_HIGH,CPC-v2,True,VEL_06,0,0.0,60
DISPERSION_HIGH,SH,False,HYB_01,0,0.0,60
DISPERSION_HIGH,SH,False,HYB_02,0,0.0,60
DISPERSION_HIGH,SH,False,HYB_03,0,0.0,60
DISPERSION_HIGH,SH,False,HYB_04,0,0.0,60
DISPERSION_HIGH,SH,False,HYB_05,0,0.0,60
DISPERSION_HIGH,SH,False,HYB_06,24,0.4,60
DISPERSION_HIGH,SH,False,HYB_07,2,0.03333333333333333,60
DISPERSION_HIGH,SH,False,HYB_08,31,0.5166666666666667,60
DISPERSION_HIGH,SH,False,INV_01,0,0.0,60
DISPERSION_HIGH,SH,False,INV_02,0,0.0,60
DISPERSION_HIGH,SH,False,INV_03,0,0.0,60
DISPERSION_HIGH,SH,False,INV_04,0,0.0,60
DISPERSION_HIGH,SH,False,INV_05,0,0.0,60
DISPERSION_HIGH,SH,False,INV_06,0,0.0,60
DISPERSION_HIGH,SH,False,INV_07,0,0.0,60
DISPERSION_HIGH,SH,False,INV_08,0,0.0,60
DISPERSION_HIGH,SH,False,STATIC_085,0,0.0,60
DISPERSION_HIGH,SH,False,STATIC_100,0,0.0,60
DISPERSION_HIGH,SH,False,STATIC_115,0,0.0,60
DISPERSION_HIGH,SH,False,STATIC_130,0,0.0,60
DISPERSION_HIGH,SH,False,TIME_EARLY_DISCOUNT,0,0.0,60
DISPERSION_HIGH,SH,False,TIME_FLAT_THEN_SURGE,0,0.0,60
DISPERSION_HIGH,SH,False,TIME_HIGH_EARLY_NORMALIZE,0,0.0,60
DISPERSION_HIGH,SH,False,TIME_LATE_SURGE,0,0.0,60
DISPERSION_HIGH,SH,False,TIME_MILD_INCREASE,0,0.0,60
DISPERSION_HIGH,SH,False,TIME_MODERATE_INCREASE,0,0.0,60
DISPERSION_HIGH,SH,False,VEL_01,0,0.0,60
DISPERSION_HIGH,SH,False,VEL_02,0,0.0,60
DISPERSION_HIGH,SH,False,VEL_03,0,0.0,60
DISPERSION_HIGH,SH,False,VEL_04,0,0.0,60
DISPERSION_HIGH,SH,False,VEL_05,0,0.0,60
DISPERSION_HIGH,SH,False,VEL_06,3,0.05,60
DISPERSION_HIGH,SH,True,HYB_01,0,0.0,60
DISPERSION_HIGH,SH,True,HYB_02,0,0.0,60
DISPERSION_HIGH,SH,True,HYB_03,0,0.0,60
DISPERSION_HIGH,SH,True,HYB_04,0,0.0,60
DISPERSION_HIGH,SH,True,HYB_05,0,0.0,60
DISPERSION_HIGH,SH,True,HYB_06,19,0.31666666666666665,60
DISPERSION_HIGH,SH,True,HYB_07,0,0.0,60
DISPERSION_HIGH,SH,True,HYB_08,41,0.6833333333333333,60
DISPERSION_HIGH,SH,True,INV_01,0,0.0,60
DISPERSION_HIGH,SH,True,INV_02,0,0.0,60
DISPERSION_HIGH,SH,True,INV_03,0,0.0,60
DISPERSION_HIGH,SH,True,INV_04,0,0.0,60
DISPERSION_HIGH,SH,True,INV_05,0,0.0,60
DISPERSION_HIGH,SH,True,INV_06,0,0.0,60
DISPERSION_HIGH,SH,True,INV_07,0,0.0,60
DISPERSION_HIGH,SH,True,INV_08,0,0.0,60
DISPERSION_HIGH,SH,True,STATIC_085,0,0.0,60
DISPERSION_HIGH,SH,True,STATIC_100,0,0.0,60
DISPERSION_HIGH,SH,True,STATIC_115,0,0.0,60
DISPERSION_HIGH,SH,True,STATIC_130,0,0.0,60
DISPERSION_HIGH,SH,True,TIME_EARLY_DISCOUNT,0,0.0,60
DISPERSION_HIGH,SH,True,TIME_FLAT_THEN_SURGE,0,0.0,60
DISPERSION_HIGH,SH,True,TIME_HIGH_EARLY_NORMALIZE,0,0.0,60
DISPERSION_HIGH,SH,True,TIME_LATE_SURGE,0,0.0,60
DISPERSION_HIGH,SH,True,TIME_MILD_INCREASE,0,0.0,60
DISPERSION_HIGH,SH,True,TIME_MODERATE_INCREASE,0,0.0,60
DISPERSION_HIGH,SH,True,VEL_01,0,0.0,60
DISPERSION_HIGH,SH,True,VEL_02,0,0.0,60
DISPERSION_HIGH,SH,True,VEL_03,0,0.0,60
DISPERSION_HIGH,SH,True,VEL_04,0,0.0,60
DISPERSION_HIGH,SH,True,VEL_05,0,0.0,60
DISPERSION_HIGH,SH,True,VEL_06,0,0.0,60
DISPERSION_HIGH,Uniform,False,HYB_01,0,0.0,60
DISPERSION_HIGH,Uniform,False,HYB_02,0,0.0,60
DISPERSION_HIGH,Uniform,False,HYB_03,0,0.0,60
DISPERSION_HIGH,Uniform,False,HYB_04,1,0.016666666666666666,60
DISPERSION_HIGH,Uniform,False,HYB_05,0,0.0,60
DISPERSION_HIGH,Uniform,False,HYB_06,20,0.3333333333333333,60
DISPERSION_HIGH,Uniform,False,HYB_07,5,0.08333333333333333,60
DISPERSION_HIGH,Uniform,False,HYB_08,23,0.38333333333333336,60
DISPERSION_HIGH,Uniform,False,INV_01,0,0.0,60
DISPERSION_HIGH,Uniform,False,INV_02,0,0.0,60
DISPERSION_HIGH,Uniform,False,INV_03,0,0.0,60
DISPERSION_HIGH,Uniform,False,INV_04,0,0.0,60
DISPERSION_HIGH,Uniform,False,INV_05,0,0.0,60
DISPERSION_HIGH,Uniform,False,INV_06,0,0.0,60
DISPERSION_HIGH,Uniform,False,INV_07,0,0.0,60
DISPERSION_HIGH,Uniform,False,INV_08,0,0.0,60
DISPERSION_HIGH,Uniform,False,STATIC_085,0,0.0,60
DISPERSION_HIGH,Uniform,False,STATIC_100,0,0.0,60
DISPERSION_HIGH,Uniform,False,STATIC_115,0,0.0,60
DISPERSION_HIGH,Uniform,False,STATIC_130,0,0.0,60
DISPERSION_HIGH,Uniform,False,TIME_EARLY_DISCOUNT,0,0.0,60
DISPERSION_HIGH,Uniform,False,TIME_FLAT_THEN_SURGE,0,0.0,60
DISPERSION_HIGH,Uniform,False,TIME_HIGH_EARLY_NORMALIZE,0,0.0,60
DISPERSION_HIGH,Uniform,False,TIME_LATE_SURGE,0,0.0,60
DISPERSION_HIGH,Uniform,False,TIME_MILD_INCREASE,0,0.0,60
DISPERSION_HIGH,Uniform,False,TIME_MODERATE_INCREASE,0,0.0,60
DISPERSION_HIGH,Uniform,False,VEL_01,0,0.0,60
DISPERSION_HIGH,Uniform,False,VEL_02,0,0.0,60
DISPERSION_HIGH,Uniform,False,VEL_03,0,0.0,60
DISPERSION_HIGH,Uniform,False,VEL_04,0,0.0,60
DISPERSION_HIGH,Uniform,False,VEL_05,6,0.1,60
DISPERSION_HIGH,Uniform,False,VEL_06,5,0.08333333333333333,60
DISPERSION_HIGH,Uniform,True,HYB_01,0,0.0,60
DISPERSION_HIGH,Uniform,True,HYB_02,0,0.0,60
DISPERSION_HIGH,Uniform,True,HYB_03,0,0.0,60
DISPERSION_HIGH,Uniform,True,HYB_04,0,0.0,60
DISPERSION_HIGH,Uniform,True,HYB_05,0,0.0,60
DISPERSION_HIGH,Uniform,True,HYB_06,19,0.31666666666666665,60
DISPERSION_HIGH,Uniform,True,HYB_07,0,0.0,60
DISPERSION_HIGH,Uniform,True,HYB_08,41,0.6833333333333333,60
DISPERSION_HIGH,Uniform,True,INV_01,0,0.0,60
DISPERSION_HIGH,Uniform,True,INV_02,0,0.0,60
DISPERSION_HIGH,Uniform,True,INV_03,0,0.0,60
DISPERSION_HIGH,Uniform,True,INV_04,0,0.0,60
DISPERSION_HIGH,Uniform,True,INV_05,0,0.0,60
DISPERSION_HIGH,Uniform,True,INV_06,0,0.0,60
DISPERSION_HIGH,Uniform,True,INV_07,0,0.0,60
DISPERSION_HIGH,Uniform,True,INV_08,0,0.0,60
DISPERSION_HIGH,Uniform,True,STATIC_085,0,0.0,60
DISPERSION_HIGH,Uniform,True,STATIC_100,0,0.0,60
DISPERSION_HIGH,Uniform,True,STATIC_115,0,0.0,60
DISPERSION_HIGH,Uniform,True,STATIC_130,0,0.0,60
DISPERSION_HIGH,Uniform,True,TIME_EARLY_DISCOUNT,0,0.0,60
DISPERSION_HIGH,Uniform,True,TIME_FLAT_THEN_SURGE,0,0.0,60
DISPERSION_HIGH,Uniform,True,TIME_HIGH_EARLY_NORMALIZE,0,0.0,60
DISPERSION_HIGH,Uniform,True,TIME_LATE_SURGE,0,0.0,60
DISPERSION_HIGH,Uniform,True,TIME_MILD_INCREASE,0,0.0,60
DISPERSION_HIGH,Uniform,True,TIME_MODERATE_INCREASE,0,0.0,60
DISPERSION_HIGH,Uniform,True,VEL_01,0,0.0,60
DISPERSION_HIGH,Uniform,True,VEL_02,0,0.0,60
DISPERSION_HIGH,Uniform,True,VEL_03,0,0.0,60
DISPERSION_HIGH,Uniform,True,VEL_04,0,0.0,60
DISPERSION_HIGH,Uniform,True,VEL_05,0,0.0,60
DISPERSION_HIGH,Uniform,True,VEL_06,0,0.0,60
DISPERSION_LOW,CPC-v2,False,HYB_01,0,0.0,60
DISPERSION_LOW,CPC-v2,False,HYB_02,0,0.0,60
DISPERSION_LOW,CPC-v2,False,HYB_03,0,0.0,60
DISPERSION_LOW,CPC-v2,False,HYB_04,2,0.03333333333333333,60
DISPERSION_LOW,CPC-v2,False,HYB_05,0,0.0,60
DISPERSION_LOW,CPC-v2,False,HYB_06,8,0.13333333333333333,60
DISPERSION_LOW,CPC-v2,False,HYB_07,6,0.1,60
DISPERSION_LOW,CPC-v2,False,HYB_08,34,0.5666666666666667,60
DISPERSION_LOW,CPC-v2,False,INV_01,0,0.0,60
DISPERSION_LOW,CPC-v2,False,INV_02,0,0.0,60
DISPERSION_LOW,CPC-v2,False,INV_03,0,0.0,60
DISPERSION_LOW,CPC-v2,False,INV_04,0,0.0,60
DISPERSION_LOW,CPC-v2,False,INV_05,0,0.0,60
DISPERSION_LOW,CPC-v2,False,INV_06,0,0.0,60
DISPERSION_LOW,CPC-v2,False,INV_07,0,0.0,60
DISPERSION_LOW,CPC-v2,False,INV_08,0,0.0,60
DISPERSION_LOW,CPC-v2,False,STATIC_085,0,0.0,60
DISPERSION_LOW,CPC-v2,False,STATIC_100,0,0.0,60
DISPERSION_LOW,CPC-v2,False,STATIC_115,0,0.0,60
DISPERSION_LOW,CPC-v2,False,STATIC_130,0,0.0,60
DISPERSION_LOW,CPC-v2,False,TIME_EARLY_DISCOUNT,0,0.0,60
DISPERSION_LOW,CPC-v2,False,TIME_FLAT_THEN_SURGE,0,0.0,60
DISPERSION_LOW,CPC-v2,False,TIME_HIGH_EARLY_NORMALIZE,0,0.0,60
DISPERSION_LOW,CPC-v2,False,TIME_LATE_SURGE,0,0.0,60
DISPERSION_LOW,CPC-v2,False,TIME_MILD_INCREASE,0,0.0,60
DISPERSION_LOW,CPC-v2,False,TIME_MODERATE_INCREASE,0,0.0,60
DISPERSION_LOW,CPC-v2,False,VEL_01,0,0.0,60
DISPERSION_LOW,CPC-v2,False,VEL_02,0,0.0,60
DISPERSION_LOW,CPC-v2,False,VEL_03,0,0.0,60
DISPERSION_LOW,CPC-v2,False,VEL_04,1,0.016666666666666666,60
DISPERSION_LOW,CPC-v2,False,VEL_05,3,0.05,60
DISPERSION_LOW,CPC-v2,False,VEL_06,6,0.1,60
DISPERSION_LOW,CPC-v2,True,HYB_01,0,0.0,60
DISPERSION_LOW,CPC-v2,True,HYB_02,0,0.0,60
DISPERSION_LOW,CPC-v2,True,HYB_03,0,0.0,60
DISPERSION_LOW,CPC-v2,True,HYB_04,0,0.0,60
DISPERSION_LOW,CPC-v2,True,HYB_05,0,0.0,60
DISPERSION_LOW,CPC-v2,True,HYB_06,0,0.0,60
DISPERSION_LOW,CPC-v2,True,HYB_07,0,0.0,60
DISPERSION_LOW,CPC-v2,True,HYB_08,60,1.0,60
DISPERSION_LOW,CPC-v2,True,INV_01,0,0.0,60
DISPERSION_LOW,CPC-v2,True,INV_02,0,0.0,60
DISPERSION_LOW,CPC-v2,True,INV_03,0,0.0,60
DISPERSION_LOW,CPC-v2,True,INV_04,0,0.0,60
DISPERSION_LOW,CPC-v2,True,INV_05,0,0.0,60
DISPERSION_LOW,CPC-v2,True,INV_06,0,0.0,60
DISPERSION_LOW,CPC-v2,True,INV_07,0,0.0,60
DISPERSION_LOW,CPC-v2,True,INV_08,0,0.0,60
DISPERSION_LOW,CPC-v2,True,STATIC_085,0,0.0,60
DISPERSION_LOW,CPC-v2,True,STATIC_100,0,0.0,60
DISPERSION_LOW,CPC-v2,True,STATIC_115,0,0.0,60
DISPERSION_LOW,CPC-v2,True,STATIC_130,0,0.0,60
DISPERSION_LOW,CPC-v2,True,TIME_EARLY_DISCOUNT,0,0.0,60
DISPERSION_LOW,CPC-v2,True,TIME_FLAT_THEN_SURGE,0,0.0,60
DISPERSION_LOW,CPC-v2,True,TIME_HIGH_EARLY_NORMALIZE,0,0.0,60
DISPERSION_LOW,CPC-v2,True,TIME_LATE_SURGE,0,0.0,60
DISPERSION_LOW,CPC-v2,True,TIME_MILD_INCREASE,0,0.0,60
DISPERSION_LOW,CPC-v2,True,TIME_MODERATE_INCREASE,0,0.0,60
DISPERSION_LOW,CPC-v2,True,VEL_01,0,0.0,60
DISPERSION_LOW,CPC-v2,True,VEL_02,0,0.0,60
DISPERSION_LOW,CPC-v2,True,VEL_03,0,0.0,60
DISPERSION_LOW,CPC-v2,True,VEL_04,0,0.0,60
DISPERSION_LOW,CPC-v2,True,VEL_05,0,0.0,60
DISPERSION_LOW,CPC-v2,True,VEL_06,0,0.0,60
DISPERSION_LOW,SH,False,HYB_01,0,0.0,60
DISPERSION_LOW,SH,False,HYB_02,0,0.0,60
DISPERSION_LOW,SH,False,HYB_03,0,0.0,60
DISPERSION_LOW,SH,False,HYB_04,0,0.0,60
DISPERSION_LOW,SH,False,HYB_05,0,0.0,60
DISPERSION_LOW,SH,False,HYB_06,10,0.16666666666666666,60
DISPERSION_LOW,SH,False,HYB_07,0,0.0,60
DISPERSION_LOW,SH,False,HYB_08,46,0.7666666666666667,60
DISPERSION_LOW,SH,False,INV_01,0,0.0,60
DISPERSION_LOW,SH,False,INV_02,0,0.0,60
DISPERSION_LOW,SH,False,INV_03,0,0.0,60
DISPERSION_LOW,SH,False,INV_04,0,0.0,60
DISPERSION_LOW,SH,False,INV_05,0,0.0,60
DISPERSION_LOW,SH,False,INV_06,0,0.0,60
DISPERSION_LOW,SH,False,INV_07,0,0.0,60
DISPERSION_LOW,SH,False,INV_08,0,0.0,60
DISPERSION_LOW,SH,False,STATIC_085,0,0.0,60
DISPERSION_LOW,SH,False,STATIC_100,0,0.0,60
DISPERSION_LOW,SH,False,STATIC_115,0,0.0,60
DISPERSION_LOW,SH,False,STATIC_130,0,0.0,60
DISPERSION_LOW,SH,False,TIME_EARLY_DISCOUNT,0,0.0,60
DISPERSION_LOW,SH,False,TIME_FLAT_THEN_SURGE,0,0.0,60
DISPERSION_LOW,SH,False,TIME_HIGH_EARLY_NORMALIZE,0,0.0,60
DISPERSION_LOW,SH,False,TIME_LATE_SURGE,0,0.0,60
DISPERSION_LOW,SH,False,TIME_MILD_INCREASE,0,0.0,60
DISPERSION_LOW,SH,False,TIME_MODERATE_INCREASE,0,0.0,60
DISPERSION_LOW,SH,False,VEL_01,0,0.0,60
DISPERSION_LOW,SH,False,VEL_02,0,0.0,60
DISPERSION_LOW,SH,False,VEL_03,0,0.0,60
DISPERSION_LOW,SH,False,VEL_04,0,0.0,60
DISPERSION_LOW,SH,False,VEL_05,0,0.0,60
DISPERSION_LOW,SH,False,VEL_06,4,0.06666666666666667,60
DISPERSION_LOW,SH,True,HYB_01,0,0.0,60
DISPERSION_LOW,SH,True,HYB_02,0,0.0,60
DISPERSION_LOW,SH,True,HYB_03,0,0.0,60
DISPERSION_LOW,SH,True,HYB_04,0,0.0,60
DISPERSION_LOW,SH,True,HYB_05,0,0.0,60
DISPERSION_LOW,SH,True,HYB_06,0,0.0,60
DISPERSION_LOW,SH,True,HYB_07,0,0.0,60
DISPERSION_LOW,SH,True,HYB_08,60,1.0,60
DISPERSION_LOW,SH,True,INV_01,0,0.0,60
DISPERSION_LOW,SH,True,INV_02,0,0.0,60
DISPERSION_LOW,SH,True,INV_03,0,0.0,60
DISPERSION_LOW,SH,True,INV_04,0,0.0,60
DISPERSION_LOW,SH,True,INV_05,0,0.0,60
DISPERSION_LOW,SH,True,INV_06,0,0.0,60
DISPERSION_LOW,SH,True,INV_07,0,0.0,60
DISPERSION_LOW,SH,True,INV_08,0,0.0,60
DISPERSION_LOW,SH,True,STATIC_085,0,0.0,60
DISPERSION_LOW,SH,True,STATIC_100,0,0.0,60
DISPERSION_LOW,SH,True,STATIC_115,0,0.0,60
DISPERSION_LOW,SH,True,STATIC_130,0,0.0,60
DISPERSION_LOW,SH,True,TIME_EARLY_DISCOUNT,0,0.0,60
DISPERSION_LOW,SH,True,TIME_FLAT_THEN_SURGE,0,0.0,60
DISPERSION_LOW,SH,True,TIME_HIGH_EARLY_NORMALIZE,0,0.0,60
DISPERSION_LOW,SH,True,TIME_LATE_SURGE,0,0.0,60
DISPERSION_LOW,SH,True,TIME_MILD_INCREASE,0,0.0,60
DISPERSION_LOW,SH,True,TIME_MODERATE_INCREASE,0,0.0,60
DISPERSION_LOW,SH,True,VEL_01,0,0.0,60
DISPERSION_LOW,SH,True,VEL_02,0,0.0,60
DISPERSION_LOW,SH,True,VEL_03,0,0.0,60
DISPERSION_LOW,SH,True,VEL_04,0,0.0,60
DISPERSION_LOW,SH,True,VEL_05,0,0.0,60
DISPERSION_LOW,SH,True,VEL_06,0,0.0,60
DISPERSION_LOW,Uniform,False,HYB_01,0,0.0,60
DISPERSION_LOW,Uniform,False,HYB_02,0,0.0,60
DISPERSION_LOW,Uniform,False,HYB_03,0,0.0,60
DISPERSION_LOW,Uniform,False,HYB_04,2,0.03333333333333333,60
DISPERSION_LOW,Uniform,False,HYB_05,0,0.0,60
DISPERSION_LOW,Uniform,False,HYB_06,17,0.2833333333333333,60
DISPERSION_LOW,Uniform,False,HYB_07,6,0.1,60
DISPERSION_LOW,Uniform,False,HYB_08,28,0.4666666666666667,60
DISPERSION_LOW,Uniform,False,INV_01,0,0.0,60
DISPERSION_LOW,Uniform,False,INV_02,0,0.0,60
DISPERSION_LOW,Uniform,False,INV_03,0,0.0,60
DISPERSION_LOW,Uniform,False,INV_04,0,0.0,60
DISPERSION_LOW,Uniform,False,INV_05,0,0.0,60
DISPERSION_LOW,Uniform,False,INV_06,0,0.0,60
DISPERSION_LOW,Uniform,False,INV_07,0,0.0,60
DISPERSION_LOW,Uniform,False,INV_08,0,0.0,60
DISPERSION_LOW,Uniform,False,STATIC_085,0,0.0,60
DISPERSION_LOW,Uniform,False,STATIC_100,0,0.0,60
DISPERSION_LOW,Uniform,False,STATIC_115,0,0.0,60
DISPERSION_LOW,Uniform,False,STATIC_130,0,0.0,60
DISPERSION_LOW,Uniform,False,TIME_EARLY_DISCOUNT,0,0.0,60
DISPERSION_LOW,Uniform,False,TIME_FLAT_THEN_SURGE,0,0.0,60
DISPERSION_LOW,Uniform,False,TIME_HIGH_EARLY_NORMALIZE,0,0.0,60
DISPERSION_LOW,Uniform,False,TIME_LATE_SURGE,0,0.0,60
DISPERSION_LOW,Uniform,False,TIME_MILD_INCREASE,0,0.0,60
DISPERSION_LOW,Uniform,False,TIME_MODERATE_INCREASE,0,0.0,60
DISPERSION_LOW,Uniform,False,VEL_01,0,0.0,60
DISPERSION_LOW,Uniform,False,VEL_02,0,0.0,60
DISPERSION_LOW,Uniform,False,VEL_03,0,0.0,60
DISPERSION_LOW,Uniform,False,VEL_04,1,0.016666666666666666,60
DISPERSION_LOW,Uniform,False,VEL_05,0,0.0,60
DISPERSION_LOW,Uniform,False,VEL_06,6,0.1,60
DISPERSION_LOW,Uniform,True,HYB_01,0,0.0,60
DISPERSION_LOW,Uniform,True,HYB_02,0,0.0,60
DISPERSION_LOW,Uniform,True,HYB_03,0,0.0,60
DISPERSION_LOW,Uniform,True,HYB_04,0,0.0,60
DISPERSION_LOW,Uniform,True,HYB_05,0,0.0,60
DISPERSION_LOW,Uniform,True,HYB_06,0,0.0,60
DISPERSION_LOW,Uniform,True,HYB_07,0,0.0,60
DISPERSION_LOW,Uniform,True,HYB_08,60,1.0,60
DISPERSION_LOW,Uniform,True,INV_01,0,0.0,60
DISPERSION_LOW,Uniform,True,INV_02,0,0.0,60
DISPERSION_LOW,Uniform,True,INV_03,0,0.0,60
DISPERSION_LOW,Uniform,True,INV_04,0,0.0,60
DISPERSION_LOW,Uniform,True,INV_05,0,0.0,60
DISPERSION_LOW,Uniform,True,INV_06,0,0.0,60
DISPERSION_LOW,Uniform,True,INV_07,0,0.0,60
DISPERSION_LOW,Uniform,True,INV_08,0,0.0,60
DISPERSION_LOW,Uniform,True,STATIC_085,0,0.0,60
DISPERSION_LOW,Uniform,True,STATIC_100,0,0.0,60
DISPERSION_LOW,Uniform,True,STATIC_115,0,0.0,60
DISPERSION_LOW,Uniform,True,STATIC_130,0,0.0,60
DISPERSION_LOW,Uniform,True,TIME_EARLY_DISCOUNT,0,0.0,60
DISPERSION_LOW,Uniform,True,TIME_FLAT_THEN_SURGE,0,0.0,60
DISPERSION_LOW,Uniform,True,TIME_HIGH_EARLY_NORMALIZE,0,0.0,60
DISPERSION_LOW,Uniform,True,TIME_LATE_SURGE,0,0.0,60
DISPERSION_LOW,Uniform,True,TIME_MILD_INCREASE,0,0.0,60
DISPERSION_LOW,Uniform,True,TIME_MODERATE_INCREASE,0,0.0,60
DISPERSION_LOW,Uniform,True,VEL_01,0,0.0,60
DISPERSION_LOW,Uniform,True,VEL_02,0,0.0,60
DISPERSION_LOW,Uniform,True,VEL_03,0,0.0,60
DISPERSION_LOW,Uniform,True,VEL_04,0,0.0,60
DISPERSION_LOW,Uniform,True,VEL_05,0,0.0,60
DISPERSION_LOW,Uniform,True,VEL_06,0,0.0,60
ETA_HIGH,CPC-v2,False,HYB_01,0,0.0,60
ETA_HIGH,CPC-v2,False,HYB_02,0,0.0,60
ETA_HIGH,CPC-v2,False,HYB_03,0,0.0,60
ETA_HIGH,CPC-v2,False,HYB_04,50,0.8333333333333334,60
ETA_HIGH,CPC-v2,False,HYB_05,2,0.03333333333333333,60
ETA_HIGH,CPC-v2,False,HYB_06,0,0.0,60
ETA_HIGH,CPC-v2,False,HYB_07,1,0.016666666666666666,60
ETA_HIGH,CPC-v2,False,HYB_08,7,0.11666666666666667,60
ETA_HIGH,CPC-v2,False,INV_01,0,0.0,60
ETA_HIGH,CPC-v2,False,INV_02,0,0.0,60
ETA_HIGH,CPC-v2,False,INV_03,0,0.0,60
ETA_HIGH,CPC-v2,False,INV_04,0,0.0,60
ETA_HIGH,CPC-v2,False,INV_05,0,0.0,60
ETA_HIGH,CPC-v2,False,INV_06,0,0.0,60
ETA_HIGH,CPC-v2,False,INV_07,0,0.0,60
ETA_HIGH,CPC-v2,False,INV_08,0,0.0,60
ETA_HIGH,CPC-v2,False,STATIC_085,0,0.0,60
ETA_HIGH,CPC-v2,False,STATIC_100,0,0.0,60
ETA_HIGH,CPC-v2,False,STATIC_115,0,0.0,60
ETA_HIGH,CPC-v2,False,STATIC_130,0,0.0,60
ETA_HIGH,CPC-v2,False,TIME_EARLY_DISCOUNT,0,0.0,60
ETA_HIGH,CPC-v2,False,TIME_FLAT_THEN_SURGE,0,0.0,60
ETA_HIGH,CPC-v2,False,TIME_HIGH_EARLY_NORMALIZE,0,0.0,60
ETA_HIGH,CPC-v2,False,TIME_LATE_SURGE,0,0.0,60
ETA_HIGH,CPC-v2,False,TIME_MILD_INCREASE,0,0.0,60
ETA_HIGH,CPC-v2,False,TIME_MODERATE_INCREASE,0,0.0,60
ETA_HIGH,CPC-v2,False,VEL_01,0,0.0,60
ETA_HIGH,CPC-v2,False,VEL_02,0,0.0,60
ETA_HIGH,CPC-v2,False,VEL_03,0,0.0,60
ETA_HIGH,CPC-v2,False,VEL_04,0,0.0,60
ETA_HIGH,CPC-v2,False,VEL_05,0,0.0,60
ETA_HIGH,CPC-v2,False,VEL_06,0,0.0,60
ETA_HIGH,CPC-v2,True,HYB_01,0,0.0,60
ETA_HIGH,CPC-v2,True,HYB_02,0,0.0,60
ETA_HIGH,CPC-v2,True,HYB_03,0,0.0,60
ETA_HIGH,CPC-v2,True,HYB_04,60,1.0,60
ETA_HIGH,CPC-v2,True,HYB_05,0,0.0,60
ETA_HIGH,CPC-v2,True,HYB_06,0,0.0,60
ETA_HIGH,CPC-v2,True,HYB_07,0,0.0,60
ETA_HIGH,CPC-v2,True,HYB_08,0,0.0,60
ETA_HIGH,CPC-v2,True,INV_01,0,0.0,60
ETA_HIGH,CPC-v2,True,INV_02,0,0.0,60
ETA_HIGH,CPC-v2,True,INV_03,0,0.0,60
ETA_HIGH,CPC-v2,True,INV_04,0,0.0,60
ETA_HIGH,CPC-v2,True,INV_05,0,0.0,60
ETA_HIGH,CPC-v2,True,INV_06,0,0.0,60
ETA_HIGH,CPC-v2,True,INV_07,0,0.0,60
ETA_HIGH,CPC-v2,True,INV_08,0,0.0,60
ETA_HIGH,CPC-v2,True,STATIC_085,0,0.0,60
ETA_HIGH,CPC-v2,True,STATIC_100,0,0.0,60
ETA_HIGH,CPC-v2,True,STATIC_115,0,0.0,60
ETA_HIGH,CPC-v2,True,STATIC_130,0,0.0,60
ETA_HIGH,CPC-v2,True,TIME_EARLY_DISCOUNT,0,0.0,60
ETA_HIGH,CPC-v2,True,TIME_FLAT_THEN_SURGE,0,0.0,60
ETA_HIGH,CPC-v2,True,TIME_HIGH_EARLY_NORMALIZE,0,0.0,60
ETA_HIGH,CPC-v2,True,TIME_LATE_SURGE,0,0.0,60
ETA_HIGH,CPC-v2,True,TIME_MILD_INCREASE,0,0.0,60
ETA_HIGH,CPC-v2,True,TIME_MODERATE_INCREASE,0,0.0,60
ETA_HIGH,CPC-v2,True,VEL_01,0,0.0,60
ETA_HIGH,CPC-v2,True,VEL_02,0,0.0,60
ETA_HIGH,CPC-v2,True,VEL_03,0,0.0,60
ETA_HIGH,CPC-v2,True,VEL_04,0,0.0,60
ETA_HIGH,CPC-v2,True,VEL_05,0,0.0,60
ETA_HIGH,CPC-v2,True,VEL_06,0,0.0,60
ETA_HIGH,SH,False,HYB_01,0,0.0,60
ETA_HIGH,SH,False,HYB_02,0,0.0,60
ETA_HIGH,SH,False,HYB_03,0,0.0,60
ETA_HIGH,SH,False,HYB_04,58,0.9666666666666667,60
ETA_HIGH,SH,False,HYB_05,0,0.0,60
ETA_HIGH,SH,False,HYB_06,0,0.0,60
ETA_HIGH,SH,False,HYB_07,0,0.0,60
ETA_HIGH,SH,False,HYB_08,2,0.03333333333333333,60
ETA_HIGH,SH,False,INV_01,0,0.0,60
ETA_HIGH,SH,False,INV_02,0,0.0,60
ETA_HIGH,SH,False,INV_03,0,0.0,60
ETA_HIGH,SH,False,INV_04,0,0.0,60
ETA_HIGH,SH,False,INV_05,0,0.0,60
ETA_HIGH,SH,False,INV_06,0,0.0,60
ETA_HIGH,SH,False,INV_07,0,0.0,60
ETA_HIGH,SH,False,INV_08,0,0.0,60
ETA_HIGH,SH,False,STATIC_085,0,0.0,60
ETA_HIGH,SH,False,STATIC_100,0,0.0,60
ETA_HIGH,SH,False,STATIC_115,0,0.0,60
ETA_HIGH,SH,False,STATIC_130,0,0.0,60
ETA_HIGH,SH,False,TIME_EARLY_DISCOUNT,0,0.0,60
ETA_HIGH,SH,False,TIME_FLAT_THEN_SURGE,0,0.0,60
ETA_HIGH,SH,False,TIME_HIGH_EARLY_NORMALIZE,0,0.0,60
ETA_HIGH,SH,False,TIME_LATE_SURGE,0,0.0,60
ETA_HIGH,SH,False,TIME_MILD_INCREASE,0,0.0,60
ETA_HIGH,SH,False,TIME_MODERATE_INCREASE,0,0.0,60
ETA_HIGH,SH,False,VEL_01,0,0.0,60
ETA_HIGH,SH,False,VEL_02,0,0.0,60
ETA_HIGH,SH,False,VEL_03,0,0.0,60
ETA_HIGH,SH,False,VEL_04,0,0.0,60
ETA_HIGH,SH,False,VEL_05,0,0.0,60
ETA_HIGH,SH,False,VEL_06,0,0.0,60
ETA_HIGH,SH,True,HYB_01,0,0.0,60
ETA_HIGH,SH,True,HYB_02,0,0.0,60
ETA_HIGH,SH,True,HYB_03,0,0.0,60
ETA_HIGH,SH,True,HYB_04,60,1.0,60
ETA_HIGH,SH,True,HYB_05,0,0.0,60
ETA_HIGH,SH,True,HYB_06,0,0.0,60
ETA_HIGH,SH,True,HYB_07,0,0.0,60
ETA_HIGH,SH,True,HYB_08,0,0.0,60
ETA_HIGH,SH,True,INV_01,0,0.0,60
ETA_HIGH,SH,True,INV_02,0,0.0,60
ETA_HIGH,SH,True,INV_03,0,0.0,60
ETA_HIGH,SH,True,INV_04,0,0.0,60
ETA_HIGH,SH,True,INV_05,0,0.0,60
ETA_HIGH,SH,True,INV_06,0,0.0,60
ETA_HIGH,SH,True,INV_07,0,0.0,60
ETA_HIGH,SH,True,INV_08,0,0.0,60
ETA_HIGH,SH,True,STATIC_085,0,0.0,60
ETA_HIGH,SH,True,STATIC_100,0,0.0,60
ETA_HIGH,SH,True,STATIC_115,0,0.0,60
ETA_HIGH,SH,True,STATIC_130,0,0.0,60
ETA_HIGH,SH,True,TIME_EARLY_DISCOUNT,0,0.0,60
ETA_HIGH,SH,True,TIME_FLAT_THEN_SURGE,0,0.0,60
ETA_HIGH,SH,True,TIME_HIGH_EARLY_NORMALIZE,0,0.0,60
ETA_HIGH,SH,True,TIME_LATE_SURGE,0,0.0,60
ETA_HIGH,SH,True,TIME_MILD_INCREASE,0,0.0,60
ETA_HIGH,SH,True,TIME_MODERATE_INCREASE,0,0.0,60
ETA_HIGH,SH,True,VEL_01,0,0.0,60
ETA_HIGH,SH,True,VEL_02,0,0.0,60
ETA_HIGH,SH,True,VEL_03,0,0.0,60
ETA_HIGH,SH,True,VEL_04,0,0.0,60
ETA_HIGH,SH,True,VEL_05,0,0.0,60
ETA_HIGH,SH,True,VEL_06,0,0.0,60
ETA_HIGH,Uniform,False,HYB_01,0,0.0,60
ETA_HIGH,Uniform,False,HYB_02,0,0.0,60
ETA_HIGH,Uniform,False,HYB_03,0,0.0,60
ETA_HIGH,Uniform,False,HYB_04,51,0.85,60
ETA_HIGH,Uniform,False,HYB_05,4,0.06666666666666667,60
ETA_HIGH,Uniform,False,HYB_06,0,0.0,60
ETA_HIGH,Uniform,False,HYB_07,0,0.0,60
ETA_HIGH,Uniform,False,HYB_08,5,0.08333333333333333,60
ETA_HIGH,Uniform,False,INV_01,0,0.0,60
ETA_HIGH,Uniform,False,INV_02,0,0.0,60
ETA_HIGH,Uniform,False,INV_03,0,0.0,60
ETA_HIGH,Uniform,False,INV_04,0,0.0,60
ETA_HIGH,Uniform,False,INV_05,0,0.0,60
ETA_HIGH,Uniform,False,INV_06,0,0.0,60
ETA_HIGH,Uniform,False,INV_07,0,0.0,60
ETA_HIGH,Uniform,False,INV_08,0,0.0,60
ETA_HIGH,Uniform,False,STATIC_085,0,0.0,60
ETA_HIGH,Uniform,False,STATIC_100,0,0.0,60
ETA_HIGH,Uniform,False,STATIC_115,0,0.0,60
ETA_HIGH,Uniform,False,STATIC_130,0,0.0,60
ETA_HIGH,Uniform,False,TIME_EARLY_DISCOUNT,0,0.0,60
ETA_HIGH,Uniform,False,TIME_FLAT_THEN_SURGE,0,0.0,60
ETA_HIGH,Uniform,False,TIME_HIGH_EARLY_NORMALIZE,0,0.0,60
ETA_HIGH,Uniform,False,TIME_LATE_SURGE,0,0.0,60
ETA_HIGH,Uniform,False,TIME_MILD_INCREASE,0,0.0,60
ETA_HIGH,Uniform,False,TIME_MODERATE_INCREASE,0,0.0,60
ETA_HIGH,Uniform,False,VEL_01,0,0.0,60
ETA_HIGH,Uniform,False,VEL_02,0,0.0,60
ETA_HIGH,Uniform,False,VEL_03,0,0.0,60
ETA_HIGH,Uniform,False,VEL_04,0,0.0,60
ETA_HIGH,Uniform,False,VEL_05,0,0.0,60
ETA_HIGH,Uniform,False,VEL_06,0,0.0,60
ETA_HIGH,Uniform,True,HYB_01,0,0.0,60
ETA_HIGH,Uniform,True,HYB_02,0,0.0,60
ETA_HIGH,Uniform,True,HYB_03,0,0.0,60
ETA_HIGH,Uniform,True,HYB_04,60,1.0,60
ETA_HIGH,Uniform,True,HYB_05,0,0.0,60
ETA_HIGH,Uniform,True,HYB_06,0,0.0,60
ETA_HIGH,Uniform,True,HYB_07,0,0.0,60
ETA_HIGH,Uniform,True,HYB_08,0,0.0,60
ETA_HIGH,Uniform,True,INV_01,0,0.0,60
ETA_HIGH,Uniform,True,INV_02,0,0.0,60
ETA_HIGH,Uniform,True,INV_03,0,0.0,60
ETA_HIGH,Uniform,True,INV_04,0,0.0,60
ETA_HIGH,Uniform,True,INV_05,0,0.0,60
ETA_HIGH,Uniform,True,INV_06,0,0.0,60
ETA_HIGH,Uniform,True,INV_07,0,0.0,60
ETA_HIGH,Uniform,True,INV_08,0,0.0,60
ETA_HIGH,Uniform,True,STATIC_085,0,0.0,60
ETA_HIGH,Uniform,True,STATIC_100,0,0.0,60
ETA_HIGH,Uniform,True,STATIC_115,0,0.0,60
ETA_HIGH,Uniform,True,STATIC_130,0,0.0,60
ETA_HIGH,Uniform,True,TIME_EARLY_DISCOUNT,0,0.0,60
ETA_HIGH,Uniform,True,TIME_FLAT_THEN_SURGE,0,0.0,60
ETA_HIGH,Uniform,True,TIME_HIGH_EARLY_NORMALIZE,0,0.0,60
ETA_HIGH,Uniform,True,TIME_LATE_SURGE,0,0.0,60
ETA_HIGH,Uniform,True,TIME_MILD_INCREASE,0,0.0,60
ETA_HIGH,Uniform,True,TIME_MODERATE_INCREASE,0,0.0,60
ETA_HIGH,Uniform,True,VEL_01,0,0.0,60
ETA_HIGH,Uniform,True,VEL_02,0,0.0,60
ETA_HIGH,Uniform,True,VEL_03,0,0.0,60
ETA_HIGH,Uniform,True,VEL_04,0,0.0,60
ETA_HIGH,Uniform,True,VEL_05,0,0.0,60
ETA_HIGH,Uniform,True,VEL_06,0,0.0,60
ETA_LOW,CPC-v2,False,HYB_01,0,0.0,60
ETA_LOW,CPC-v2,False,HYB_02,0,0.0,60
ETA_LOW,CPC-v2,False,HYB_03,0,0.0,60
ETA_LOW,CPC-v2,False,HYB_04,0,0.0,60
ETA_LOW,CPC-v2,False,HYB_05,0,0.0,60
ETA_LOW,CPC-v2,False,HYB_06,0,0.0,60
ETA_LOW,CPC-v2,False,HYB_07,0,0.0,60
ETA_LOW,CPC-v2,False,HYB_08,0,0.0,60
ETA_LOW,CPC-v2,False,INV_01,0,0.0,60
ETA_LOW,CPC-v2,False,INV_02,0,0.0,60
ETA_LOW,CPC-v2,False,INV_03,0,0.0,60
ETA_LOW,CPC-v2,False,INV_04,0,0.0,60
ETA_LOW,CPC-v2,False,INV_05,0,0.0,60
ETA_LOW,CPC-v2,False,INV_06,0,0.0,60
ETA_LOW,CPC-v2,False,INV_07,0,0.0,60
ETA_LOW,CPC-v2,False,INV_08,0,0.0,60
ETA_LOW,CPC-v2,False,STATIC_085,0,0.0,60
ETA_LOW,CPC-v2,False,STATIC_100,0,0.0,60
ETA_LOW,CPC-v2,False,STATIC_115,0,0.0,60
ETA_LOW,CPC-v2,False,STATIC_130,60,1.0,60
ETA_LOW,CPC-v2,False,TIME_EARLY_DISCOUNT,0,0.0,60
ETA_LOW,CPC-v2,False,TIME_FLAT_THEN_SURGE,0,0.0,60
ETA_LOW,CPC-v2,False,TIME_HIGH_EARLY_NORMALIZE,0,0.0,60
ETA_LOW,CPC-v2,False,TIME_LATE_SURGE,0,0.0,60
ETA_LOW,CPC-v2,False,TIME_MILD_INCREASE,0,0.0,60
ETA_LOW,CPC-v2,False,TIME_MODERATE_INCREASE,0,0.0,60
ETA_LOW,CPC-v2,False,VEL_01,0,0.0,60
ETA_LOW,CPC-v2,False,VEL_02,0,0.0,60
ETA_LOW,CPC-v2,False,VEL_03,0,0.0,60
ETA_LOW,CPC-v2,False,VEL_04,0,0.0,60
ETA_LOW,CPC-v2,False,VEL_05,0,0.0,60
ETA_LOW,CPC-v2,False,VEL_06,0,0.0,60
ETA_LOW,CPC-v2,True,HYB_01,0,0.0,60
ETA_LOW,CPC-v2,True,HYB_02,0,0.0,60
ETA_LOW,CPC-v2,True,HYB_03,0,0.0,60
ETA_LOW,CPC-v2,True,HYB_04,0,0.0,60
ETA_LOW,CPC-v2,True,HYB_05,0,0.0,60
ETA_LOW,CPC-v2,True,HYB_06,0,0.0,60
ETA_LOW,CPC-v2,True,HYB_07,0,0.0,60
ETA_LOW,CPC-v2,True,HYB_08,0,0.0,60
ETA_LOW,CPC-v2,True,INV_01,0,0.0,60
ETA_LOW,CPC-v2,True,INV_02,0,0.0,60
ETA_LOW,CPC-v2,True,INV_03,0,0.0,60
ETA_LOW,CPC-v2,True,INV_04,0,0.0,60
ETA_LOW,CPC-v2,True,INV_05,0,0.0,60
ETA_LOW,CPC-v2,True,INV_06,0,0.0,60
ETA_LOW,CPC-v2,True,INV_07,0,0.0,60
ETA_LOW,CPC-v2,True,INV_08,0,0.0,60
ETA_LOW,CPC-v2,True,STATIC_085,0,0.0,60
ETA_LOW,CPC-v2,True,STATIC_100,0,0.0,60
ETA_LOW,CPC-v2,True,STATIC_115,0,0.0,60
ETA_LOW,CPC-v2,True,STATIC_130,60,1.0,60
ETA_LOW,CPC-v2,True,TIME_EARLY_DISCOUNT,0,0.0,60
ETA_LOW,CPC-v2,True,TIME_FLAT_THEN_SURGE,0,0.0,60
ETA_LOW,CPC-v2,True,TIME_HIGH_EARLY_NORMALIZE,0,0.0,60
ETA_LOW,CPC-v2,True,TIME_LATE_SURGE,0,0.0,60
ETA_LOW,CPC-v2,True,TIME_MILD_INCREASE,0,0.0,60
ETA_LOW,CPC-v2,True,TIME_MODERATE_INCREASE,0,0.0,60
ETA_LOW,CPC-v2,True,VEL_01,0,0.0,60
ETA_LOW,CPC-v2,True,VEL_02,0,0.0,60
ETA_LOW,CPC-v2,True,VEL_03,0,0.0,60
ETA_LOW,CPC-v2,True,VEL_04,0,0.0,60
ETA_LOW,CPC-v2,True,VEL_05,0,0.0,60
ETA_LOW,CPC-v2,True,VEL_06,0,0.0,60
ETA_LOW,SH,False,HYB_01,0,0.0,60
ETA_LOW,SH,False,HYB_02,0,0.0,60
ETA_LOW,SH,False,HYB_03,0,0.0,60
ETA_LOW,SH,False,HYB_04,0,0.0,60
ETA_LOW,SH,False,HYB_05,0,0.0,60
ETA_LOW,SH,False,HYB_06,0,0.0,60
ETA_LOW,SH,False,HYB_07,0,0.0,60
ETA_LOW,SH,False,HYB_08,0,0.0,60
ETA_LOW,SH,False,INV_01,0,0.0,60
ETA_LOW,SH,False,INV_02,0,0.0,60
ETA_LOW,SH,False,INV_03,0,0.0,60
ETA_LOW,SH,False,INV_04,0,0.0,60
ETA_LOW,SH,False,INV_05,0,0.0,60
ETA_LOW,SH,False,INV_06,0,0.0,60
ETA_LOW,SH,False,INV_07,0,0.0,60
ETA_LOW,SH,False,INV_08,0,0.0,60
ETA_LOW,SH,False,STATIC_085,0,0.0,60
ETA_LOW,SH,False,STATIC_100,0,0.0,60
ETA_LOW,SH,False,STATIC_115,0,0.0,60
ETA_LOW,SH,False,STATIC_130,60,1.0,60
ETA_LOW,SH,False,TIME_EARLY_DISCOUNT,0,0.0,60
ETA_LOW,SH,False,TIME_FLAT_THEN_SURGE,0,0.0,60
ETA_LOW,SH,False,TIME_HIGH_EARLY_NORMALIZE,0,0.0,60
ETA_LOW,SH,False,TIME_LATE_SURGE,0,0.0,60
ETA_LOW,SH,False,TIME_MILD_INCREASE,0,0.0,60
ETA_LOW,SH,False,TIME_MODERATE_INCREASE,0,0.0,60
ETA_LOW,SH,False,VEL_01,0,0.0,60
ETA_LOW,SH,False,VEL_02,0,0.0,60
ETA_LOW,SH,False,VEL_03,0,0.0,60
ETA_LOW,SH,False,VEL_04,0,0.0,60
ETA_LOW,SH,False,VEL_05,0,0.0,60
ETA_LOW,SH,False,VEL_06,0,0.0,60
ETA_LOW,SH,True,HYB_01,0,0.0,60
ETA_LOW,SH,True,HYB_02,0,0.0,60
ETA_LOW,SH,True,HYB_03,0,0.0,60
ETA_LOW,SH,True,HYB_04,0,0.0,60
ETA_LOW,SH,True,HYB_05,0,0.0,60
ETA_LOW,SH,True,HYB_06,0,0.0,60
ETA_LOW,SH,True,HYB_07,0,0.0,60
ETA_LOW,SH,True,HYB_08,0,0.0,60
ETA_LOW,SH,True,INV_01,0,0.0,60
ETA_LOW,SH,True,INV_02,0,0.0,60
ETA_LOW,SH,True,INV_03,0,0.0,60
ETA_LOW,SH,True,INV_04,0,0.0,60
ETA_LOW,SH,True,INV_05,0,0.0,60
ETA_LOW,SH,True,INV_06,0,0.0,60
ETA_LOW,SH,True,INV_07,0,0.0,60
ETA_LOW,SH,True,INV_08,0,0.0,60
ETA_LOW,SH,True,STATIC_085,0,0.0,60
ETA_LOW,SH,True,STATIC_100,0,0.0,60
ETA_LOW,SH,True,STATIC_115,0,0.0,60
ETA_LOW,SH,True,STATIC_130,60,1.0,60
ETA_LOW,SH,True,TIME_EARLY_DISCOUNT,0,0.0,60
ETA_LOW,SH,True,TIME_FLAT_THEN_SURGE,0,0.0,60
ETA_LOW,SH,True,TIME_HIGH_EARLY_NORMALIZE,0,0.0,60
ETA_LOW,SH,True,TIME_LATE_SURGE,0,0.0,60
ETA_LOW,SH,True,TIME_MILD_INCREASE,0,0.0,60
ETA_LOW,SH,True,TIME_MODERATE_INCREASE,0,0.0,60
ETA_LOW,SH,True,VEL_01,0,0.0,60
ETA_LOW,SH,True,VEL_02,0,0.0,60
ETA_LOW,SH,True,VEL_03,0,0.0,60
ETA_LOW,SH,True,VEL_04,0,0.0,60
ETA_LOW,SH,True,VEL_05,0,0.0,60
ETA_LOW,SH,True,VEL_06,0,0.0,60
ETA_LOW,Uniform,False,HYB_01,0,0.0,60
ETA_LOW,Uniform,False,HYB_02,0,0.0,60
ETA_LOW,Uniform,False,HYB_03,0,0.0,60
ETA_LOW,Uniform,False,HYB_04,0,0.0,60
ETA_LOW,Uniform,False,HYB_05,0,0.0,60
ETA_LOW,Uniform,False,HYB_06,0,0.0,60
ETA_LOW,Uniform,False,HYB_07,0,0.0,60
ETA_LOW,Uniform,False,HYB_08,0,0.0,60
ETA_LOW,Uniform,False,INV_01,0,0.0,60
ETA_LOW,Uniform,False,INV_02,0,0.0,60
ETA_LOW,Uniform,False,INV_03,0,0.0,60
ETA_LOW,Uniform,False,INV_04,0,0.0,60
ETA_LOW,Uniform,False,INV_05,0,0.0,60
ETA_LOW,Uniform,False,INV_06,0,0.0,60
ETA_LOW,Uniform,False,INV_07,0,0.0,60
ETA_LOW,Uniform,False,INV_08,0,0.0,60
ETA_LOW,Uniform,False,STATIC_085,0,0.0,60
ETA_LOW,Uniform,False,STATIC_100,0,0.0,60
ETA_LOW,Uniform,False,STATIC_115,0,0.0,60
ETA_LOW,Uniform,False,STATIC_130,60,1.0,60
ETA_LOW,Uniform,False,TIME_EARLY_DISCOUNT,0,0.0,60
ETA_LOW,Uniform,False,TIME_FLAT_THEN_SURGE,0,0.0,60
ETA_LOW,Uniform,False,TIME_HIGH_EARLY_NORMALIZE,0,0.0,60
ETA_LOW,Uniform,False,TIME_LATE_SURGE,0,0.0,60
ETA_LOW,Uniform,False,TIME_MILD_INCREASE,0,0.0,60
ETA_LOW,Uniform,False,TIME_MODERATE_INCREASE,0,0.0,60
ETA_LOW,Uniform,False,VEL_01,0,0.0,60
ETA_LOW,Uniform,False,VEL_02,0,0.0,60
ETA_LOW,Uniform,False,VEL_03,0,0.0,60
ETA_LOW,Uniform,False,VEL_04,0,0.0,60
ETA_LOW,Uniform,False,VEL_05,0,0.0,60
ETA_LOW,Uniform,False,VEL_06,0,0.0,60
ETA_LOW,Uniform,True,HYB_01,0,0.0,60
ETA_LOW,Uniform,True,HYB_02,0,0.0,60
ETA_LOW,Uniform,True,HYB_03,0,0.0,60
ETA_LOW,Uniform,True,HYB_04,0,0.0,60
ETA_LOW,Uniform,True,HYB_05,0,0.0,60
ETA_LOW,Uniform,True,HYB_06,0,0.0,60
ETA_LOW,Uniform,True,HYB_07,0,0.0,60
ETA_LOW,Uniform,True,HYB_08,0,0.0,60
ETA_LOW,Uniform,True,INV_01,0,0.0,60
ETA_LOW,Uniform,True,INV_02,0,0.0,60
ETA_LOW,Uniform,True,INV_03,0,0.0,60
ETA_LOW,Uniform,True,INV_04,0,0.0,60
ETA_LOW,Uniform,True,INV_05,0,0.0,60
ETA_LOW,Uniform,True,INV_06,0,0.0,60
ETA_LOW,Uniform,True,INV_07,0,0.0,60
ETA_LOW,Uniform,True,INV_08,0,0.0,60
ETA_LOW,Uniform,True,STATIC_085,0,0.0,60
ETA_LOW,Uniform,True,STATIC_100,0,0.0,60
ETA_LOW,Uniform,True,STATIC_115,0,0.0,60
ETA_LOW,Uniform,True,STATIC_130,60,1.0,60
ETA_LOW,Uniform,True,TIME_EARLY_DISCOUNT,0,0.0,60
ETA_LOW,Uniform,True,TIME_FLAT_THEN_SURGE,0,0.0,60
ETA_LOW,Uniform,True,TIME_HIGH_EARLY_NORMALIZE,0,0.0,60
ETA_LOW,Uniform,True,TIME_LATE_SURGE,0,0.0,60
ETA_LOW,Uniform,True,TIME_MILD_INCREASE,0,0.0,60
ETA_LOW,Uniform,True,TIME_MODERATE_INCREASE,0,0.0,60
ETA_LOW,Uniform,True,VEL_01,0,0.0,60
ETA_LOW,Uniform,True,VEL_02,0,0.0,60
ETA_LOW,Uniform,True,VEL_03,0,0.0,60
ETA_LOW,Uniform,True,VEL_04,0,0.0,60
ETA_LOW,Uniform,True,VEL_05,0,0.0,60
ETA_LOW,Uniform,True,VEL_06,0,0.0,60
