distribution,method,budget,crn,M,PGS,PGS_count,PGS_ci_low,PGS_ci_high,preservation,preservation_count,preservation_ci_low,preservation_ci_high,false_elimination,false_elimination_count,false_elimination_ci_low,false_elimination_ci_high,exact_PCS,exact_PCS_count,exact_PCS_ci_low,exact_PCS_ci_high,top3_PCS,top3_PCS_count,top3_PCS_ci_low,top3_PCS_ci_high,certification_frequency,certification_count,certification_ci_low,certification_ci_high,EOC_mean,EOC_sd,EOC_mcse,EOC_ci_low,EOC_ci_high,runtime_mean,runtime_sd,runtime_median,runtime_p90,runtime_p95,false_elimination_CP_low,false_elimination_CP_high,false_elimination_one_sided_95_upper,mean_eliminated,mean_certificates,mean_final_active_set_size,PGS_minus_preservation,no_elimination_count,any_elimination_frequency,selection_entropy_nats
GAUSSIAN_M6_G2,CPC-v2,256,False,5000,0.801,4005,0.7897043693280121,0.8118334741010635,0.9998,4999,0.9988679109191605,0.9999646942165608,0.0002,1,3.530578343936526e-05,0.0011320890808397363,0.306,1530,0.2933796570932893,0.31891821126139297,0.7048,3524,0.6920035320738407,0.7172820172094638,0.8414,4207,0.8310129138427956,0.8512628992691195,0.0010400454287997198,0.0011232123775800004,1.5884621777989663e-05,0.0010089046023785476,0.001071186255220892,0.012168027100048493,0.0034181826608087303,0.011197549996722955,0.016866040002787488,0.018646994998562153,5.06354877705159e-06,0.001113819380333972,0.000948417770004379,5.3462,5.383,26.6538,-0.19879999999999998,793,0.8414,1.8360370596134972
GAUSSIAN_M6_G2,CPC-v2,256,True,5000,0.9918,4959,0.9888953739300811,0.9939495144367608,0.9998,4999,0.9988679109191605,0.9999646942165608,0.0002,1,3.530578343936526e-05,0.0011320890808397363,0.6066,3033,0.5929827148290396,0.6200536111162742,0.9758,4879,0.9711612962211135,0.9797081586079702,1.0,5000,0.9992322980549431,1.0,0.0002895275670663967,0.00044485802367330113,6.291242504092738e-06,0.0002771939721258537,0.0003018611620069397,0.010566658180003288,0.002995892061626643,0.009443300004932098,0.014754230001562976,0.016298030002144515,5.06354877705159e-06,0.001113819380333972,0.000948417770004379,15.8188,18.9458,16.1812,-0.008000000000000007,0,1.0,0.9904366210162089
GAUSSIAN_M6_G2,CPC-v2,512,False,5000,0.8952,4476,0.8864045189533949,0.903388689429232,0.999,4995,0.9976610469499418,0.9995727865088913,0.001,5,0.00042721349110879964,0.002338953050058211,0.4048,2024,0.3912726030911314,0.41847356735920754,0.8224,4112,0.8115604933315617,0.8327444924542655,0.9944,4972,0.9919182789549426,0.996122617361785,0.0007048475808105811,0.0008523458660902295,1.2053990836574445e-05,0.0006812164713280568,0.0007284786902931055,0.022319808059951173,0.005419297254804468,0.021698450000258163,0.02961393000368844,0.03163742500073568,0.0003247744747778161,0.0023321105911455896,0.0021014479783966794,10.4138,10.4698,21.5862,-0.1038,28,0.9944,1.5551868281780348
GAUSSIAN_M6_G2,CPC-v2,512,True,5000,0.9998,4999,0.9988679109191605,0.9999646942165608,0.9994,4997,0.9982372939514713,0.9997959253458056,0.0006,3,0.00020407465419434642,0.001762706048528709,0.7742,3871,0.7624028816048731,0.7855761106484576,0.9994,4997,0.9982372939514713,0.9997959253458056,1.0,5000,0.9992322980549431,1.0,0.00012766538245246028,0.0002536296387601423,3.5868647495438204e-06,0.00012063355417710667,0.0001346972107278139,0.021355832140045824,0.005278845715582468,0.020587849998264574,0.028824090004491158,0.030591310002273532,0.00012375152046931285,0.0017524436033960471,0.001549994279706198,21.174,24.2278,10.826,0.00040000000000006697,0,1.0,0.6111938499280594
GAUSSIAN_M6_G2,CPC-v2,1024,False,5000,0.9654,4827,0.959966189053468,0.970119233976073,0.999,4995,0.9976610469499418,0.9995727865088913,0.001,5,0.00042721349110879964,0.002338953050058211,0.5046,2523,0.4907433370058754,0.5184496001362302,0.9224,4612,0.9146557557281246,0.9294956896686911,0.9964,4982,0.9943162662633602,0.997721559245587,0.00045177150211573973,0.0006191113635852322,8.755556870015358e-06,0.0004346067700547188,0.00046893623417676065,0.04892061991996598,0.009270140962923052,0.048248950002744095,0.061752460000570865,0.06468368999958331,0.0003247744747778161,0.0023321105911455896,0.0021014479783966794,10.6148,10.6414,21.3852,-0.03359999999999996,18,0.9964,1.2549195510395905
GAUSSIAN_M6_G2,CPC-v2,1024,True,5000,1.0,5000,0.9992322980549431,1.0,0.9988,4994,0.9973842237073702,0.9994499168322408,0.0012,6,0.0005500831677591556,0.002615776292629832,0.9062,4531,0.8978040325868777,0.913972286352958,1.0,5000,0.9992322980549431,1.0,1.0,5000,0.9992322980549431,1.0,4.7959909964436395e-05,0.00015075589944225576,2.132010375989926e-06,4.3780234428262377e-05,5.2139585500610414e-05,0.04663697133997921,0.00870593460780181,0.04633465000006254,0.058656089999567486,0.060939424997923194,0.0004405021345266783,0.0026100513108503033,0.0023670955423628686,20.9452,23.9766,11.0548,0.0011999999999999789,0,1.0,0.31851864381424666
HEAVY_T5,CPC-v2,256,False,5000,0.7994,3997,0.788072346717089,0.8102679533582108,1.0,5000,0.9992322980549431,1.0,0.0,0,0.0,0.0007677019450571244,0.3092,1546,0.29654026696771063,0.32215268809452324,0.6976,3488,0.6847214410285974,0.7101751631627161,0.8426,4213,0.8322431341438806,0.8524308364833663,0.0010680346369245325,0.001193578128688025,1.687974377342504e-05,0.0010349429348853658,0.0011011263389636991,0.11803392166007542,0.02594324783005973,0.1193450999999186,0.13396332999982405,0.13685816998331574,0.0,0.0007375038011081049,0.0005989670023149134,5.829,5.86,26.171,-0.2006,787,0.8426,1.8599376856495557
HEAVY_T5,CPC-v2,256,True,5000,0.9916,4958,0.9886658498349266,0.9937793456126935,1.0,5000,0.9992322980549431,1.0,0.0,0,0.0,0.0007677019450571244,0.6098,3049,0.5961998953507645,0.6232315173021011,0.9718,4859,0.9668367246863333,0.9760388717583109,0.999,4995,0.9976610469499418,0.9995727865088913,0.00028546895717414126,0.00044634446195103303,6.3122639158127274e-06,0.00027309415104565497,0.00029784376330262754,0.11380263733986067,0.025550650064941564,0.11493109998991713,0.1287371299782535,0.13213947000185727,0.0,0.0007375038011081049,0.0005989670023149134,15.6892,19.0386,16.3108,-0.008399999999999963,5,0.999,0.9842626437449715
HEAVY_T5,CPC-v2,512,False,5000,0.8934,4467,0.8845420283263423,0.9016539437832867,0.9998,4999,0.9988679109191605,0.9999646942165608,0.0002,1,3.530578343936526e-05,0.0011320890808397363,0.3938,1969,0.38034366995795327,0.40741938993517696,0.818,4090,0.8070623216116375,0.8284494199513062,0.9914,4957,0.9884366781599928,0.993608824368405,0.000719751572065808,0.0008701169870623164,1.2305312439547428e-05,0.0006956277620000744,0.0007438753821315415,0.2474110768397106,0.0482426976240056,0.23812639999960084,0.323614960021223,0.3448051100000157,5.06354877705159e-06,0.001113819380333972,0.000948417770004379,11.0098,11.0662,20.9902,-0.10640000000000005,43,0.9914,1.5706187274363785
HEAVY_T5,CPC-v2,512,True,5000,0.9998,4999,0.9988679109191605,0.9999646942165608,0.9992,4996,0.9979446733541565,0.9996888530238984,0.0008,4,0.00031114697610156263,0.0020553266458434704,0.7872,3936,0.7756370693934317,0.7983219626093275,0.9992,4996,0.9979446733541565,0.9996888530238984,1.0,5000,0.9992322980549431,1.0,0.00011970889969338358,0.0002467918733634228,3.4901641439401593e-06,0.00011286664702241096,0.00012655115236435621,0.37305552636015926,0.06527135425946495,0.373554800011334,0.4472007200180087,0.4593878700019559,0.00021801472424958697,0.0020470395629212336,0.0018297605084529958,21.3774,24.7398,10.6226,0.0006000000000000449,0,1.0,0.5882335167146402
HEAVY_T5,CPC-v2,1024,False,5000,0.965,4825,0.9595384550571616,0.9697475821339353,0.9998,4999,0.9988679109191605,0.9999646942165608,0.0002,1,3.530578343936526e-05,0.0011320890808397363,0.514,2570,0.5001409623072718,0.5278375420382667,0.9244,4622,0.9167422893153674,0.9314060852736683,0.9988,4994,0.9973842237073702,0.9994499168322408,0.0004402185284125358,0.0006127400466713537,8.665452842117516e-06,0.0004232304397700257,0.00045720661705504593,0.6844886757003492,0.11686991294930557,0.6719783500011545,0.8322701599885478,0.8979475650005043,5.06354877705159e-06,0.001113819380333972,0.000948417770004379,11.6862,11.7228,20.3138,-0.03480000000000005,6,0.9988,1.2390622773762432
HEAVY_T5,CPC-v2,1024,True,5000,1.0,5000,0.9992322980549431,1.0,0.9992,4996,0.9979446733541565,0.9996888530238984,0.0008,4,0.00031114697610156263,0.0020553266458434704,0.9108,4554,0.9025808223141376,0.9183884337678037,1.0,5000,0.9992322980549431,1.0,1.0,5000,0.9992322980549431,1.0,4.5890420761949137e-05,0.00014882329924128843,2.1046792818413964e-06,4.176432615899944e-05,5.001651536489883e-05,1.1595303765598743,0.15074818901975642,1.1474242500116816,1.3527356799895645,1.418441490000987,0.00021801472424958697,0.0020470395629212336,0.0018297605084529958,21.3578,24.7228,10.6422,0.0008000000000000229,0,1.0,0.30949028250082544
SKEW_LOGNORMAL,CPC-v2,256,False,5000,0.7098,3549,0.6970627591169447,0.7222151131469092,1.0,5000,0.9992322980549431,1.0,0.0,0,0.0,0.0007677019450571244,0.2632,1316,0.25117891382338275,0.2755846698177964,0.6086,3043,0.5949933812427308,0.6220398738948028,0.826,4130,0.8152425968339292,0.8362568614978936,0.0016047259555762344,0.002166331360123587,3.06365519008093e-05,0.0015446648752294363,0.0016647870359230326,0.11819355418013293,0.02604319665369352,0.11947010000585578,0.13357429000607227,0.13728863498690771,0.0,0.0007375038011081049,0.0005989670023149134,7.4174,7.445,24.5826,-0.2902,870,0.826,2.160817332746415
SKEW_LOGNORMAL,CPC-v2,256,True,5000,0.9584,4792,0.9525044683328379,0.963591702523934,1.0,5000,0.9992322980549431,1.0,0.0,0,0.0,0.0007677019450571244,0.5962,2981,0.5825310638097823,0.6097212303359887,0.9298,4649,0.9223835557535042,0.9365565276545248,0.9954,4977,0.9931066129381813,0.9969327479746563,0.00039037607339476347,0.0007191488309762007,1.0170300301312996e-05,0.00037043782363591613,0.0004103143231536108,0.11404544218012598,0.02553838950536357,0.11510620001354255,0.12860194001113995,0.13221643999713706,0.0,0.0007375038011081049,0.0005989670023149134,15.5258,19.6208,16.4742,-0.04159999999999997,23,0.9954,1.1585603583526152
SKEW_LOGNORMAL,CPC-v2,512,False,5000,0.837,4185,0.8265038395579859,0.8469787293310457,1.0,5000,0.9992322980549431,1.0,0.0,0,0.0,0.0007677019450571244,0.3552,1776,0.34205064265833074,0.368571683824958,0.749,3745,0.7367936959715728,0.7608239884597887,0.9876,4938,0.9841367227056039,0.9903146143575765,0.0009429087247598128,0.0011943053192078282,1.689002780038039e-05,0.0009097968615167596,0.0009760205880028661,0.26156875259953083,0.0580962437673306,0.24309945000277366,0.3434333499870263,0.3566219799846294,0.0,0.0007375038011081049,0.0005989670023149134,13.5068,13.5556,18.4932,-0.16300000000000003,62,0.9876,1.7691169201700168
SKEW_LOGNORMAL,CPC-v2,512,True,5000,0.9974,4987,0.9955564171048898,0.9984798730001674,1.0,5000,0.9992322980549431,1.0,0.0,0,0.0,0.0007677019450571244,0.8006,4003,0.7892963376875187,0.8114421199031129,0.9934,4967,0.9907459424338538,0.9952964892867637,1.0,5000,0.9992322980549431,1.0,0.000126540223274407,0.0002975121469514459,4.2074571318947205e-06,0.00011829176170886895,0.00013478868483994509,0.4066497073199833,0.07163243908110399,0.41506445000413805,0.4864446599909571,0.5208964799894602,0.0,0.0007375038011081049,0.0005989670023149134,22.8406,27.1802,9.1594,-0.0026000000000000467,0,1.0,0.6126559327637491
SKEW_LOGNORMAL,CPC-v2,1024,False,5000,0.9534,4767,0.9472013721052741,0.9589024757709483,1.0,5000,0.9992322980549431,1.0,0.0,0,0.0,0.0007677019450571244,0.5062,2531,0.49234258712816775,0.5200478933677135,0.9092,4546,0.9009186362296269,0.9168530764985385,0.999,4995,0.9976610469499418,0.9995727865088913,0.00048382456155755067,0.000700387960598672,9.90498152801475e-06,0.00046440645297556206,0.0005032426701395393,0.796254556220118,0.1392351262930572,0.7899099999922328,0.9761009500041837,1.0306558750118713,0.0,0.0007375038011081049,0.0005989670023149134,16.1228,16.1538,15.8772,-0.046599999999999975,5,0.999,1.3029195299399747
SKEW_LOGNORMAL,CPC-v2,1024,True,5000,1.0,5000,0.9992322980549431,1.0,1.0,5000,0.9992322980549431,1.0,0.0,0,0.0,0.0007677019450571244,0.9362,4681,0.9290852583265168,0.9426449984966154,1.0,5000,0.9992322980549431,1.0,1.0,5000,0.9992322980549431,1.0,3.28908138298208e-05,0.00012796547516120458,1.8097051048849293e-06,2.9342998003143737e-05,3.6438629656497866e-05,1.3989685333396424,0.18152260185980182,1.4044927999930223,1.609839559980901,1.6892862200213132,0.0,0.0007375038011081049,0.0005989670023149134,23.6768,27.8536,8.3232,0.0,0,1.0,0.24402931422312218
