arena_standardized,source_url,source_title,accessed_date,capacity_status,corroborating_source_url
Barclays Center,https://www.barclayscenter.com/arena/about-us/,About Barclays Center,2026-09-30,public_reported_capacity,https://www.nba.com/news/all-30-nba-arenas-by-team
Capital One Arena,https://ads.sportsbusinessjournal.com/docs/CAPITAL-ONE-ADVERTORIAL-dft9.pdf,"Capital One Arena celebrates a quarter century: fast facts, PDF p3",2026-09-30,public_reported_capacity,
Climate Pledge Arena,https://www.seattle.gov/documents/Departments/SDOT/BikeProgram/UptownArena_Folded_Mailer_Email.pdf,Uptown Arena transportation information: basketball capacity,2026-09-30,public_reported_capacity,https://media.d3.nhle.com/image/private/t_document/prd/k7s0yitkqdorhrlhekgb.pdf
College Park Center,https://www.utacollegepark.com/_doc/SEF%20Operational%20Guidelines%20Rev0322.pdf,Special Event Facilities Operational Guidelines,2026-09-30,public_reported_capacity,
Crypto.com Arena,https://www.nba.com/news/all-30-nba-arenas-by-team,All 30 NBA arenas by team,2026-09-30,configuration_uncertain,https://www.cryptoarena.com/a-z-guide
Entertainment and Sports Arena,https://dmped.dc.gov/page/entertainment-and-sports-arena-esa,Entertainment and Sports Arena (ESA),2026-09-30,public_reported_capacity,
Footprint Center,https://www.nba.com/news/all-30-nba-arenas-by-team,All 30 NBA arenas by team,2026-09-30,public_reported_capacity,
Gainbridge Fieldhouse,https://populous.com/showcases/gainbridge-fieldhouse,Gainbridge Fieldhouse project: total capacity,2026-09-30,public_reported_capacity,https://www.sportsbusinessjournal.com/Articles/2024/09/12/indiana-fever-wnba-home-attendance-record/
Gateway Center Arena,https://www.wnba.com/news/atlanta-dream-announces-new-home-court-at-gateway-center-in-college-park,Atlanta Dream Announces New Home Court at Gateway Center in College Park,2026-09-30,public_reported_capacity,
Michelob ULTRA Arena,https://assets.contentstack.io/v3/assets/bltc6ce635bc4868eb2/blt00a66fe2d0336e18/Michelob_Ultra_Arena_Tech_Rider_2024.pdf,Michelob Ultra Arena Production Guide 2024 v3: printed pp20 and 27 (PDF pp22 and 29),2026-09-30,public_reported_capacity,https://www.mgmresorts.com/en/groups-and-weddings/unique-venues/theaters.html
Mohegan Sun Arena,https://owlsports.com/documents/download/2024/11/23/UMass_Game_Notes.pdf,Temple basketball game notes: Mohegan Sun Arena capacity,2026-09-30,public_reported_capacity,
State Farm Arena,https://www.nba.com/news/all-30-nba-arenas-by-team,All 30 NBA arenas by team,2026-09-30,public_reported_capacity,
T-Mobile Arena,https://www.t-mobilearena.com/arena-information,Arena Info: Seating Capacities,2026-09-30,public_reported_capacity,
TD Garden,https://www.tdgarden.com/about-td-garden,About TD Garden: seating capacity,2026-09-30,configuration_uncertain,https://www.nba.com/news/all-30-nba-arenas-by-team
Target Center,https://cdn.nba.com/teams/uploads/sites/1610612758/2023/10/2023-24SacramentoKingsMediaGuide.pdf,2023-24 Sacramento Kings Media Guide: NBA arena directory,2026-09-30,configuration_uncertain,https://cdn.nba.com/teams/uploads/sites/1610612758/2024/10/2024-25SacramentoKingsMediaGuide.pdf
UBS Arena,https://ubsarena.com/about-the-arena/faqs/,UBS Arena FAQs: capacity,2026-09-30,configuration_uncertain,https://www.wnba.com/news/2024-commissioners-cup-championship-game-venue-change
Walter Pyramid,https://longbeachstate.com/documents/download/2023/1/17/19_Cal_State_Fullerton.pdf,Long Beach State 2022-23 basketball game notes: facility information,2026-09-30,configuration_uncertain,https://www.csulb.edu/administration-finance/event-services/2028-summer-games
Wintrust Arena,https://depaulbluedemons.com/facilities/wintrust-arena/3,Wintrust Arena: DePaul facilities,2026-09-30,public_reported_capacity,
