artifact,bytes,sha256,reason,future_access
simulator_window_feature_leakage_audit.csv,3459370,5b3ff2d649875262154fba37ea3468d5354bdf0400ec1c8e03908a4a5f5aeaa9,Detailed bank or intermediate record; not needed for display reproduction,Candidate for later author-approved Zenodo deposit; no DOI or availability promised
budget_audit.csv,2008507,b605d7a289e5b1ccbde105e003c6a641298e9239d5a9832a0d15bc7719a07da6,Detailed bank or intermediate record; not needed for display reproduction,Candidate for later author-approved Zenodo deposit; no DOI or availability promised
cpc_v2_stage_summary.csv,7751566,d1a1137f7eebd7128e0c953a2eb52ce54a7b93e0ebf5e73a6a47b522837ab15a,Detailed bank or intermediate record; not needed for display reproduction,Candidate for later author-approved Zenodo deposit; no DOI or availability promised
formal_selection_macro_results.parquet,2940212,272e637edca27f4ca9c5c32c863705b81f60a6ac381be770af4d1416c2a48b3a,Detailed bank or intermediate record; not needed for display reproduction,Candidate for later author-approved Zenodo deposit; no DOI or availability promised
formal_synthetic_macro_results.parquet,22903954,a2ba832d7f766b108104d8b11d8966ce11492bd31a72fd20474402c59b5d9264,Detailed bank or intermediate record; not needed for display reproduction,Candidate for later author-approved Zenodo deposit; no DOI or availability promised
robustness_JOB_COMPLETION_RECEIPTS.csv,2369033,b56903f4b67d6df2716ee1d41fb5d49115df64ed37aae7449fb2f5997eba10e9,Detailed bank or intermediate record; not needed for display reproduction,Candidate for later author-approved Zenodo deposit; no DOI or availability promised
robustness_new_WNBA_macros.parquet,1290428,4a1164f6451e76d1478461eef2551f4ee1ffa01ea780c9c2809b10a5dfaefe65,Detailed bank or intermediate record; not needed for display reproduction,Candidate for later author-approved Zenodo deposit; no DOI or availability promised
robustness_selection_observations.parquet,177061017,8937a32019dd1e8e23c8577b4978eb5316106c9f492eab09afc44e6a83f969c3,Detailed bank or intermediate record; not needed for display reproduction,Candidate for later author-approved Zenodo deposit; no DOI or availability promised
robustness_selection_run_records.jsonl.gz,68940210,0c33f3c44198d4b0a6694cb588b589ae3ecf85b914bff93ef737b048cb30ff0f,Detailed bank or intermediate record; not needed for display reproduction,Candidate for later author-approved Zenodo deposit; no DOI or availability promised
robustness_stage_records.csv,4916215,e8544165a9c73a2251b7c163845ae325c7b77faa3cfb34d1a9f744428a6121c4,Detailed bank or intermediate record; not needed for display reproduction,Candidate for later author-approved Zenodo deposit; no DOI or availability promised
historical_attendance_compilation,625108,f8f96e22cfc8880b3c18a80b42ff067324fae8452c99a2976e66a01591afedbb,Raw or row-level source-derived input; redistribution rights not established,Original public source or author-mediated acquisition record where permitted; not covered by code license
raw_capacity_table,9913,7f463116f6991049838a6a2485652120643d202970902a6a3b6992e7e81049d4,Raw or row-level source-derived input; redistribution rights not established,Original public source or author-mediated acquisition record where permitted; not covered by code license
training_residual_pool,171115,df9212dee502ff4eb42e365e0bf965aaf6d173bf7087fdf57fab004f05ddd11f,Raw or row-level source-derived input; redistribution rights not established,Original public source or author-mediated acquisition record where permitted; not covered by code license
