path,bytes,sha256
.gitattributes,263,53b011dddb90006df3654ae08a05c81d9c20576bc2916bf9185900f7452a10a9
.gitignore,529,20cbdf051be8b45a85b6bf5327bbd45ba112a3e125d384284612d47df6c047a6
CITATION.cff,945,1523c841dd456b3cf9107cfc4dbc9c297115e75982865290f6fe4dc0dac11bda
configs/external_comparators/design.json,11837,a10919dbbe62110c665ee222d61a957a20e4c4df898b0ffe79553f7de2611d77
configs/external_comparators/README.md,1435,9ba9f66e3b916fdf623def35dc18421db8449d83fe9b833efeee968289dcf571
configs/formal_experiments/design.json,2071,6d050fff159dde25f89ffedff5879b6378bbe246a147bcfd49bc62c83df6143c
configs/formal_experiments/simulator.json,2186,c5a65fe08f7d56b67f19332aef45f0d887ec3f566e514f83c0bd27a52722f1a8
configs/robustness/design.json,4370,6bf2c16abb23d3b9fed18a86f6c38f5ab603172f0eff1e8557e45b088bd258fb
configs/robustness/scenarios/BASELINE.json,2784,57d29559920b5f94de5d54546954e667492e21a92fd88f8c2fe476ff81017901
configs/robustness/scenarios/BOOKING_EARLY.json,2964,c4bfb80de19ade68b8ecc377a5259d82dede346a64eeef8fdebfab982b93a30d
configs/robustness/scenarios/BOOKING_LATE.json,2960,4eec8f118882b69812f8502249b1505206fad20237501a9d99aa807175b2c60e
configs/robustness/scenarios/CAP_HIGH.json,2785,566b448bec4624981101442f1248d5bad50edb571b70237267115a96bceb9190
configs/robustness/scenarios/CAP_LOW.json,2785,00ac76feaefaac328eb74b3ec244f99520f57ef51cbc50a2f1cf60375c5a86af
configs/robustness/scenarios/DISPERSION_HIGH.json,2798,a5888b6d93ca1d310d4420e9d42154782e935036486117d5f4c9204fb47f08e2
configs/robustness/scenarios/DISPERSION_LOW.json,2798,049ea5206b6e6d0b1f7d9171a60d3798c9a6c24552558de087942570f0471224
configs/robustness/scenarios/ETA_HIGH.json,2784,cd5e5fb7dfef89f7ee80bc0528a2e20523f2708bd54f3130636ef86d52b54926
configs/robustness/scenarios/ETA_LOW.json,2814,7663c9fabfd1b8fe37029ae35564c235ff14924b4aee193280eb9bcb409161f9
configs/table_rendering.json,4617,840ff462425a0738ee64c3efe63b3ed6273203185c34b5bbbbfcfbaf7d2fd432
data/derived/gaussian_means.csv,1668,4d6bf2f5f3e95423e6cd7cff8e2d5fc987b8c1ba1b95cbb9db80085ead6a2446
data/derived/window_demand_forecasts.csv,49909,054791fe2aec5b037e9c4f1a9a4d2a439532028723b22db83ef4bde09b46b1ab
data/provenance/venue_sources.csv,3799,9e04c6ad7060d8d5bab05e4027131230f4cb438600a144cf1048a18ce7ae7abf
data/README.md,5251,5e0cc28dbe0a2397b414f6aa5850008db288ae9439688120e84667b866b0c7ef
LICENSE,1086,a0d354ecee80db8e4b8718a12abf15285ec907db4be29c22e43e6b06e9214c1e
README.md,11177,0b1b8bcf7627a6def1c54d86504c71e2936bb4213468722d40b80d953d1cb100
RELEASE_NOTES.md,1161,9bec42a7fb5f485ed912f87a4b1297dda93f800444dc2ac2bab77fdc7ff0ce79
reproducibility/citation_validation.json,428,457482d754e627337ffab1f0be25f004df2fbd947c1a921f68c54b78da2fc51e
reproducibility/clean_environment_lock.txt,353,c6f44549ce1d54e611e1b97df8b451e7d20a340766cfb43c2c6cb1d5cd65c238
reproducibility/code_equivalence.json,5948,679d67cf9218d8654f12c7d80ae0c38ea728e4ad611791007a40c298ca3fa6de
reproducibility/environment.json,327,21c85acc4edddf558bed570473b06c936e7822474968ea46f0fa26c844be65be
reproducibility/excluded_artifacts.csv,3560,c5d9fe56939375c37f7075a55aba2bb88ffda99fd9a50dccd4cb9264bbec060a
reproducibility/figure_reproduction.json,525,0cde1ffca8a043266609ae1a584d0f55551ccbd3a5babcc30c38f42865289133
reproducibility/release_checks.json,2185,e3735d590c4050cbe54fd350fd1d2b4c61cb5266db48bb2d6e0ffce802fd7a31
reproducibility/result_paths.json,544,03afec1a0d3e36987ba74c8cd892639c7b4e6e39bc3fbfc767c33264d027d24f
reproducibility/seeds/namespaces.json,1018,8aae10b338df53451098dab30bc37c7b8c5920945c4efc0d9261cff5ebe4bb66
reproducibility/seeds/README.md,1496,06783a34b1c6e3b89689b7ac66b19bd3ede969df21783dcbc417e1c3570fe73e
reproducibility/source_artifacts.csv,19605,d7bc8d140ef20ed524bb5c709778d0f6ccfa7e68dd106c32e41109a1a5b0f619
reproducibility/source_package.json,506,d1897996ab3dff38eed245c5ddf2845bf6634fae4660402a7e0d9b10da989a26
reproducibility/source_verification.json,18280,aea7103c0d2d048d353aac99ba561ca2e0bc4b07f305fda135ebd78eaa187f67
reproducibility/table_reproduction.json,985,0217bc40e289df0ef0a7753596ec75c0c89b60f9a63ad3595f4947c581476997
reproducibility/traceability.csv,4305,6db8a8719bc910a87eeff5e43d6da67f6be652d6bf48502f354c8425707346a0
reproducibility/verification_report.md,5120,b46015f685b01e62d72ff96731627698b0b2b6d60b45e1204ec77755d1965756
requirements.txt,175,3b130b76c074063b3dc85513807941ff7c116aab9a68963f2428344468fb211c
results/machine_readable/external/comparison_effects.csv,41450,ab6d16cbda4497e5bceffe16746afc41263eb8efcaa3805e498885cbace8fb29
results/machine_readable/external/recommendation_summary.csv,5744,7d84b7a2b9f8aaf9a6872c622e901831d5892fc42d9d8e2ac763ff4bf4024561
results/machine_readable/external/summary_table.csv,13708,aadb3d7ac726f8e71e451df57b3050aefc9c640df839b9fcacd326af064853ef
results/machine_readable/formal/CPC_baseline_comparisons.csv,26467,5a175cbbeef440b08e024d6e9b5e5fa7035f00fff6455516c6ad2269a31d1477
results/machine_readable/formal/formal_metrics.csv,16363,efb4f1a32ebdff4b042108e523dad58e49fbc0a5f1b942d98fdf3365471a3c9d
results/machine_readable/formal/ON_OFF_comparisons.csv,15278,306e41ea8e8a7c20cbe1bd149919ddd9f99e0b8a8a828c70e669a95675028b2c
results/machine_readable/formal/policy_family_summary.csv,7090,a7c05d41e9389537321fe6172184665aff0373a693e1202cf807cdba41537df9
results/machine_readable/formal/reference_epsilon_membership_bootstrap.csv,1169,e3375a5e47f030447f4e097e5df025a173d5901174a9c0a76dc660470f8bfa1d
results/machine_readable/formal/reference_metric_uncertainty.csv,27709,4e591a99741fc84f8a858750984aa828234823180b96c67c3e26cbbab8f15627
results/machine_readable/formal/reference_rank_distribution.csv,18266,148fbb0c75812c1d729dc8a81f086300419608beefcb6eef1a6fefe2f37cb5c5
results/machine_readable/formal/reference_sets.csv,467,e8e327e3f3837310b44dbd9a16547c5fbcf6f186af37c89c24c57129fd1a5fb6
results/machine_readable/formal/reference_top1_bootstrap_frequency.csv,690,834b0a7bf6c8fbef500ae659e45d3fcb92717f342df3530e7b5bbd23c7b9e5ef
results/machine_readable/formal/reference_truth.csv,4463,f5b6a422442ee92e743d7319bba47b07a9a8f3022a0bd3fe8212ad09f7179bca
results/machine_readable/formal/reference_truth_convergence.csv,17291,0f60e608785dbdf294376b7ece0d79fde93a428ed345197b8bc9d3225eda9a92
results/machine_readable/formal/selected_policy_distribution.csv,78899,4ea41848eb87f6848c655dcaf5ea6c2dfabe80a3a9dc20e4cc399a9ca3ad6ad6
results/machine_readable/formal/synthetic_metrics.csv,54922,5b2027ed1cc0b8fe70f9b5b172219346c2eac9cb69f38d8d9646982af9ef5a52
results/machine_readable/formal/synthetic_preservation.csv,5422,a789a9e941d7a7a331130e2b52813e575364fa91554a7cd0df983a63e5d2f2be
results/machine_readable/formal/synthetic_variance_ratios.csv,540,4be86f994a311d8bf540f462d6758331d320bf17520e06d10d9551fcc41030e4
results/machine_readable/formal/variance_diagnostics.csv,902,b1de5381f583374ef2c439528ac9d4a40c53aa715010581d99539e8e5a992979
results/machine_readable/main_table_rows/Table1_methods.csv,324,d932987217b6810b37c2f4b91cf6097545aa132257e8f143cf7088065853fd4d
results/machine_readable/main_table_rows/Table2_design.csv,517,0b9042a4d7ba4429e8f92c99d74ec89738ab27521250a817b37d5c99bd8f464f
results/machine_readable/main_table_rows/Table3_external.csv,600,deef5a8ec564b493ea3c08f90e60d10465494dd20b7077e8a730c4bef6453a10
results/machine_readable/main_table_rows/Table4_recommendation.csv,895,79f7c7b73c71313846cf029706533ffb3f1da9497176b69eefc37f56a081d006
results/machine_readable/main_table_rows/Table5_adverse.csv,801,7e60b6471a6727c2bfe9822b5b749bb786ca4006e4d4c245c35ac29011df8287
results/machine_readable/robustness/CPC_EPSILON_DIAGNOSTICS.csv,11792,88763d6c2efbe34f2b4edc33099284ad9171b02ee70e11795d70297077a76f0a
results/machine_readable/robustness/CPC_STRUCTURAL_DIAGNOSTICS.csv,12165,13c8aa311df7c88e350b41cf05bfe38d6c6dfaf88e101caf28dcbbff14301a3f
results/machine_readable/robustness/EPSILON_MEMBERSHIP.csv,15194,1733c025f68a426991ca2c7610cc4ce605d20689ed82b43518ad2ce2521e0542
results/machine_readable/robustness/EPSILON_METRICS.csv,54893,b0e6cd861d8b9ad56b00acd1291d246ab01c20f2567697163f65c033a5032e78
results/machine_readable/robustness/EPSILON_SETS.csv,530,21a2e73bf308fa64f62ce1d811e18363f86795a9e1cc86dbdd9ad0e03c3a6e6f
results/machine_readable/robustness/FACTOR_SENSITIVITY_SUMMARY.csv,2458,1b04e7ce0ae363f08fddd3ac80c84b9afe1ff55ecf9ee1cf594aa7960472b829
results/machine_readable/robustness/MECHANISM_CONTRASTS.csv,11449,b0005406bd5c29a28b923bf3e6b1007b539964ec289e773c3058267d9ee128ce
results/machine_readable/robustness/NONGAUSSIAN_METRICS.csv,8357,87ac2c2f7bd25848a55b17f6aef838d47cd3617eb3ee18be126dd3d8cd028d37
results/machine_readable/robustness/REFERENCE_CONVERGENCE.csv,111241,41eab0bb03c030da656fbe67ac93b0903283716376c53f7cf6a735ccbb21a272
results/machine_readable/robustness/REFERENCE_FINAL.csv,41735,6bda1329cd32e6bb3024c5c50c0ae1a446ce1a59e871bf8b12b3ee7dddba47d0
results/machine_readable/robustness/REFERENCE_PRECISION.csv,690,c501c308cbb79e97a04493ab4cf8ca484c0ed1af9bfc968e6f3fad6ea8acdacd
results/machine_readable/robustness/REFERENCE_RANK_CHANGES.csv,38498,3e2a81d4e7d0754ba5cb39f95cadd5a5d7f57d18447266491bc5a115578c6eb5
results/machine_readable/robustness/REFERENCE_SETS.csv,2737,5ee7e81850e3048c31ab15fa00a9f9b3c6e8d2bbb2aefdd78720f2cd78238353
results/machine_readable/robustness/SCENARIO_BASELINE_CONTRASTS.csv,33475,9a783bb7063784c04b16c6c4cd9b54e7d03cb23bdf3643b02147fcbde4534c9b
results/machine_readable/robustness/SELECTED_POLICY_DISTRIBUTION.csv,76020,2c76a609244d9156b2b66576258f5aae7c0736433b6647656ccaf757fada2cc7
results/machine_readable/robustness/STRESS_WITH_GAUSSIAN_COMPARATOR.csv,12406,c77c7842513fa258e06dd0a2cd9ba1c115f4ddce86b57da82924ba2a7cb89798
results/machine_readable/robustness/STRUCTURAL_METRICS.csv,33079,e9b1049a0dcb39a3111fb872bfe3c8f6b04a4bf7efe020a90ba498485bb78386
results/machine_readable/robustness/Table_Sensitivity_1_epsilon_sets.csv,530,bb9365ec2d21ef6ac95c1124e9c136f255f92a47ace89619a4cc75dd6e834990
results/machine_readable/robustness/Table_Sensitivity_2_epsilon_sensitivity_metrics.csv,53574,05eb7d0b8cd1f75ee0503b83844f0e70def7cc3ef258049303c62a2ead2cb215
results/machine_readable/robustness/Table_Sensitivity_3_structural_reference.csv,3213,8c8f6da456169f6525e23a8c9e6585c152c188bd49b064e81113bda76d3735bb
results/machine_readable/robustness/Table_Sensitivity_4_structural_performance.csv,32516,6aefb7d3e9fcab675a1154ccd49a67f2b329db3f4ce8235a569020d054a2ec54
results/machine_readable/robustness/Table_Sensitivity_5_CPC_structural_diagnostics.csv,11976,1d43598a8480a4b705ba5edbd1e0badec2813685cdc5de6fdabcfffcc64c4984
results/machine_readable/robustness/Table_Sensitivity_6_nonGaussian_stress.csv,7954,3c999716b68ea8e5ff30dc1d8bba7d1bc427f4569af3f2d981c1460d87701ff0
results/main_figures/Fig1_objectives.pdf,29539,f11f388325a74573c9a3c7d4c09598b6a067a43538887670363ebc11ab701eae
results/main_figures/Fig1_objectives.png,83919,90ae59f9e5fa605c95432f6f5041bb10289904b114e6ff2ef3bc52205c356a24
results/main_figures/Fig1_objectives.svg,6337,be55005a52a9da89a0ab07722be8158eec75ea051158ef50f86ddd7620aacfb6
results/main_figures/Fig2_architectures.pdf,26436,d2ca566a8690ad508d09f511a6b9df76d79e7d15192b0a0d096649ce74618237
results/main_figures/Fig2_architectures.png,98441,1b1db87add99d0da7c7cd1f2f87cb37b9c486ac797455770edd066fad2dfcc39
results/main_figures/Fig2_architectures.svg,6138,0da35a7085cde01ebce17001f652a2aadf17818d507aca7e333a66e85a2fadb6
results/main_figures/Fig3_external.pdf,16544,a33889a4fa4a46336ffa33a804c338af208f2129a036f9ad2840b619d328f42c
results/main_figures/Fig3_external.png,111146,f76c8d06c4904fa0c739ca63f6388ecd0b4700db4eb485b1284948c6eef13205
results/main_figures/Fig3_external.svg,37743,ba89cd7c115718d91f95baee76ed59676ec7d9bcf98ec41f85ab5aefc7c794c4
results/main_figures/Fig4_crn.pdf,20322,c25d27b4d5358e96dfe22220a035d37385407f056c9cac6d3757b686dba595a2
results/main_figures/Fig4_crn.png,98771,1b973a1aa471a5f653c47b663d7dc877ae68f2a66470be9f71cbea85f40ba0a0
results/main_figures/Fig4_crn.svg,25436,d886cda955f65123e80f712bec98a6a74201a68d6903c8d2fc36036b5ce2313d
results/main_figures/Fig5_recommendation.pdf,25235,81049e80cbb63a54a435f182364c5c760723756a05e9b6a8dd8648c663ea0d23
results/main_figures/Fig5_recommendation.png,244254,f20678340b65bee96da91992ec9100ea84965fa63f03f1e747ba0cf13c4c8b12
results/main_figures/Fig5_recommendation.svg,80533,a4df423e202e9af4c36a5af568a5a9836c189d2acd1330906323be52c41358fd
results/main_figures/Fig6_epsilon.pdf,23767,fa91549c8854a142a85dc15a12ad5d703ecf1710db6599a9aef18697120bf60b
results/main_figures/Fig6_epsilon.png,139120,f5e2047a447490408b0eae498bde5537f9361cf43615e046b20ad1225c843107
results/main_figures/Fig6_epsilon.svg,37944,07a6fe6d840aaca8943f5b6ad4779b9fcf6f611e1c60fb687105db8e0b24dc35
results/main_figures/Fig7_robustness.pdf,23608,80cccc0d97372d231d25b42d2303cff184d2638b9ab14b057cfadbeac5603dff
results/main_figures/Fig7_robustness.png,93057,4850adbd9a45154b4aaefcc1759e10f6aca22fb520cecf9d35d827892aad8bd3
results/main_figures/Fig7_robustness.svg,26665,7bddff0ef3323953146d1b578ce6ac264baa699d59c8f6932d20a01259af72f3
results/main_tables/Table1_methods.tex,873,3106d76cdec9508b10057092f943ef8b2979a2562e753173389473c1e7b76ce9
results/main_tables/Table2_design.tex,864,d342b5b1427b13e313139efea87de7e1caa30767df2095aab31da7af3fd490af
results/main_tables/Table3_external.tex,1184,969312e710a4073a5dfbe210f05e5af24fd0b8db447ba7be07cfac295af9f4ba
results/main_tables/Table4_recommendation.tex,1447,921b15dc88fb558bc965f03601ff3f10b6ea66b57576dd74da7cda286eb8c260
results/main_tables/Table5_adverse.tex,1139,3fc250bd74d95207214e34e3d34438e7e80dd279a228f2de25e1e0456c122ba2
scripts/_figures_comparisons.py,5485,d6e533ceec7761b71bc291a3d48ab86a772af8aa5070b16cd3a7cff5912d7d45
scripts/_figures_overview.py,6415,d60fbb8ff86202cb260b7d55faea13efcf405cec7b6337aaa472390e4d7566d8
scripts/reproduce_main_figures.py,1900,069c1df48676ca41f7f413e4c79c706bc7f63d3ce5d78e48f2ccd11910ec6f1d
scripts/reproduce_main_tables.py,3373,7c1d89d6faf932118c088c8c8aeaf24cb3c3ac29cb19c6c9e8118631c0b944e2
scripts/verify_release.py,7002,c735d52860309dcd5538ce7776a8f36df0b533ca18aac0f3e0445ae4fe53c5eb
src/__init__.py,78,9bd3bcba5538b1289a60eb7ac4bcb5c063733644562e90f9b6bcd2e95b99fb31
src/baselines/__init__.py,78,9bd3bcba5538b1289a60eb7ac4bcb5c063733644562e90f9b6bcd2e95b99fb31
src/baselines/bounded_cpc.py,2292,3d63d1e7a11cf23cb84fc772c9b5f3dd7f839d909e076a80f3bba35250828cf9
src/baselines/budget.py,1223,220fa151bbe14e1917e25587d2430af74ecba6121942c0c826b775e527881200
src/baselines/cache.py,823,44ead6074e84e7dea2b37ff77b6abcbe14ca1d2e07ca335e818700183920e037
src/baselines/common.py,3273,27bc34615a7d9789281d49b60c407beda5dad2f40a4488c3e20e1b930275ba33
src/baselines/fixed_sample.py,2050,1f77fa05eac61e7fa170021191edc9f3741a23c6faf504c08b52ba061ea1865f
src/baselines/ocba.py,2848,045ed8833ef3e4d3c07974d906dbd1b877fa96417f8562aae6e0f7aefb3ea3b6
src/baselines/successive_halving.py,950,2fee2a099155e6efc83be0285f0cec37ddf9b1004e2971c6e133585bb6510752
src/baselines/successive_rejects.py,1511,62bf1f13bcefa72f143b49a75008280f3f49076627fe58c864e8d4ba1e428a16
src/baselines/uniform.py,676,dbb72cd0e02179ec2f1dc05879b24d3f5e1d5317d9f92a131c7185f48fa05bd5
src/metrics/__init__.py,78,9bd3bcba5538b1289a60eb7ac4bcb5c063733644562e90f9b6bcd2e95b99fb31
src/metrics/bounded_ci.py,1705,ec232b2ff0ec2115bb7876d48e344409a0b4cc7f803d0e4800bd3b9430ac42f8
src/metrics/selection.py,2264,e83ff1d9a34e5814c652ceaaf8962702097e89ed50315ee34413db80ddb2edbb
src/metrics/statistics.py,1871,8cc2719e4d231d4707e54fd7a6d9f6e9b12e6e75ae7e9123af4e696f379cc68d
src/README.md,1859,285226d3e0d6be05539ad0e4117693846bc3fddb2daabd5a67c5546c89e250dd
src/screening/__init__.py,78,9bd3bcba5538b1289a60eb7ac4bcb5c063733644562e90f9b6bcd2e95b99fb31
src/screening/cpc.py,3974,955e6329b1f88c14ff2dce64c92e05534a564480335a7afb5974622a0caf77d9
src/screening/holm.py,944,0bfcd9a8963f3bd2ddf472ec14e19a08bf03e52a1e4c6f49f2b18226c5abd264
src/screening/paired_t.py,1565,a4aa4976b3f3e00ae2a796c6e0ce55fe24ff41801655bfa5c79619905b7c2020
src/screening/stage_alpha.py,641,487df4407be13f1eb507534523f6f134f33174977d5d3e156a01992cfbe9c247
src/screening/welch_t.py,970,1855e2376c66756ee04da0c50e2a704649963f6781675758451ca4b9cb3faccb
src/simulator/__init__.py,78,9bd3bcba5538b1289a60eb7ac4bcb5c063733644562e90f9b6bcd2e95b99fb31
src/simulator/config.py,6371,502a3beaf201ad956581b48aaa57b1d5ea83bfce481a40e8bf5614f3c66d83b3
src/simulator/demand.py,1656,cd673698814866e73ac8afd6ef8449a9d1cb137bd88adbb2acf2ee9cd69129ec
src/simulator/exogenous.py,5529,37a16c6308caef281a7db779c68c3245b6a785491a0161c953c2b026514db8ef
src/simulator/inputs.py,604,218df8b15e307232af4e3a04fb160dff0f28a3561f792cabc15a73065078dfdb
src/simulator/inventory.py,756,c65553384fffebe68a58ccaf2fa568b36fb32184f9a340566214ce288d9d1866
src/simulator/path_bank.py,1488,c5b56f99a547c123691543b01fc8b34588147cd0f9d294cd5050627af3284b59
src/simulator/policies.py,2242,f0dccb8c04bfc9e2d4902deb688517993b7f67f24c9173f3d62e00cd3a046239
src/simulator/policy_pool.py,3779,2cad633bbdf84671733778dab8cb2cccfb3f4689a7a5a2bc7df3a2a9093f24de
src/simulator/season.py,1194,464ed7bfd86159f1ffbf945303814b0412152cde895c02e12d42592c7e8712ef
src/simulator/simulator.py,7070,4a73402855b5e8d32df1d74b996107f430b133d4d8a725883009c8cba74f5865
src/simulator/state.py,1351,3ba468a5e43cf753ec087c2f627c143999d4a59cd3c14dacc994cbfa1fe69587
submission/AI_DECLARATION.txt,514,868da48994b191ee7545959aea15561f8b21429a1d6a8679934065f9d2926253
submission/AI_DECLARATION_FINAL.txt,611,e9c8c495c9b70f0c9cdf3612d2cf74b4a9b40dd43ac76af2df44f6f65ae05360
submission/COMPETING_INTERESTS.txt,171,13c939a74ad6eb7ec29315c583644e0788c752d86ebe45cac171b735c59e89b2
submission/COVER_LETTER_SIMPAT.pdf,63995,629ca0cfb90c27c6923d7f66848ad0b26bc19a4c638d0567f5f0bc76afab26f6
submission/COVER_LETTER_SIMPAT.tex,2704,6b0aa494460312cda09930bd4af51913192f14afcb37ed484eb5bea6f439593d
submission/COVER_LETTER_SIMPAT.txt,2239,a4c3d3c3dfe7c385945cae907fe186fa56855ff0eb28c1ab6b27a9d09184c1f0
submission/CREDIT_AUTHOR_STATEMENT.txt,310,9b24224c1adaa732b3b408562f7f6f4101efc63268cb713b452a1317c8f9ac0a
submission/DATA_CODE_AVAILABILITY_FINAL.txt,694,b3ed8294f41160bdef4a3a175cb39f23b94a8a4a19e5f79898fabd63b146e30e
submission/DATA_CODE_AVAILABILITY_POST_DOI_TEMPLATE.txt,666,a4c2c0ce3d666a8c296ed006aa74d3a7b9e683333304de1378c50ee722e25e36
submission/DATA_CODE_AVAILABILITY_PRE_DOI.txt,595,4967ff88dd528fab41f3e6a5b8332e7d81d8278cee1bce37b9dee558a2dfd761
submission/DECLARATIONS.md,664,b26974a988386a06bd30cf5299a4191cafa751e6014770ea9f7e251d46711cdc
submission/DOI_RECORD.md,1426,02fc06b506e9b89928c7e996748e6b287eab7d2b6d9abc2a86156fc3d08c93c7
submission/FUNDING_STATEMENT.txt,125,979e68cef5a5876febc3e6345f0504f9e3541d59551ff580b8ebc73093cbd0f5
submission/HIGHLIGHTS_CHARACTER_AUDIT.txt,527,1f509620bf7d24927087d1708dada28862e98bd95108f1f9dfa255640b33046c
submission/README.md,1109,d0bed93149e9362c043d56c5c12de4643daf9cb55445b87f54eff787aabfbdad
submission/SIMPAT_HIGHLIGHTS_FINAL.txt,317,3fe45f0a10ec2eb871b2c030ba41e56bac2cd45c21043754ec08d0a587775789
submission/SIMPAT_SUBMISSION_CHECKLIST.md,4588,61baa077acfbcbe5d770b3ee432b670a4f0cfb5971a9ac87ff5f6aeb820ba9c0
submission/SUBMISSION_SYSTEM_METADATA.txt,1506,1120ac3418671eec7e9e019e3ad417e4b001f69e7b7dc6d292066718b5054d15
submission/TITLE_PAGE.pdf,144391,d1e1cb72e2a7543db9a40c6a5c7c21a1f174651aa276a18f4060be9ac767b34a
submission/TITLE_PAGE.tex,1087,7359a050b70fe279bb55949261686ef2ac7a3414181f4717ed0e41a707bcd4ab
supplement/README.md,2220,a0eba06873aa006486c5db41f240db2b6480cda09eb2f328f43200ede63cb229
ZENODO_METADATA.md,2957,8be1eb186b88c7c3dcf1ebe3c6a5f928cfed39ecef9b8734d2a8313be42e8e00
