repository_path,source_artifact_sha256,repository_sha256,transformation
src/simulator/state.py,09f1363d3fcc95e0e0f79fabf65a0dd94aacaafd6106ac3ef1de35e815fbb044,3ba468a5e43cf753ec087c2f627c143999d4a59cd3c14dacc994cbfa1fe69587,documentation/import packaging only
src/simulator/simulator.py,b750ef0a4d642c53e639aa0abde636d37a444e4179c8cb16e18efee451073740,4a73402855b5e8d32df1d74b996107f430b133d4d8a725883009c8cba74f5865,documentation/import packaging only
src/simulator/season.py,72841de3e550177afc77c6a693eef9c90114001c277175475174a53832e32f5d,464ed7bfd86159f1ffbf945303814b0412152cde895c02e12d42592c7e8712ef,documentation/import packaging only
src/simulator/demand.py,6f2361234de13290a7635101727e97a93552625c2dd1403553cbc9e57a68131c,cd673698814866e73ac8afd6ef8449a9d1cb137bd88adbb2acf2ee9cd69129ec,documentation/import packaging only
src/simulator/inventory.py,41adfda5bfa0b09929abd0f28fb309e0ad69e3c43b316f490b02b708b32502d1,c65553384fffebe68a58ccaf2fa568b36fb32184f9a340566214ce288d9d1866,documentation/import packaging only
src/simulator/exogenous.py,ac6a71339dcc3e007fa0f16dacbbdafef4a3998d086d0c385e500f087109f952,37a16c6308caef281a7db779c68c3245b6a785491a0161c953c2b026514db8ef,documentation/import packaging only
src/simulator/policies.py,fad4aa55a35c111dc4072592060d5b6acfdcbd89fd1bab879932d6b019925ef0,f0dccb8c04bfc9e2d4902deb688517993b7f67f24c9173f3d62e00cd3a046239,documentation/import packaging only
src/simulator/config.py,f7e15cb1bed5ea775b8f28e8b76e48e77b11e3c375fa1f6b3a47c64ff2560adc,502a3beaf201ad956581b48aaa57b1d5ea83bfce481a40e8bf5614f3c66d83b3,documentation/import packaging only
src/simulator/policy_pool.py,9862431bbe6792276fe8b8494b01bb830a68f8476af2d1340126e1453369ee45,2cad633bbdf84671733778dab8cb2cccfb3f4689a7a5a2bc7df3a2a9093f24de,documentation/import packaging only; source API subset
src/simulator/path_bank.py,b91b5ffa86abf208c0c6d83fb911f2ac030abaab3efec882f4d5d71e7050a81f,c5b56f99a547c123691543b01fc8b34588147cd0f9d294cd5050627af3284b59,documentation/import packaging only
src/simulator/inputs.py,3adcb14b53963f6df229836fb2f8e428cf3f3a477933425c30d3269aee808890,218df8b15e307232af4e3a04fb160dff0f28a3561f792cabc15a73065078dfdb,exact Inputs class extraction; raw-data ingestion excluded
src/screening/paired_t.py,04e34d7dacb514489d8efad722529fe2850dd134b6dcabd96f4a2a30941f062e,a4aa4976b3f3e00ae2a796c6e0ce55fe24ff41801655bfa5c79619905b7c2020,documentation/import packaging only
src/screening/welch_t.py,fe9be77910450aa69c36e52b1a21635b1559027f25ee017f38be70afe0512650,1855e2376c66756ee04da0c50e2a704649963f6781675758451ca4b9cb3faccb,documentation/import packaging only
src/screening/holm.py,b4d79b6971c079172976c30f1ea9b7515f3e56ed9ae742e7113195f05fb23b26,0bfcd9a8963f3bd2ddf472ec14e19a08bf03e52a1e4c6f49f2b18226c5abd264,documentation/import packaging only
src/screening/stage_alpha.py,170c8b57482989ebe865b5428aca077b372cdb5c7aeb03fa3ee88e37bae57408,487df4407be13f1eb507534523f6f134f33174977d5d3e156a01992cfbe9c247,documentation/import packaging only
src/screening/cpc.py,63ca1f159619ffa976ee8e727b5098c0dd939d0f3a8c0cb4534d650e1c445df8,955e6329b1f88c14ff2dce64c92e05534a564480335a7afb5974622a0caf77d9,documentation/import packaging only
src/baselines/budget.py,ae76d80a1d4ee7c6992dfb4052ea8964445ec3c0efce8b9de97032559bac1dde,220fa151bbe14e1917e25587d2430af74ecba6121942c0c826b775e527881200,documentation/import packaging only
src/baselines/cache.py,277761c60fcba978822fd320542f2fd40e22f984e42b74a82fa0d519d7b24fda,44ead6074e84e7dea2b37ff77b6abcbe14ca1d2e07ca335e818700183920e037,documentation/import packaging only
src/baselines/common.py,04a629f1a343b5fd085bc92fe83dd69d806f08f466adb74d3a2e5af0fd38755b,27bc34615a7d9789281d49b60c407beda5dad2f40a4488c3e20e1b930275ba33,documentation/import packaging only
src/baselines/uniform.py,fa9b5ec6f56b34d8a71e027d78a2895735a143ef797ad4d6069d8924ec038a0e,dbb72cd0e02179ec2f1dc05879b24d3f5e1d5317d9f92a131c7185f48fa05bd5,documentation/import packaging only
src/baselines/successive_halving.py,e430bca6b5434b483fadd5ef1f7db367ac9352168ca5e05e4043e3cf1ba88a2a,2fee2a099155e6efc83be0285f0cec37ddf9b1004e2971c6e133585bb6510752,documentation/import packaging only
src/baselines/successive_rejects.py,68fb1245ebaa9359ee430c226b6ac2c80d23a01a9c93a098a89b9531d1704edd,62bf1f13bcefa72f143b49a75008280f3f49076627fe58c864e8d4ba1e428a16,documentation/import packaging only
src/baselines/ocba.py,126fd2f68e7f07995f340b4b6394de99c700ee3193488a45b0816ac78cc7bdbb,045ed8833ef3e4d3c07974d906dbd1b877fa96417f8562aae6e0f7aefb3ea3b6,documentation/import packaging only
src/baselines/bounded_cpc.py,67fd0932df0938330662ae0d26eab4a0cc3dd29cb727bebfbc789b99afc4022a,3d63d1e7a11cf23cb84fc772c9b5f3dd7f839d909e076a80f3bba35250828cf9,documentation/import packaging only
src/metrics/bounded_ci.py,c479df0735a379624153fbb529b99d11843b062774ee985cda15bf3bfdb57aba,ec232b2ff0ec2115bb7876d48e344409a0b4cc7f803d0e4800bd3b9430ac42f8,documentation/import packaging only
src/metrics/selection.py,42a96806565c2b163a776b43c6b8d5f2eac7041710ac2d94edcfb10cf0720758,e83ff1d9a34e5814c652ceaaf8962702097e89ed50315ee34413db80ddb2edbb,documentation/import packaging only
src/metrics/statistics.py,0cc52647487eaf06d0059dc7db6566226ab807ba0e6261ea83fb495b1002454e,8cc2719e4d231d4707e54fd7a6d9f6e9b12e6e75ae7e9123af4e696f379cc68d,documentation/import packaging only
src/baselines/fixed_sample.py,74cf7e2bd6ba286ad00d4b6eefee303c30302c053aabadbd105479a339685bff,1f77fa05eac61e7fa170021191edc9f3741a23c6faf504c08b52ba061ea1865f,documentation/import packaging only
results/machine_readable/external/comparison_effects.csv,ab6d16cbda4497e5bceffe16746afc41263eb8efcaa3805e498885cbace8fb29,ab6d16cbda4497e5bceffe16746afc41263eb8efcaa3805e498885cbace8fb29,byte-identical
results/machine_readable/external/recommendation_summary.csv,7d84b7a2b9f8aaf9a6872c622e901831d5892fc42d9d8e2ac763ff4bf4024561,7d84b7a2b9f8aaf9a6872c622e901831d5892fc42d9d8e2ac763ff4bf4024561,byte-identical
results/machine_readable/external/summary_table.csv,aadb3d7ac726f8e71e451df57b3050aefc9c640df839b9fcacd326af064853ef,aadb3d7ac726f8e71e451df57b3050aefc9c640df839b9fcacd326af064853ef,byte-identical
results/machine_readable/formal/CPC_baseline_comparisons.csv,5a175cbbeef440b08e024d6e9b5e5fa7035f00fff6455516c6ad2269a31d1477,5a175cbbeef440b08e024d6e9b5e5fa7035f00fff6455516c6ad2269a31d1477,byte-identical
results/machine_readable/formal/formal_metrics.csv,efb4f1a32ebdff4b042108e523dad58e49fbc0a5f1b942d98fdf3365471a3c9d,efb4f1a32ebdff4b042108e523dad58e49fbc0a5f1b942d98fdf3365471a3c9d,byte-identical
results/machine_readable/formal/ON_OFF_comparisons.csv,306e41ea8e8a7c20cbe1bd149919ddd9f99e0b8a8a828c70e669a95675028b2c,306e41ea8e8a7c20cbe1bd149919ddd9f99e0b8a8a828c70e669a95675028b2c,byte-identical
results/machine_readable/formal/policy_family_summary.csv,a7c05d41e9389537321fe6172184665aff0373a693e1202cf807cdba41537df9,a7c05d41e9389537321fe6172184665aff0373a693e1202cf807cdba41537df9,byte-identical
results/machine_readable/formal/selected_policy_distribution.csv,4ea41848eb87f6848c655dcaf5ea6c2dfabe80a3a9dc20e4cc399a9ca3ad6ad6,4ea41848eb87f6848c655dcaf5ea6c2dfabe80a3a9dc20e4cc399a9ca3ad6ad6,byte-identical
results/machine_readable/formal/synthetic_metrics.csv,5b2027ed1cc0b8fe70f9b5b172219346c2eac9cb69f38d8d9646982af9ef5a52,5b2027ed1cc0b8fe70f9b5b172219346c2eac9cb69f38d8d9646982af9ef5a52,byte-identical
results/machine_readable/formal/synthetic_preservation.csv,a789a9e941d7a7a331130e2b52813e575364fa91554a7cd0df983a63e5d2f2be,a789a9e941d7a7a331130e2b52813e575364fa91554a7cd0df983a63e5d2f2be,byte-identical
results/machine_readable/formal/synthetic_variance_ratios.csv,4be86f994a311d8bf540f462d6758331d320bf17520e06d10d9551fcc41030e4,4be86f994a311d8bf540f462d6758331d320bf17520e06d10d9551fcc41030e4,byte-identical
results/machine_readable/formal/variance_diagnostics.csv,b1de5381f583374ef2c439528ac9d4a40c53aa715010581d99539e8e5a992979,b1de5381f583374ef2c439528ac9d4a40c53aa715010581d99539e8e5a992979,byte-identical
results/machine_readable/formal/reference_sets.csv,e8e327e3f3837310b44dbd9a16547c5fbcf6f186af37c89c24c57129fd1a5fb6,e8e327e3f3837310b44dbd9a16547c5fbcf6f186af37c89c24c57129fd1a5fb6,byte-identical
results/machine_readable/formal/reference_truth.csv,f5b6a422442ee92e743d7319bba47b07a9a8f3022a0bd3fe8212ad09f7179bca,f5b6a422442ee92e743d7319bba47b07a9a8f3022a0bd3fe8212ad09f7179bca,byte-identical
results/machine_readable/formal/reference_truth_convergence.csv,0f60e608785dbdf294376b7ece0d79fde93a428ed345197b8bc9d3225eda9a92,0f60e608785dbdf294376b7ece0d79fde93a428ed345197b8bc9d3225eda9a92,byte-identical
results/machine_readable/formal/reference_epsilon_membership_bootstrap.csv,e3375a5e47f030447f4e097e5df025a173d5901174a9c0a76dc660470f8bfa1d,e3375a5e47f030447f4e097e5df025a173d5901174a9c0a76dc660470f8bfa1d,byte-identical
results/machine_readable/formal/reference_metric_uncertainty.csv,4e591a99741fc84f8a858750984aa828234823180b96c67c3e26cbbab8f15627,4e591a99741fc84f8a858750984aa828234823180b96c67c3e26cbbab8f15627,byte-identical
results/machine_readable/formal/reference_rank_distribution.csv,148fbb0c75812c1d729dc8a81f086300419608beefcb6eef1a6fefe2f37cb5c5,148fbb0c75812c1d729dc8a81f086300419608beefcb6eef1a6fefe2f37cb5c5,byte-identical
results/machine_readable/formal/reference_top1_bootstrap_frequency.csv,834b0a7bf6c8fbef500ae659e45d3fcb92717f342df3530e7b5bbd23c7b9e5ef,834b0a7bf6c8fbef500ae659e45d3fcb92717f342df3530e7b5bbd23c7b9e5ef,byte-identical
results/machine_readable/robustness/Table_Sensitivity_1_epsilon_sets.csv,bb9365ec2d21ef6ac95c1124e9c136f255f92a47ace89619a4cc75dd6e834990,bb9365ec2d21ef6ac95c1124e9c136f255f92a47ace89619a4cc75dd6e834990,byte-identical
results/machine_readable/robustness/Table_Sensitivity_2_epsilon_sensitivity_metrics.csv,05eb7d0b8cd1f75ee0503b83844f0e70def7cc3ef258049303c62a2ead2cb215,05eb7d0b8cd1f75ee0503b83844f0e70def7cc3ef258049303c62a2ead2cb215,byte-identical
results/machine_readable/robustness/Table_Sensitivity_3_structural_reference.csv,8c8f6da456169f6525e23a8c9e6585c152c188bd49b064e81113bda76d3735bb,8c8f6da456169f6525e23a8c9e6585c152c188bd49b064e81113bda76d3735bb,byte-identical
results/machine_readable/robustness/Table_Sensitivity_4_structural_performance.csv,6aefb7d3e9fcab675a1154ccd49a67f2b329db3f4ce8235a569020d054a2ec54,6aefb7d3e9fcab675a1154ccd49a67f2b329db3f4ce8235a569020d054a2ec54,byte-identical
results/machine_readable/robustness/Table_Sensitivity_5_CPC_structural_diagnostics.csv,1d43598a8480a4b705ba5edbd1e0badec2813685cdc5de6fdabcfffcc64c4984,1d43598a8480a4b705ba5edbd1e0badec2813685cdc5de6fdabcfffcc64c4984,byte-identical
results/machine_readable/robustness/Table_Sensitivity_6_nonGaussian_stress.csv,3c999716b68ea8e5ff30dc1d8bba7d1bc427f4569af3f2d981c1460d87701ff0,3c999716b68ea8e5ff30dc1d8bba7d1bc427f4569af3f2d981c1460d87701ff0,byte-identical
results/machine_readable/robustness/NONGAUSSIAN_METRICS.csv,87ac2c2f7bd25848a55b17f6aef838d47cd3617eb3ee18be126dd3d8cd028d37,87ac2c2f7bd25848a55b17f6aef838d47cd3617eb3ee18be126dd3d8cd028d37,byte-identical
results/machine_readable/robustness/STRESS_WITH_GAUSSIAN_COMPARATOR.csv,c77c7842513fa258e06dd0a2cd9ba1c115f4ddce86b57da82924ba2a7cb89798,c77c7842513fa258e06dd0a2cd9ba1c115f4ddce86b57da82924ba2a7cb89798,byte-identical
results/main_figures/Fig1_objectives.pdf,f11f388325a74573c9a3c7d4c09598b6a067a43538887670363ebc11ab701eae,f11f388325a74573c9a3c7d4c09598b6a067a43538887670363ebc11ab701eae,byte-identical
results/main_figures/Fig1_objectives.png,90ae59f9e5fa605c95432f6f5041bb10289904b114e6ff2ef3bc52205c356a24,90ae59f9e5fa605c95432f6f5041bb10289904b114e6ff2ef3bc52205c356a24,byte-identical
results/main_figures/Fig1_objectives.svg,be55005a52a9da89a0ab07722be8158eec75ea051158ef50f86ddd7620aacfb6,be55005a52a9da89a0ab07722be8158eec75ea051158ef50f86ddd7620aacfb6,byte-identical
results/main_figures/Fig2_architectures.pdf,d2ca566a8690ad508d09f511a6b9df76d79e7d15192b0a0d096649ce74618237,d2ca566a8690ad508d09f511a6b9df76d79e7d15192b0a0d096649ce74618237,byte-identical
results/main_figures/Fig2_architectures.png,1b1db87add99d0da7c7cd1f2f87cb37b9c486ac797455770edd066fad2dfcc39,1b1db87add99d0da7c7cd1f2f87cb37b9c486ac797455770edd066fad2dfcc39,byte-identical
results/main_figures/Fig2_architectures.svg,0da35a7085cde01ebce17001f652a2aadf17818d507aca7e333a66e85a2fadb6,0da35a7085cde01ebce17001f652a2aadf17818d507aca7e333a66e85a2fadb6,byte-identical
results/main_figures/Fig3_external.pdf,a33889a4fa4a46336ffa33a804c338af208f2129a036f9ad2840b619d328f42c,a33889a4fa4a46336ffa33a804c338af208f2129a036f9ad2840b619d328f42c,byte-identical
results/main_figures/Fig3_external.png,f76c8d06c4904fa0c739ca63f6388ecd0b4700db4eb485b1284948c6eef13205,f76c8d06c4904fa0c739ca63f6388ecd0b4700db4eb485b1284948c6eef13205,byte-identical
results/main_figures/Fig3_external.svg,ba89cd7c115718d91f95baee76ed59676ec7d9bcf98ec41f85ab5aefc7c794c4,ba89cd7c115718d91f95baee76ed59676ec7d9bcf98ec41f85ab5aefc7c794c4,byte-identical
results/main_figures/Fig4_crn.pdf,c25d27b4d5358e96dfe22220a035d37385407f056c9cac6d3757b686dba595a2,c25d27b4d5358e96dfe22220a035d37385407f056c9cac6d3757b686dba595a2,byte-identical
results/main_figures/Fig4_crn.png,1b973a1aa471a5f653c47b663d7dc877ae68f2a66470be9f71cbea85f40ba0a0,1b973a1aa471a5f653c47b663d7dc877ae68f2a66470be9f71cbea85f40ba0a0,byte-identical
results/main_figures/Fig4_crn.svg,d886cda955f65123e80f712bec98a6a74201a68d6903c8d2fc36036b5ce2313d,d886cda955f65123e80f712bec98a6a74201a68d6903c8d2fc36036b5ce2313d,byte-identical
results/main_figures/Fig5_recommendation.pdf,81049e80cbb63a54a435f182364c5c760723756a05e9b6a8dd8648c663ea0d23,81049e80cbb63a54a435f182364c5c760723756a05e9b6a8dd8648c663ea0d23,byte-identical
results/main_figures/Fig5_recommendation.png,f20678340b65bee96da91992ec9100ea84965fa63f03f1e747ba0cf13c4c8b12,f20678340b65bee96da91992ec9100ea84965fa63f03f1e747ba0cf13c4c8b12,byte-identical
results/main_figures/Fig5_recommendation.svg,a4df423e202e9af4c36a5af568a5a9836c189d2acd1330906323be52c41358fd,a4df423e202e9af4c36a5af568a5a9836c189d2acd1330906323be52c41358fd,byte-identical
results/main_figures/Fig6_epsilon.pdf,fa91549c8854a142a85dc15a12ad5d703ecf1710db6599a9aef18697120bf60b,fa91549c8854a142a85dc15a12ad5d703ecf1710db6599a9aef18697120bf60b,byte-identical
results/main_figures/Fig6_epsilon.png,f5e2047a447490408b0eae498bde5537f9361cf43615e046b20ad1225c843107,f5e2047a447490408b0eae498bde5537f9361cf43615e046b20ad1225c843107,byte-identical
results/main_figures/Fig6_epsilon.svg,07a6fe6d840aaca8943f5b6ad4779b9fcf6f611e1c60fb687105db8e0b24dc35,07a6fe6d840aaca8943f5b6ad4779b9fcf6f611e1c60fb687105db8e0b24dc35,byte-identical
results/main_figures/Fig7_robustness.pdf,80cccc0d97372d231d25b42d2303cff184d2638b9ab14b057cfadbeac5603dff,80cccc0d97372d231d25b42d2303cff184d2638b9ab14b057cfadbeac5603dff,byte-identical
results/main_figures/Fig7_robustness.png,4850adbd9a45154b4aaefcc1759e10f6aca22fb520cecf9d35d827892aad8bd3,4850adbd9a45154b4aaefcc1759e10f6aca22fb520cecf9d35d827892aad8bd3,byte-identical
results/main_figures/Fig7_robustness.svg,7bddff0ef3323953146d1b578ce6ac264baa699d59c8f6932d20a01259af72f3,7bddff0ef3323953146d1b578ce6ac264baa699d59c8f6932d20a01259af72f3,byte-identical
results/main_tables/Table1_methods.tex,3106d76cdec9508b10057092f943ef8b2979a2562e753173389473c1e7b76ce9,3106d76cdec9508b10057092f943ef8b2979a2562e753173389473c1e7b76ce9,byte-identical
results/main_tables/Table2_design.tex,d342b5b1427b13e313139efea87de7e1caa30767df2095aab31da7af3fd490af,d342b5b1427b13e313139efea87de7e1caa30767df2095aab31da7af3fd490af,byte-identical
results/main_tables/Table3_external.tex,969312e710a4073a5dfbe210f05e5af24fd0b8db447ba7be07cfac295af9f4ba,969312e710a4073a5dfbe210f05e5af24fd0b8db447ba7be07cfac295af9f4ba,byte-identical
results/main_tables/Table4_recommendation.tex,921b15dc88fb558bc965f03601ff3f10b6ea66b57576dd74da7cda286eb8c260,921b15dc88fb558bc965f03601ff3f10b6ea66b57576dd74da7cda286eb8c260,byte-identical
results/main_tables/Table5_adverse.tex,3fc250bd74d95207214e34e3d34438e7e80dd279a228f2de25e1e0456c122ba2,3fc250bd74d95207214e34e3d34438e7e80dd279a228f2de25e1e0456c122ba2,byte-identical
data/derived/gaussian_means.csv,4d6bf2f5f3e95423e6cd7cff8e2d5fc987b8c1ba1b95cbb9db80085ead6a2446,4d6bf2f5f3e95423e6cd7cff8e2d5fc987b8c1ba1b95cbb9db80085ead6a2446,byte-identical
data/derived/window_demand_forecasts.csv,86cd8ff3989b5e05131b2eabc42c815d0aa38b26389f23dbb5dfb990d3b176ca,054791fe2aec5b037e9c4f1a9a4d2a439532028723b22db83ef4bde09b46b1ab,exact string column projection; no recalculation; observed/source fields excluded
results/machine_readable/robustness/CPC_EPSILON_DIAGNOSTICS.csv,88763d6c2efbe34f2b4edc33099284ad9171b02ee70e11795d70297077a76f0a,88763d6c2efbe34f2b4edc33099284ad9171b02ee70e11795d70297077a76f0a,byte-identical
results/machine_readable/robustness/EPSILON_MEMBERSHIP.csv,1733c025f68a426991ca2c7610cc4ce605d20689ed82b43518ad2ce2521e0542,1733c025f68a426991ca2c7610cc4ce605d20689ed82b43518ad2ce2521e0542,byte-identical
results/machine_readable/robustness/EPSILON_METRICS.csv,b0e6cd861d8b9ad56b00acd1291d246ab01c20f2567697163f65c033a5032e78,b0e6cd861d8b9ad56b00acd1291d246ab01c20f2567697163f65c033a5032e78,byte-identical
results/machine_readable/robustness/EPSILON_SETS.csv,21a2e73bf308fa64f62ce1d811e18363f86795a9e1cc86dbdd9ad0e03c3a6e6f,21a2e73bf308fa64f62ce1d811e18363f86795a9e1cc86dbdd9ad0e03c3a6e6f,byte-identical
results/machine_readable/robustness/CPC_STRUCTURAL_DIAGNOSTICS.csv,13c8aa311df7c88e350b41cf05bfe38d6c6dfaf88e101caf28dcbbff14301a3f,13c8aa311df7c88e350b41cf05bfe38d6c6dfaf88e101caf28dcbbff14301a3f,byte-identical
results/machine_readable/robustness/FACTOR_SENSITIVITY_SUMMARY.csv,1b04e7ce0ae363f08fddd3ac80c84b9afe1ff55ecf9ee1cf594aa7960472b829,1b04e7ce0ae363f08fddd3ac80c84b9afe1ff55ecf9ee1cf594aa7960472b829,byte-identical
results/machine_readable/robustness/MECHANISM_CONTRASTS.csv,b0005406bd5c29a28b923bf3e6b1007b539964ec289e773c3058267d9ee128ce,b0005406bd5c29a28b923bf3e6b1007b539964ec289e773c3058267d9ee128ce,byte-identical
results/machine_readable/robustness/REFERENCE_CONVERGENCE.csv,41eab0bb03c030da656fbe67ac93b0903283716376c53f7cf6a735ccbb21a272,41eab0bb03c030da656fbe67ac93b0903283716376c53f7cf6a735ccbb21a272,byte-identical
results/machine_readable/robustness/REFERENCE_FINAL.csv,6bda1329cd32e6bb3024c5c50c0ae1a446ce1a59e871bf8b12b3ee7dddba47d0,6bda1329cd32e6bb3024c5c50c0ae1a446ce1a59e871bf8b12b3ee7dddba47d0,byte-identical
results/machine_readable/robustness/REFERENCE_PRECISION.csv,c501c308cbb79e97a04493ab4cf8ca484c0ed1af9bfc968e6f3fad6ea8acdacd,c501c308cbb79e97a04493ab4cf8ca484c0ed1af9bfc968e6f3fad6ea8acdacd,byte-identical
results/machine_readable/robustness/REFERENCE_RANK_CHANGES.csv,3e2a81d4e7d0754ba5cb39f95cadd5a5d7f57d18447266491bc5a115578c6eb5,3e2a81d4e7d0754ba5cb39f95cadd5a5d7f57d18447266491bc5a115578c6eb5,byte-identical
results/machine_readable/robustness/REFERENCE_SETS.csv,5ee7e81850e3048c31ab15fa00a9f9b3c6e8d2bbb2aefdd78720f2cd78238353,5ee7e81850e3048c31ab15fa00a9f9b3c6e8d2bbb2aefdd78720f2cd78238353,byte-identical
results/machine_readable/robustness/SCENARIO_BASELINE_CONTRASTS.csv,9a783bb7063784c04b16c6c4cd9b54e7d03cb23bdf3643b02147fcbde4534c9b,9a783bb7063784c04b16c6c4cd9b54e7d03cb23bdf3643b02147fcbde4534c9b,byte-identical
results/machine_readable/robustness/SELECTED_POLICY_DISTRIBUTION.csv,2c76a609244d9156b2b66576258f5aae7c0736433b6647656ccaf757fada2cc7,2c76a609244d9156b2b66576258f5aae7c0736433b6647656ccaf757fada2cc7,byte-identical
results/machine_readable/robustness/STRUCTURAL_METRICS.csv,e9b1049a0dcb39a3111fb872bfe3c8f6b04a4bf7efe020a90ba498485bb78386,e9b1049a0dcb39a3111fb872bfe3c8f6b04a4bf7efe020a90ba498485bb78386,byte-identical
