display,machine_readable_inputs,generating_script,configuration,seed_or_reference_source,selection_and_units
Table 1,results/machine_readable/main_table_rows/Table1_methods.csv,scripts/reproduce_main_tables.py,configs/formal_experiments/design.json;configs/external_comparators/design.json,src/screening/cpc.py;src/baselines/fixed_sample.py,Conceptual method taxonomy; no stochastic seed applies
Table 2,results/machine_readable/main_table_rows/Table2_design.csv,scripts/reproduce_main_tables.py,configs/formal_experiments/design.json;configs/robustness/design.json;configs/external_comparators/design.json,reproducibility/seeds/namespaces.json;results/machine_readable/formal/reference_truth.csv,Design counts and reference strata
Table 3,results/machine_readable/external/summary_table.csv,scripts/reproduce_main_tables.py,configs/external_comparators/design.json,reproducibility/seeds/namespaces.json;results/machine_readable/formal/reference_truth.csv,All non-Uniform rows; rounded source means/intervals; G2 OFF CPC power is an identification bound
Table 4,results/machine_readable/formal/formal_metrics.csv,scripts/reproduce_main_tables.py,configs/formal_experiments/design.json,reproducibility/seeds/namespaces.json;results/machine_readable/formal/reference_truth.csv,CRN OFF; Uniform/SH/SR/OCBA/adaptive CPC; percent PGS and million-unit EOC
Table 5,results/machine_readable/main_table_rows/Table5_adverse.csv;results/machine_readable/external/summary_table.csv;results/machine_readable/formal/formal_metrics.csv;results/machine_readable/robustness/Table_Sensitivity_2_epsilon_sensitivity_metrics.csv;results/machine_readable/robustness/Table_Sensitivity_3_structural_reference.csv;results/machine_readable/robustness/STRESS_WITH_GAUSSIAN_COMPARATOR.csv,scripts/reproduce_main_tables.py,configs/formal_experiments/design.json;configs/robustness/design.json;configs/external_comparators/design.json,reproducibility/seeds/namespaces.json;results/machine_readable/formal/reference_truth.csv,Editorial adverse-evidence rows; numerical sources retained
Figure 1,results/machine_readable/main_table_rows/Table1_methods.csv,scripts/reproduce_main_figures.py,configs/formal_experiments/design.json,src/metrics/selection.py,Conceptual objectives diagram; no sampled curve or seed
Figure 2,results/machine_readable/main_table_rows/Table1_methods.csv,scripts/reproduce_main_figures.py,configs/formal_experiments/design.json;configs/external_comparators/design.json,src/screening/cpc.py;src/baselines/fixed_sample.py,Conceptual allocation/evidence taxonomy; no sampled curve or seed
Figure 3,results/machine_readable/external/summary_table.csv,scripts/reproduce_main_figures.py,configs/external_comparators/design.json,reproducibility/seeds/namespaces.json;results/machine_readable/formal/reference_truth.csv,"All non-Uniform external rows; means, marginal intervals and preservation labels"
Figure 4,results/machine_readable/external/summary_table.csv;results/machine_readable/formal/variance_diagnostics.csv,scripts/reproduce_main_figures.py,configs/external_comparators/design.json;configs/formal_experiments/design.json,reproducibility/seeds/namespaces.json;results/machine_readable/formal/reference_truth.csv,Three pair-specific VRRs and external ON marginal screening powers
Figure 5,results/machine_readable/formal/formal_metrics.csv,scripts/reproduce_main_figures.py,configs/formal_experiments/design.json,reproducibility/seeds/namespaces.json;results/machine_readable/formal/reference_truth.csv,"All six methods and both modes; PGS percent, EOC in million proxy units"
Figure 6,results/machine_readable/robustness/Table_Sensitivity_2_epsilon_sensitivity_metrics.csv,scripts/reproduce_main_figures.py,configs/robustness/design.json,reproducibility/seeds/namespaces.json;results/machine_readable/formal/reference_truth.csv,"Adaptive CPC only; tolerances 0.25%, 0.50%, 1.00%; active size at budget 512"
Figure 7,results/machine_readable/robustness/Table_Sensitivity_3_structural_reference.csv;results/machine_readable/robustness/STRESS_WITH_GAUSSIAN_COMPARATOR.csv,scripts/reproduce_main_figures.py,configs/robustness/design.json,reproducibility/seeds/namespaces.json;results/machine_readable/formal/reference_truth.csv,Largest nref per structural scenario; known-mean stress at budget 256
