Budget,Method,PGS (\%) [95\% CI],EOC [95\% CI]
256,Uniform,"83.00 [78.34, 86.83]","0.705 [0.614, 0.796]"
256,SH,"97.00 [94.40, 98.41]","0.380 [0.327, 0.433]"
256,SR,"93.67 [90.32, 95.91]","0.427 [0.363, 0.490]"
256,OCBA,"95.00 [91.92, 96.95]","0.435 [0.370, 0.500]"
256,CPC,"83.00 [78.34, 86.83]","0.725 [0.638, 0.811]"
512,Uniform,"90.67 [86.84, 93.46]","0.559 [0.492, 0.626]"
512,SH,"99.33 [97.60, 99.82]","0.202 [0.163, 0.241]"
512,SR,"99.00 [97.10, 99.66]","0.228 [0.187, 0.269]"
512,OCBA,"100.00 [98.74, 100.00]","0.214 [0.175, 0.252]"
512,CPC,"91.33 [87.60, 94.02]","0.522 [0.456, 0.588]"
1024,Uniform,"97.67 [95.26, 98.87]","0.382 [0.328, 0.437]"
1024,SH,"100.00 [98.74, 100.00]","0.093 [0.067, 0.119]"
1024,SR,"100.00 [98.74, 100.00]","0.124 [0.095, 0.153]"
1024,OCBA,"100.00 [98.74, 100.00]","0.101 [0.073, 0.128]"
1024,CPC,"97.00 [94.40, 98.41]","0.350 [0.296, 0.403]"
