Setting,Method,Preserved,Mean active [95\% CI],Mean power
G2 OFF,DSTTB,1000/1000,"18.786 [18.653, 18.916]",0.472
G2 OFF,CPC,998/1000,"21.669 [21.416, 21.926]","[0.368679, 0.368893]"
G2 ON,B1,1000/1000,"20.418 [20.238, 20.597]",0.414
G2 ON,B2,1000/1000,"9.303 [9.248, 9.360]",0.811
G2 ON,CPC,1000/1000,"10.849 [10.759, 10.936]",0.755
WNBA OFF,DSTTB,200/200,"24.890 [24.675, 25.100]",0.254
WNBA OFF,CPC,200/200,"25.205 [24.895, 25.495]",0.243
WNBA ON,B1,200/200,"25.735 [25.540, 25.900]",0.224
WNBA ON,B2,200/200,"5.060 [4.980, 5.135]",0.962
WNBA ON,CPC,200/200,"5.270 [5.175, 5.370]",0.955
